name	filepath	source	rig	type	channels
7Hz Salnotes Zero	in-ear/7Hz Salnotes Zero.csv	Auriculares Argentina	711	in-ear	1
DUNU Titan S	in-ear/DUNU Titan S.csv	Auriculares Argentina	711	in-ear	1
EPZ Q5 Pro	in-ear/EPZ Q5 Pro.csv	Auriculares Argentina	KB501x + 711	in-ear	1
EPZ Q5	in-ear/EPZ Q5.csv	Auriculares Argentina	KB501x + 711	in-ear	1
Etymotic ER2SE	in-ear/Etymotic ER2SE.csv	Auriculares Argentina	711	in-ear	1
Final Audio E1000	in-ear/Final Audio E1000.csv	Auriculares Argentina	711	in-ear	1
Haylou Moripods	in-ear/Haylou Moripods.csv	Auriculares Argentina	711	in-ear	1
Kiwi Ears KE4	in-ear/Kiwi Ears KE4.csv	Auriculares Argentina	KB501x + 711	in-ear	2
KZ ZSN Pro	in-ear/KZ ZSN Pro.csv	Auriculares Argentina	711	in-ear	1
Moondrop Aria Snow Edition	in-ear/Moondrop Aria Snow Edition.csv	Auriculares Argentina	711	in-ear	1
Simgot Audio EA500 (black nozzle)	in-ear/Simgot Audio EA500 (black nozzle).csv	Auriculares Argentina	KB501x + 711	in-ear	1
Simgot Audio EM6L	in-ear/Simgot Audio EM6L.csv	Auriculares Argentina	KB501x + 711	in-ear	1
Sony WF-1000XM4	in-ear/Sony WF-1000XM4.csv	Auriculares Argentina	711	in-ear	1
Tin HiFi T2	in-ear/Tin HiFi T2.csv	Auriculares Argentina	711	in-ear	1
Truthear x Crinacle Zero RED	in-ear/Truthear x Crinacle Zero RED.csv	Auriculares Argentina	KB501x + 711	in-ear	1
AKG K52	over-ear/AKG K52.csv	Auriculares Argentina	KB501x + 711	over-ear	1
AKG K612 Pro	over-ear/AKG K612 Pro.csv	Auriculares Argentina	KB501x + 711	over-ear	1
AKG K701	over-ear/AKG K701.csv	Auriculares Argentina	KB501x + 711	over-ear	1
AKG K702	over-ear/AKG K702.csv	Auriculares Argentina	KB501x + 711	over-ear	1
Audeze LCD-X	over-ear/Audeze LCD-X.csv	Auriculares Argentina	KB501x + 711	over-ear	1
Audient EVO SR2000	over-ear/Audient EVO SR2000.csv	Auriculares Argentina	KB501x + 711	over-ear	1
Audio-Technica ATH-M40x	over-ear/Audio-Technica ATH-M40x.csv	Auriculares Argentina	KB501x + 711	over-ear	1
Audio-Technica ATH-M50x	over-ear/Audio-Technica ATH-M50x.csv	Auriculares Argentina	KB501x + 711	over-ear	1
Audio-Technica ATH-R70x	over-ear/Audio-Technica ATH-R70x.csv	Auriculares Argentina	KB501x + 711	over-ear	1
AUNE AR5000	over-ear/AUNE AR5000.csv	Auriculares Argentina	KB501x + 711	over-ear	1
Beats Studio3 Wireless	over-ear/Beats Studio3 Wireless.csv	Auriculares Argentina	KB501x + 711	over-ear	1
Behringer HC 200	over-ear/Behringer HC 200.csv	Auriculares Argentina	KB501x + 711	over-ear	1
Beyerdynamic DT 770 Pro (250 Ohm)	over-ear/Beyerdynamic DT 770 Pro (250 Ohm).csv	Auriculares Argentina	KB501x + 711	over-ear	1
Beyerdynamic DT 770 Pro (80 Ohm)	over-ear/Beyerdynamic DT 770 Pro (80 Ohm).csv	Auriculares Argentina	KB501x + 711	over-ear	1
Beyerdynamic DT 770 Pro	over-ear/Beyerdynamic DT 770 Pro.csv	Auriculares Argentina	KB501x + 711	over-ear	1
Beyerdynamic DT 880 (250 Ohm)	over-ear/Beyerdynamic DT 880 (250 Ohm).csv	Auriculares Argentina	KB501x + 711	over-ear	1
Beyerdynamic DT 880	over-ear/Beyerdynamic DT 880.csv	Auriculares Argentina	KB501x + 711	over-ear	1
Beyerdynamic DT 990 Pro (250 Ohm)	over-ear/Beyerdynamic DT 990 Pro (250 Ohm).csv	Auriculares Argentina	KB501x + 711	over-ear	1
Beyerdynamic DT 990 Pro Black Edition	over-ear/Beyerdynamic DT 990 Pro Black Edition.csv	Auriculares Argentina	KB501x + 711	over-ear	1
Beyerdynamic DT 990 Pro	over-ear/Beyerdynamic DT 990 Pro.csv	Auriculares Argentina	KB501x + 711	over-ear	1
Fifine Ampligame H3	over-ear/Fifine Ampligame H3.csv	Auriculares Argentina	KB501x + 711	over-ear	1
Fifine Ampligame H6 (game)	over-ear/Fifine Ampligame H6 (game).csv	Auriculares Argentina	KB501x + 711	over-ear	1
Fifine Ampligame H6 (movie)	over-ear/Fifine Ampligame H6 (movie).csv	Auriculares Argentina	KB501x + 711	over-ear	1
Fifine Ampligame H6 (music)	over-ear/Fifine Ampligame H6 (music).csv	Auriculares Argentina	KB501x + 711	over-ear	1
Focal Listen Professional	over-ear/Focal Listen Professional.csv	Auriculares Argentina	KB501x + 711	over-ear	1
Grado RS1x	over-ear/Grado RS1x.csv	Auriculares Argentina	KB501x + 711	over-ear	1
Grado SR325x	over-ear/Grado SR325x.csv	Auriculares Argentina	KB501x + 711	over-ear	1
Grado SR60e	over-ear/Grado SR60e.csv	Auriculares Argentina	KB501x + 711	over-ear	1
Grado SR60x	over-ear/Grado SR60x.csv	Auriculares Argentina	KB501x + 711	over-ear	1
HarmonicDyne Black Hole	over-ear/HarmonicDyne Black Hole.csv	Auriculares Argentina	KB501x + 711	over-ear	1
HarmonicDyne Zeus Elite	over-ear/HarmonicDyne Zeus Elite.csv	Auriculares Argentina	KB501x + 711	over-ear	1
HEDD HEDDphone	over-ear/HEDD HEDDphone.csv	Auriculares Argentina	KB501x + 711	over-ear	1
HIFIMAN Ananda	over-ear/HIFIMAN Ananda.csv	Auriculares Argentina	KB501x + 711	over-ear	1
HIFIMAN Arya	over-ear/HIFIMAN Arya.csv	Auriculares Argentina	KB501x + 711	over-ear	1
HIFIMAN Deva Pro	over-ear/HIFIMAN Deva Pro.csv	Auriculares Argentina	KB501x + 711	over-ear	1
HIFIMAN HE-R9	over-ear/HIFIMAN HE-R9.csv	Auriculares Argentina	KB501x + 711	over-ear	1
HIFIMAN HE400se	over-ear/HIFIMAN HE400se.csv	Auriculares Argentina	KB501x + 711	over-ear	1
HIFIMAN Sundara (post-2020 earpads)	over-ear/HIFIMAN Sundara (post-2020 earpads).csv	Auriculares Argentina	KB501x + 711	over-ear	1
HIFIMAN Sundara Closed-Back	over-ear/HIFIMAN Sundara Closed-Back.csv	Auriculares Argentina	KB501x + 711	over-ear	1
Kiwi Ears Division	over-ear/Kiwi Ears Division.csv	Auriculares Argentina	KB501x + 711	over-ear	1
Koss Porta Pro (Yaxi earpads)	over-ear/Koss Porta Pro (Yaxi earpads).csv	Auriculares Argentina	KB501x + 711	over-ear	1
Meze 99 Classics	over-ear/Meze 99 Classics.csv	Auriculares Argentina	KB501x + 711	over-ear	1
Meze 99 Neo	over-ear/Meze 99 Neo.csv	Auriculares Argentina	KB501x + 711	over-ear	1
Neumann NDH20	over-ear/Neumann NDH20.csv	Auriculares Argentina	KB501x + 711	over-ear	1
Neumann NDH30	over-ear/Neumann NDH30.csv	Auriculares Argentina	KB501x + 711	over-ear	1
Philips Fidelio X2HR	over-ear/Philips Fidelio X2HR.csv	Auriculares Argentina	KB501x + 711	over-ear	1
Philips SHP9500	over-ear/Philips SHP9500.csv	Auriculares Argentina	KB501x + 711	over-ear	1
Rose Technics North Forest	over-ear/Rose Technics North Forest.csv	Auriculares Argentina	KB501x + 711	over-ear	1
Sendy Aiva	over-ear/Sendy Aiva.csv	Auriculares Argentina	KB501x + 711	over-ear	1
Sennheiser HD 280 Pro	over-ear/Sennheiser HD 280 Pro.csv	Auriculares Argentina	KB501x + 711	over-ear	1
Sennheiser HD 400 Pro	over-ear/Sennheiser HD 400 Pro.csv	Auriculares Argentina	KB501x + 711	over-ear	1
Sennheiser HD 558	over-ear/Sennheiser HD 558.csv	Auriculares Argentina	KB501x + 711	over-ear	1
Sennheiser HD 560S	over-ear/Sennheiser HD 560S.csv	Auriculares Argentina	KB501x + 711	over-ear	1
Sennheiser HD 58X	over-ear/Sennheiser HD 58X.csv	Auriculares Argentina	KB501x + 711	over-ear	1
Sennheiser HD 600	over-ear/Sennheiser HD 600.csv	Auriculares Argentina	KB501x + 711	over-ear	1
Sennheiser HD 650	over-ear/Sennheiser HD 650.csv	Auriculares Argentina	KB501x + 711	over-ear	1
Sennheiser HD 6XX	over-ear/Sennheiser HD 6XX.csv	Auriculares Argentina	KB501x + 711	over-ear	1
Sennheiser HD 800 S	over-ear/Sennheiser HD 800 S.csv	Auriculares Argentina	KB501x + 711	over-ear	1
Shure SRH1840	over-ear/Shure SRH1840.csv	Auriculares Argentina	KB501x + 711	over-ear	1
Shure SRH440	over-ear/Shure SRH440.csv	Auriculares Argentina	KB501x + 711	over-ear	1
Sivga Anser	over-ear/Sivga Anser.csv	Auriculares Argentina	KB501x + 711	over-ear	1
Sivga Audio Robin	over-ear/Sivga Audio Robin.csv	Auriculares Argentina	KB501x + 711	over-ear	1
Sivga Luan	over-ear/Sivga Luan.csv	Auriculares Argentina	KB501x + 711	over-ear	1
Sivga Oriole	over-ear/Sivga Oriole.csv	Auriculares Argentina	KB501x + 711	over-ear	1
Sivga P2 Pro	over-ear/Sivga P2 Pro.csv	Auriculares Argentina	KB501x + 711	over-ear	1
Skullcandy Crusher Wireless (bass boost)	over-ear/Skullcandy Crusher Wireless (bass boost).csv	Auriculares Argentina	KB501x + 711	over-ear	1
Skullcandy Crusher Wireless	over-ear/Skullcandy Crusher Wireless.csv	Auriculares Argentina	KB501x + 711	over-ear	1
Sony MDR-ZX110	over-ear/Sony MDR-ZX110.csv	Auriculares Argentina	KB501x + 711	over-ear	1
ThieAudio ghost	over-ear/ThieAudio ghost.csv	Auriculares Argentina	KB501x + 711	over-ear	1
BASN Bmaster5	in-ear/BASN Bmaster5.csv	Bakkwatan	711	in-ear	1
BLON x HBB Z300	in-ear/BLON x HBB Z300.csv	Bakkwatan	711	in-ear	1
DUNU SA6 Ultra (atmospheric immersion mode)	in-ear/DUNU SA6 Ultra (atmospheric immersion mode).csv	Bakkwatan	711	in-ear	1
DUNU SA6 Ultra (default mode)	in-ear/DUNU SA6 Ultra (default mode).csv	Bakkwatan	711	in-ear	1
EPZ Q1	in-ear/EPZ Q1.csv	Bakkwatan	711	in-ear	1
Juzear 41T	in-ear/Juzear 41T.csv	Bakkwatan	711	in-ear	1
Juzear 51T	in-ear/Juzear 51T.csv	Bakkwatan	711	in-ear	1
Kiwi Ears Cadenza	in-ear/Kiwi Ears Cadenza.csv	Bakkwatan	711	in-ear	1
Kiwi Ears Dolce	in-ear/Kiwi Ears Dolce.csv	Bakkwatan	711	in-ear	1
Kiwi Ears Orchestra Lite	in-ear/Kiwi Ears Orchestra Lite.csv	Bakkwatan	711	in-ear	1
Kiwi Ears Quartet (off-off)	in-ear/Kiwi Ears Quartet (off-off).csv	Bakkwatan	711	in-ear	1
Kiwi Ears Quartet (off-on)	in-ear/Kiwi Ears Quartet (off-on).csv	Bakkwatan	711	in-ear	1
Kiwi Ears Quartet (on-off)	in-ear/Kiwi Ears Quartet (on-off).csv	Bakkwatan	711	in-ear	1
Kiwi Ears Quartet (on-on)	in-ear/Kiwi Ears Quartet (on-on).csv	Bakkwatan	711	in-ear	1
KZ x HBB PR2	in-ear/KZ x HBB PR2.csv	Bakkwatan	711	in-ear	1
MiM Audio Dark Magician	in-ear/MiM Audio Dark Magician.csv	Bakkwatan	711	in-ear	1
Moondrop Aria	in-ear/Moondrop Aria.csv	Bakkwatan	711	in-ear	1
Moondrop Blessing 3	in-ear/Moondrop Blessing 3.csv	Bakkwatan	711	in-ear	1
Moondrop Quarks DSP	in-ear/Moondrop Quarks DSP.csv	Bakkwatan	711	in-ear	1
Moondrop x Crinacle Blessing2 Dusk	in-ear/Moondrop x Crinacle Blessing2 Dusk.csv	Bakkwatan	711	in-ear	1
Sennheiser IE 200	in-ear/Sennheiser IE 200.csv	Bakkwatan	711	in-ear	1
Shuoer EJ07M Kinda Lava Edition	in-ear/Shuoer EJ07M Kinda Lava Edition.csv	Bakkwatan	711	in-ear	1
Shuoer Galileo	in-ear/Shuoer Galileo.csv	Bakkwatan	711	in-ear	1
Tanchjim HANA 2021	in-ear/Tanchjim HANA 2021.csv	Bakkwatan	711	in-ear	1
TANGZU Princess Chang Le	in-ear/TANGZU Princess Chang Le.csv	Bakkwatan	711	in-ear	1
TANGZU Wan'er S.G	in-ear/TANGZU Wan'er S.G.csv	Bakkwatan	711	in-ear	1
TANGZU x HBB Zetian Wu Heyday Edition	in-ear/TANGZU x HBB Zetian Wu Heyday Edition.csv	Bakkwatan	711	in-ear	1
TANGZU x SeeAudio Shimin Li Encounter Edition	in-ear/TANGZU x SeeAudio Shimin Li Encounter Edition.csv	Bakkwatan	711	in-ear	1
TANGZU Zetian Wu	in-ear/TANGZU Zetian Wu.csv	Bakkwatan	711	in-ear	1
ThieAudio Hype 2	in-ear/ThieAudio Hype 2.csv	Bakkwatan	711	in-ear	1
ThieAudio Monarch MKIII	in-ear/ThieAudio Monarch MKIII.csv	Bakkwatan	711	in-ear	1
ThieAudio Oracle MKII	in-ear/ThieAudio Oracle MKII.csv	Bakkwatan	711	in-ear	1
ThieAudio Prestige LTD	in-ear/ThieAudio Prestige LTD.csv	Bakkwatan	711	in-ear	1
Tripowin Olina SE	in-ear/Tripowin Olina SE.csv	Bakkwatan	711	in-ear	1
Tripowin Piccolo	in-ear/Tripowin Piccolo.csv	Bakkwatan	711	in-ear	1
Truthear Hexa	in-ear/Truthear Hexa.csv	Bakkwatan	711	in-ear	1
Truthear x Crinacle Zero RED (Bass+)	in-ear/Truthear x Crinacle Zero RED (Bass+).csv	Bakkwatan	711	in-ear	1
Truthear x Crinacle Zero RED	in-ear/Truthear x Crinacle Zero RED (Bakkwatan).csv	Bakkwatan	711	in-ear	1
Xenns Mangird Top	in-ear/Xenns Mangird Top.csv	Bakkwatan	711	in-ear	1
Yanyin Moonlight (2023 version)	in-ear/Yanyin Moonlight (2023 version).csv	Bakkwatan	711	in-ear	1
1MORE ComfoBuds Mini	in-ear/1MORE ComfoBuds Mini.csv	DHRME	711	in-ear	1
Anker Liberty 4 Pro	in-ear/Anker Liberty 4 Pro.csv	DHRME	711	in-ear	1
Anker Liberty 5	in-ear/Anker Liberty 5.csv	DHRME	711	in-ear	1
Anker Soundcore Liberty 4 NC	in-ear/Anker Soundcore Liberty 4 NC.csv	DHRME	711	in-ear	1
Anker Soundcore Sleep A20	in-ear/Anker Soundcore Sleep A20.csv	DHRME	711	in-ear	1
Bang & Olufsen BeoPlay Ex	in-ear/Bang & Olufsen BeoPlay Ex.csv	DHRME	711	in-ear	1
Beats PowerBeats Pro 2	in-ear/Beats PowerBeats Pro 2.csv	DHRME	711	in-ear	1
Beyerdynamic Amiron 100 (eq off)	in-ear/Beyerdynamic Amiron 100 (eq off).csv	DHRME	711	in-ear	1
Beyerdynamic Amiron 300 (eq off, ANC Max)	in-ear/Beyerdynamic Amiron 300 (eq off, ANC Max).csv	DHRME	711	in-ear	1
Bose QuietComfort EarBuds 2024	in-ear/Bose QuietComfort EarBuds 2024.csv	DHRME	711	in-ear	1
Bose QuietComfort Ultra Earbuds	in-ear/Bose QuietComfort Ultra Earbuds.csv	DHRME	711	in-ear	1
Bowers & Wilkins Pi7 S2 (ANC Off)	in-ear/Bowers & Wilkins Pi7 S2 (ANC Off).csv	DHRME	711	in-ear	1
Bowers & Wilkins Pi7 S2 (ANC On)	in-ear/Bowers & Wilkins Pi7 S2 (ANC On).csv	DHRME	711	in-ear	1
Bowers & Wilkins Pi8	in-ear/Bowers & Wilkins Pi8.csv	DHRME	711	in-ear	1
Cambridge Audio Melomania M100 (foam eartips)	in-ear/Cambridge Audio Melomania M100 (foam eartips).csv	DHRME	711	in-ear	1
Cambridge Audio Melomania M100 (silicone eartips)	in-ear/Cambridge Audio Melomania M100 (silicone eartips).csv	DHRME	711	in-ear	1
Campfire Audio Orbit	in-ear/Campfire Audio Orbit.csv	DHRME	711	in-ear	1
CMF by Nothing Buds Pro (ANC on, balanced EQ)	in-ear/CMF by Nothing Buds Pro (ANC on, balanced EQ).csv	DHRME	711	in-ear	1
Creative Labs Aurvana Ace 2 (ANC off, flat eq)	in-ear/Creative Labs Aurvana Ace 2 (ANC off, flat eq).csv	DHRME	711	in-ear	1
Creative Labs Aurvana Ace 2 (ANC on, flat eq)	in-ear/Creative Labs Aurvana Ace 2 (ANC on, flat eq).csv	DHRME	711	in-ear	1
Denon Perl Pro (ANC On, flat eq)	in-ear/Denon Perl Pro (ANC On, flat eq).csv	DHRME	711	in-ear	1
EarFun Air 2 NC	in-ear/EarFun Air 2 NC.csv	DHRME	711	in-ear	1
EarFun Air Pro 2 (A eartips)	in-ear/EarFun Air Pro 2 (A eartips).csv	DHRME	711	in-ear	1
EarFun Air Pro 2 (B eartips)	in-ear/EarFun Air Pro 2 (B eartips).csv	DHRME	711	in-ear	1
EarFun Air Pro 3 (ANC noise cancelling, default EQ)	in-ear/EarFun Air Pro 3 (ANC noise cancelling, default EQ).csv	DHRME	711	in-ear	1
EarFun Air Pro 3 (ANC normal, default EQ)	in-ear/EarFun Air Pro 3 (ANC normal, default EQ).csv	DHRME	711	in-ear	1
EarFun Air Pro 3	in-ear/EarFun Air Pro 3.csv	DHRME	711	in-ear	1
EarFun EH100 (black ring)	in-ear/EarFun EH100 (black ring).csv	DHRME	711	in-ear	1
EarFun EH100 (red ring)	in-ear/EarFun EH100 (red ring).csv	DHRME	711	in-ear	1
EarFun Free Pro 3 (ANC off, default EQ)	in-ear/EarFun Free Pro 3 (ANC off, default EQ).csv	DHRME	711	in-ear	1
EarFun Free Pro	in-ear/EarFun Free Pro.csv	DHRME	711	in-ear	1
Edifier NeoBuds Pro 2 (ANC high, classic EQ)	in-ear/Edifier NeoBuds Pro 2 (ANC high, classic EQ).csv	DHRME	711	in-ear	1
Edifier NeoBuds Pro 2 (ANC off, classic EQ)	in-ear/Edifier NeoBuds Pro 2 (ANC off, classic EQ).csv	DHRME	711	in-ear	1
Edifier Stax Spirit S10 (original eq)	in-ear/Edifier Stax Spirit S10 (original eq).csv	DHRME	711	in-ear	1
Fairphone Fairbuds (flat eq, ANC Off)	in-ear/Fairphone Fairbuds (flat eq, ANC Off).csv	DHRME	711	in-ear	1
Fairphone Fairbuds (flat eq, ANC On)	in-ear/Fairphone Fairbuds (flat eq, ANC On).csv	DHRME	711	in-ear	1
Google Pixel Buds Pro 2	in-ear/Google Pixel Buds Pro 2.csv	DHRME	711	in-ear	1
HIFIMAN Svanar (ANC Hifi)	in-ear/HIFIMAN Svanar (ANC Hifi).csv	DHRME	711	in-ear	1
HIFIMAN Svanar (ANC)	in-ear/HIFIMAN Svanar (ANC).csv	DHRME	711	in-ear	1
Huawei Free Buds Pro 3 (ANC max)	in-ear/Huawei Free Buds Pro 3 (ANC max).csv	DHRME	711	in-ear	1
Huawei Free Buds Pro 4 (default eq)	in-ear/Huawei Free Buds Pro 4 (default eq).csv	DHRME	711	in-ear	1
Jabra Elite 10 Gen 2	in-ear/Jabra Elite 10 Gen 2.csv	DHRME	711	in-ear	1
Jabra Elite 10	in-ear/Jabra Elite 10.csv	DHRME	711	in-ear	1
Jabra Elite 4	in-ear/Jabra Elite 4.csv	DHRME	711	in-ear	1
Jabra Elite 5	in-ear/Jabra Elite 5.csv	DHRME	711	in-ear	1
Jabra Elite 8 Active 2	in-ear/Jabra Elite 8 Active 2.csv	DHRME	711	in-ear	1
Jabra Elite 8 Active	in-ear/Jabra Elite 8 Active.csv	DHRME	711	in-ear	1
JBL Tour Pro 3 (eq off)	in-ear/JBL Tour Pro 3 (eq off).csv	DHRME	711	in-ear	1
JLab Audio Epic Lab Edition (JLab Signature eq)	in-ear/JLab Audio Epic Lab Edition (JLab Signature eq).csv	DHRME	711	in-ear	1
KZ Carol	in-ear/KZ Carol.csv	DHRME	711	in-ear	1
KZ VXS Pro	in-ear/KZ VXS Pro.csv	DHRME	711	in-ear	1
KZ VXS	in-ear/KZ VXS.csv	DHRME	711	in-ear	1
Master & Dynamic MW08	in-ear/Master & Dynamic MW08.csv	DHRME	711	in-ear	1
Moondrop Golden Ages (monitor eq)	in-ear/Moondrop Golden Ages (monitor eq).csv	DHRME	711	in-ear	1
Moondrop Space Travel (basshead mode)	in-ear/Moondrop Space Travel (basshead mode).csv	DHRME	711	in-ear	1
Moondrop Space Travel (monitor mode)	in-ear/Moondrop Space Travel (monitor mode).csv	DHRME	711	in-ear	1
Moondrop Space Travel (reference mode)	in-ear/Moondrop Space Travel (reference mode).csv	DHRME	711	in-ear	1
Moondrop x Crinacle DUSK (analog)	in-ear/Moondrop x Crinacle DUSK (analog).csv	DHRME	711	in-ear	1
Moondrop x Crinacle DUSK (Bass+ DSP)	in-ear/Moondrop x Crinacle DUSK (Bass+ DSP).csv	DHRME	711	in-ear	1
Moondrop x Crinacle DUSK (Default DSP)	in-ear/Moondrop x Crinacle DUSK (Default DSP).csv	DHRME	711	in-ear	1
Moondrop x Crinacle DUSK (Diffuse-tilted DSP)	in-ear/Moondrop x Crinacle DUSK (Diffuse-tilted DSP).csv	DHRME	711	in-ear	1
Moondrop x Crinacle DUSK (Harman DSP)	in-ear/Moondrop x Crinacle DUSK (Harman DSP).csv	DHRME	711	in-ear	1
Moondrop x Crinacle DUSK (V DSP)	in-ear/Moondrop x Crinacle DUSK (V DSP).csv	DHRME	711	in-ear	1
Motorola Moto Buds Plus	in-ear/Motorola Moto Buds Plus.csv	DHRME	711	in-ear	1
Noble Audio Fokus Mystique (double flange)	in-ear/Noble Audio Fokus Mystique (double flange).csv	DHRME	711	in-ear	1
Noble Audio Fokus Mystique (single flange)	in-ear/Noble Audio Fokus Mystique (single flange).csv	DHRME	711	in-ear	1
Noble Audio Fokus Mystique	in-ear/Noble Audio Fokus Mystique.csv	DHRME	711	in-ear	1
Nothing ear (1)	in-ear/Nothing ear (1).csv	DHRME	711	in-ear	1
Nothing ear (a)	in-ear/Nothing ear (a).csv	DHRME	711	in-ear	1
Nothing ear	in-ear/Nothing ear.csv	DHRME	711	in-ear	1
OnePlus Buds 3	in-ear/OnePlus Buds 3.csv	DHRME	711	in-ear	1
Oppo Enco X2 (Enco classic preset)	in-ear/Oppo Enco X2 (Enco classic preset).csv	DHRME	711	in-ear	1
Oppo Enco X3i	in-ear/Oppo Enco X3i.csv	DHRME	711	in-ear	1
QCY MeloBuds Pro	in-ear/QCY MeloBuds Pro.csv	DHRME	711	in-ear	1
realme Buds Air6 Pro (Nature Balance eq)	in-ear/realme Buds Air6 Pro (Nature Balance eq).csv	DHRME	711	in-ear	1
Samsung Galaxy Buds FE	in-ear/Samsung Galaxy Buds FE.csv	DHRME	711	in-ear	1
Samsung Galaxy Buds3 Pro	in-ear/Samsung Galaxy Buds3 Pro.csv	DHRME	711	in-ear	1
Sennheiser Accentum TWS	in-ear/Sennheiser Accentum TWS.csv	DHRME	711	in-ear	1
Sennheiser CX Plus True Wireless	in-ear/Sennheiser CX Plus True Wireless.csv	DHRME	711	in-ear	1
Sennheiser Momentum True Wireless 3 (ANC off)	in-ear/Sennheiser Momentum True Wireless 3 (ANC off).csv	DHRME	711	in-ear	1
Sennheiser Momentum True Wireless 3 (ANC on)	in-ear/Sennheiser Momentum True Wireless 3 (ANC on).csv	DHRME	711	in-ear	1
Sennheiser Momentum True Wireless 4 (ANC Off)	in-ear/Sennheiser Momentum True Wireless 4 (ANC Off).csv	DHRME	711	in-ear	1
Sennheiser Momentum True Wireless 4 (ANC On)	in-ear/Sennheiser Momentum True Wireless 4 (ANC On).csv	DHRME	711	in-ear	1
Sony LinkBuds Fit	in-ear/Sony LinkBuds Fit.csv	DHRME	711	in-ear	1
Sony LinkBuds S (ANC Off)	in-ear/Sony LinkBuds S (ANC Off).csv	DHRME	711	in-ear	1
Sony LinkBuds S (ANC on)	in-ear/Sony LinkBuds S (ANC on).csv	DHRME	711	in-ear	1
Sony WF-1000XM5	in-ear/Sony WF-1000XM5.csv	DHRME	711	in-ear	1
SoundPeats Air4 Pro (ANC Off)	in-ear/SoundPeats Air4 Pro (ANC Off).csv	DHRME	711	in-ear	1
SoundPeats Air4 Pro (ANC on)	in-ear/SoundPeats Air4 Pro (ANC on).csv	DHRME	711	in-ear	1
SoundPeats Engine	in-ear/SoundPeats Engine.csv	DHRME	711	in-ear	1
SoundPeats Free 2 Classic	in-ear/SoundPeats Free 2 Classic.csv	DHRME	711	in-ear	1
SoundPeats Mini Pro	in-ear/SoundPeats Mini Pro.csv	DHRME	711	in-ear	1
Status Audio Between 3ANC (ANC Off)	in-ear/Status Audio Between 3ANC (ANC Off).csv	DHRME	711	in-ear	1
Status Audio Between 3ANC (ANC on)	in-ear/Status Audio Between 3ANC (ANC on).csv	DHRME	711	in-ear	1
Technics EAH-AZ100	in-ear/Technics EAH-AZ100.csv	DHRME	711	in-ear	1
Technics EAH-AZ80	in-ear/Technics EAH-AZ80.csv	DHRME	711	in-ear	1
Tin HiFi Tin Buds 3	in-ear/Tin HiFi Tin Buds 3.csv	DHRME	711	in-ear	1
Truthear x Crinacle Zero RED	in-ear/Truthear x Crinacle Zero RED (DHRME).csv	DHRME	711	in-ear	1
Sony WH-CH710N	over-ear/Sony WH-CH710N.csv	DHRME	711	over-ear	1
7Hz Legato	in-ear/7Hz Legato.csv	Fahryst	711	in-ear	1
7Hz Salnotes Zero	in-ear/7Hz Salnotes Zero (Fahryst).csv	Fahryst	711	in-ear	1
7Hz Timeless AE	in-ear/7Hz Timeless AE.csv	Fahryst	711	in-ear	1
7Hz Timeless	in-ear/7Hz Timeless.csv	Fahryst	711	in-ear	1
AFUL Explorer	in-ear/AFUL Explorer.csv	Fahryst	711	in-ear	1
AKG N5005 (bass boost)	in-ear/AKG N5005 (bass boost).csv	Fahryst	711	in-ear	1
AKG N5005 (high)	in-ear/AKG N5005 (high).csv	Fahryst	711	in-ear	1
AKG N5005 (mid high)	in-ear/AKG N5005 (mid high).csv	Fahryst	711	in-ear	1
AKG N5005 (reference)	in-ear/AKG N5005 (reference).csv	Fahryst	711	in-ear	1
Aroma Audio Fei Wan	in-ear/Aroma Audio Fei Wan.csv	Fahryst	711	in-ear	1
Aroma Audio Jewel	in-ear/Aroma Audio Jewel.csv	Fahryst	711	in-ear	1
ARTTI R1	in-ear/ARTTI R1.csv	Fahryst	711	in-ear	1
ARTTI T10	in-ear/ARTTI T10.csv	Fahryst	711	in-ear	1
Astell & Kern x Empire Ears Novus	in-ear/Astell & Kern x Empire Ears Novus.csv	Fahryst	711	in-ear	1
Audiosense AQ4	in-ear/Audiosense AQ4.csv	Fahryst	711	in-ear	1
Audiosense DT600	in-ear/Audiosense DT600.csv	Fahryst	711	in-ear	1
Bang & Olufsen Beoplay H3	in-ear/Bang & Olufsen Beoplay H3.csv	Fahryst	711	in-ear	1
BGVP Scale	in-ear/BGVP Scale.csv	Fahryst	711	in-ear	1
Binary Acoustics x Gizaudio Chopin	in-ear/Binary Acoustics x Gizaudio Chopin.csv	Fahryst	711	in-ear	1
BLON BL-Max	in-ear/BLON BL-Max.csv	Fahryst	711	in-ear	1
BLON x HBB Z300	in-ear/BLON x HBB Z300 (Fahryst).csv	Fahryst	711	in-ear	1
BQEYZ Autumn (bass filter)	in-ear/BQEYZ Autumn (bass filter).csv	Fahryst	711	in-ear	1
BQEYZ Autumn (normal filter)	in-ear/BQEYZ Autumn (normal filter).csv	Fahryst	711	in-ear	1
BQEYZ Autumn (treble filter)	in-ear/BQEYZ Autumn (treble filter).csv	Fahryst	711	in-ear	1
BQEYZ Cloud	in-ear/BQEYZ Cloud.csv	Fahryst	711	in-ear	1
BQEYZ Wind	in-ear/BQEYZ Wind.csv	Fahryst	711	in-ear	1
BQEYZ Winter	in-ear/BQEYZ Winter.csv	Fahryst	711	in-ear	1
Campfire Audio Trifecta	in-ear/Campfire Audio Trifecta.csv	Fahryst	711	in-ear	1
Canpur CP622B	in-ear/Canpur CP622B.csv	Fahryst	711	in-ear	1
CCA CXS	in-ear/CCA CXS.csv	Fahryst	711	in-ear	1
CCZ Warrior	in-ear/CCZ Warrior.csv	Fahryst	711	in-ear	1
Dita Audio Project M	in-ear/Dita Audio Project M.csv	Fahryst	711	in-ear	1
DUNU Kima	in-ear/DUNU Kima.csv	Fahryst	711	in-ear	1
EarAcoustic Audio SPA Hi-End Max	in-ear/EarAcoustic Audio SPA Hi-End Max.csv	Fahryst	711	in-ear	1
EPZ 530	in-ear/EPZ 530.csv	Fahryst	711	in-ear	1
EPZ G20	in-ear/EPZ G20.csv	Fahryst	711	in-ear	1
EPZ K5	in-ear/EPZ K5.csv	Fahryst	711	in-ear	1
EPZ P50	in-ear/EPZ P50.csv	Fahryst	711	in-ear	1
EPZ Q1 Pro	in-ear/EPZ Q1 Pro.csv	Fahryst	711	in-ear	1
EPZ Q5 Pro	in-ear/EPZ Q5 Pro (Fahryst).csv	Fahryst	711	in-ear	1
EPZ Q5	in-ear/EPZ Q5 (Fahryst).csv	Fahryst	711	in-ear	1
Etymotic ER3XR	in-ear/Etymotic ER3XR.csv	Fahryst	711	in-ear	1
FiiO F9	in-ear/FiiO F9.csv	Fahryst	711	in-ear	1
FiiO FD11	in-ear/FiiO FD11.csv	Fahryst	711	in-ear	1
FiiO FDX	in-ear/FiiO FDX.csv	Fahryst	711	in-ear	1
Final Audio E3000	in-ear/Final Audio E3000.csv	Fahryst	711	in-ear	1
Fir Audio Radon 6	in-ear/Fir Audio Radon 6.csv	Fahryst	711	in-ear	1
HAKUGEI Sea-elf	in-ear/HAKUGEI Sea-elf.csv	Fahryst	711	in-ear	1
HiBy x FAudio Project Ace	in-ear/HiBy x FAudio Project Ace.csv	Fahryst	711	in-ear	1
Hidizs MP145 (red nozzle)	in-ear/Hidizs MP145 (red nozzle).csv	Fahryst	711	in-ear	1
Hidizs MP145 (rosegold nozzle)	in-ear/Hidizs MP145 (rosegold nozzle).csv	Fahryst	711	in-ear	1
Hidizs MP145 (silver nozzle)	in-ear/Hidizs MP145 (silver nozzle).csv	Fahryst	711	in-ear	1
Hidizs MS3 (red nozzle)	in-ear/Hidizs MS3 (red nozzle).csv	Fahryst	711	in-ear	1
Hidizs MS3 (rosegold nozzle)	in-ear/Hidizs MS3 (rosegold nozzle).csv	Fahryst	711	in-ear	1
Hidizs MS3 (silver nozzle)	in-ear/Hidizs MS3 (silver nozzle).csv	Fahryst	711	in-ear	1
Hidizs MS5	in-ear/Hidizs MS5.csv	Fahryst	711	in-ear	1
HIFIMAN RE400 (double flange eartips)	in-ear/HIFIMAN RE400 (double flange eartips).csv	Fahryst	711	in-ear	1
IKKO OH10	in-ear/IKKO OH10.csv	Fahryst	711	in-ear	1
IKKO OH1S	in-ear/IKKO OH1S.csv	Fahryst	711	in-ear	1
IKKO OH2	in-ear/IKKO OH2.csv	Fahryst	711	in-ear	1
IKKO OH5	in-ear/IKKO OH5.csv	Fahryst	711	in-ear	1
JVC HA-FD01 (steel nozzle)	in-ear/JVC HA-FD01 (steel nozzle).csv	Fahryst	711	in-ear	1
JVC HA-FD01 (titanium nozzle)	in-ear/JVC HA-FD01 (titanium nozzle).csv	Fahryst	711	in-ear	1
JVC HA-FDX1 (blue)	in-ear/JVC HA-FDX1 (blue).csv	Fahryst	711	in-ear	1
JVC HA-FDX1 (green)	in-ear/JVC HA-FDX1 (green).csv	Fahryst	711	in-ear	1
JVC HA-FDX1 (white)	in-ear/JVC HA-FDX1 (white).csv	Fahryst	711	in-ear	1
JVC HA-FW01	in-ear/JVC HA-FW01.csv	Fahryst	711	in-ear	1
KBEAR Qinglong	in-ear/KBEAR Qinglong.csv	Fahryst	711	in-ear	1
KEFINE Delci	in-ear/KEFINE Delci.csv	Fahryst	711	in-ear	1
KEFINE Klean (black filter)	in-ear/KEFINE Klean (black filter).csv	Fahryst	711	in-ear	1
KEFINE Klean (silver filter)	in-ear/KEFINE Klean (silver filter).csv	Fahryst	711	in-ear	1
Kinera Celest Pandamon	in-ear/Kinera Celest Pandamon.csv	Fahryst	711	in-ear	1
Kinera Celest Plutus Beast	in-ear/Kinera Celest Plutus Beast.csv	Fahryst	711	in-ear	1
Kinera Celest Rue	in-ear/Kinera Celest Rue.csv	Fahryst	711	in-ear	1
Kinera Celest Wyvern Abyss	in-ear/Kinera Celest Wyvern Abyss.csv	Fahryst	711	in-ear	1
Kinera Celest Wyvern Pro	in-ear/Kinera Celest Wyvern Pro.csv	Fahryst	711	in-ear	1
Kinera Freya 2.0	in-ear/Kinera Freya 2.0.csv	Fahryst	711	in-ear	1
KZ D-FI (off-off-off-off)	in-ear/KZ D-FI (off-off-off-off).csv	Fahryst	711	in-ear	1
KZ D-FI (on-off-off-off)	in-ear/KZ D-FI (on-off-off-off).csv	Fahryst	711	in-ear	1
KZ D-FI (on-off-off-on)	in-ear/KZ D-FI (on-off-off-on).csv	Fahryst	711	in-ear	1
KZ D-FI (on-off-on-off)	in-ear/KZ D-FI (on-off-on-off).csv	Fahryst	711	in-ear	1
KZ D-FI (on-off-on-on)	in-ear/KZ D-FI (on-off-on-on).csv	Fahryst	711	in-ear	1
KZ D-FI (on-on-off-off)	in-ear/KZ D-FI (on-on-off-off).csv	Fahryst	711	in-ear	1
KZ D-FI (on-on-off-on)	in-ear/KZ D-FI (on-on-off-on).csv	Fahryst	711	in-ear	1
KZ D-FI (on-on-on-off)	in-ear/KZ D-FI (on-on-on-off).csv	Fahryst	711	in-ear	1
KZ D-FI (on-on-on-on)	in-ear/KZ D-FI (on-on-on-on).csv	Fahryst	711	in-ear	1
KZ EDXS	in-ear/KZ EDXS.csv	Fahryst	711	in-ear	1
KZ PR1	in-ear/KZ PR1.csv	Fahryst	711	in-ear	1
KZ x HBB PR2 (with black mesh)	in-ear/KZ x HBB PR2 (with black mesh).csv	Fahryst	711	in-ear	1
KZ x HBB PR2 (without black mesh)	in-ear/KZ x HBB PR2 (without black mesh).csv	Fahryst	711	in-ear	1
KZ ZVX	in-ear/KZ ZVX.csv	Fahryst	711	in-ear	1
Moondrop Aria Elven Maiden	in-ear/Moondrop Aria Elven Maiden.csv	Fahryst	711	in-ear	1
Moondrop Aria Snow Edition	in-ear/Moondrop Aria Snow Edition (Fahryst).csv	Fahryst	711	in-ear	1
Moondrop Droplet	in-ear/Moondrop Droplet.csv	Fahryst	711	in-ear	1
Moondrop Kato (brass nozzle)	in-ear/Moondrop Kato (brass nozzle).csv	Fahryst	711	in-ear	1
Moondrop Kato (steel nozzle)	in-ear/Moondrop Kato (steel nozzle).csv	Fahryst	711	in-ear	1
Moondrop May (3.5 mm)	in-ear/Moondrop May (3.5 mm).csv	Fahryst	711	in-ear	1
Moondrop Quarks	in-ear/Moondrop Quarks.csv	Fahryst	711	in-ear	1
Moondrop Space Travel (reference mode)	in-ear/Moondrop Space Travel (reference mode) (Fahryst).csv	Fahryst	711	in-ear	1
Moondrop Variations	in-ear/Moondrop Variations.csv	Fahryst	711	in-ear	1
Moritz Dragon	in-ear/Moritz Dragon.csv	Fahryst	711	in-ear	1
NF Audio RG15 (analog)	in-ear/NF Audio RG15 (analog).csv	Fahryst	711	in-ear	1
NF Audio RG15 (USB)	in-ear/NF Audio RG15 (USB).csv	Fahryst	711	in-ear	1
NiceHCK JIALAI Carat	in-ear/NiceHCK JIALAI Carat.csv	Fahryst	711	in-ear	1
Queen of Audio Adonix New	in-ear/Queen of Audio Adonix New.csv	Fahryst	711	in-ear	1
Queen of Audio Gimlet	in-ear/Queen of Audio Gimlet.csv	Fahryst	711	in-ear	1
Sennheiser IE 200	in-ear/Sennheiser IE 200 (Fahryst).csv	Fahryst	711	in-ear	1
Sennheiser IE 600	in-ear/Sennheiser IE 600.csv	Fahryst	711	in-ear	1
SGOR Venus	in-ear/SGOR Venus.csv	Fahryst	711	in-ear	1
Shozy T1	in-ear/Shozy T1.csv	Fahryst	711	in-ear	1
Shozy V33	in-ear/Shozy V33.csv	Fahryst	711	in-ear	1
Shuoer DZ4	in-ear/Shuoer DZ4.csv	Fahryst	711	in-ear	1
Shuoer Galileo	in-ear/Shuoer Galileo (Fahryst).csv	Fahryst	711	in-ear	1
Shuoer S08	in-ear/Shuoer S08.csv	Fahryst	711	in-ear	1
Shuoer S12	in-ear/Shuoer S12.csv	Fahryst	711	in-ear	1
Simgot Audio EA1000 (gold nozzle)	in-ear/Simgot Audio EA1000 (gold nozzle).csv	Fahryst	711	in-ear	1
Simgot Audio EA1000 (silver black nozzle)	in-ear/Simgot Audio EA1000 (silver black nozzle).csv	Fahryst	711	in-ear	1
Simgot Audio EA1000 (silver red nozzle)	in-ear/Simgot Audio EA1000 (silver red nozzle).csv	Fahryst	711	in-ear	1
Simgot Audio EA500 (black nozzle)	in-ear/Simgot Audio EA500 (black nozzle) (Fahryst).csv	Fahryst	711	in-ear	1
Simgot Audio EA500 (Moondrop Kato brass nozzle)	in-ear/Simgot Audio EA500 (Moondrop Kato brass nozzle).csv	Fahryst	711	in-ear	1
Simgot Audio EA500 (Moondrop Kato steel nozzle)	in-ear/Simgot Audio EA500 (Moondrop Kato steel nozzle).csv	Fahryst	711	in-ear	1
Simgot Audio EA500 (red nozzle)	in-ear/Simgot Audio EA500 (red nozzle).csv	Fahryst	711	in-ear	1
Simgot Audio EA500LM (black nozzle)	in-ear/Simgot Audio EA500LM (black nozzle).csv	Fahryst	711	in-ear	1
Simgot Audio EA500LM (gold nozzle)	in-ear/Simgot Audio EA500LM (gold nozzle).csv	Fahryst	711	in-ear	1
Simgot Audio EA500LM (red nozzle)	in-ear/Simgot Audio EA500LM (red nozzle).csv	Fahryst	711	in-ear	1
Simgot Audio EM6L	in-ear/Simgot Audio EM6L (Fahryst).csv	Fahryst	711	in-ear	1
Simgot Audio EW200	in-ear/Simgot Audio EW200.csv	Fahryst	711	in-ear	1
Simgot Audio EW300 (gold)	in-ear/Simgot Audio EW300 (gold).csv	Fahryst	711	in-ear	1
Simgot Audio EW300 (silver)	in-ear/Simgot Audio EW300 (silver).csv	Fahryst	711	in-ear	1
Simgot Audio SuperMix 4	in-ear/Simgot Audio SuperMix 4.csv	Fahryst	711	in-ear	1
SoftEars Twilight	in-ear/SoftEars Twilight.csv	Fahryst	711	in-ear	1
SoundPeats Capsule 3 Pro	in-ear/SoundPeats Capsule 3 Pro.csv	Fahryst	711	in-ear	1
Symphonium Audio Meteor	in-ear/Symphonium Audio Meteor.csv	Fahryst	711	in-ear	1
Tanchjim One DSP	in-ear/Tanchjim One DSP.csv	Fahryst	711	in-ear	1
Tanchjim One	in-ear/Tanchjim One.csv	Fahryst	711	in-ear	1
Tanchjim Tanya	in-ear/Tanchjim Tanya.csv	Fahryst	711	in-ear	1
TANGZU Princess Chang Le	in-ear/TANGZU Princess Chang Le (Fahryst).csv	Fahryst	711	in-ear	1
TANGZU Shimin Li	in-ear/TANGZU Shimin Li.csv	Fahryst	711	in-ear	1
TANGZU Wan'er S.G	in-ear/TANGZU Wan'er S.G (Fahryst).csv	Fahryst	711	in-ear	1
TANGZU x HBB Zetian Wu Heyday Edition	in-ear/TANGZU x HBB Zetian Wu Heyday Edition (Fahryst).csv	Fahryst	711	in-ear	1
TANGZU Yuan Li Dark Force	in-ear/TANGZU Yuan Li Dark Force.csv	Fahryst	711	in-ear	1
TANGZU Zetian Wu	in-ear/TANGZU Zetian Wu (Fahryst).csv	Fahryst	711	in-ear	1
Tansio Mirai (TSMR) X 10th Anniversary (off-off-off)	in-ear/Tansio Mirai (TSMR) X 10th Anniversary (off-off-off).csv	Fahryst	711	in-ear	1
Tansio Mirai (TSMR) X 10th Anniversary (off-off-on)	in-ear/Tansio Mirai (TSMR) X 10th Anniversary (off-off-on).csv	Fahryst	711	in-ear	1
Tansio Mirai (TSMR) X 10th Anniversary (off-on-off)	in-ear/Tansio Mirai (TSMR) X 10th Anniversary (off-on-off).csv	Fahryst	711	in-ear	1
Tansio Mirai (TSMR) X 10th Anniversary (off-on-on)	in-ear/Tansio Mirai (TSMR) X 10th Anniversary (off-on-on).csv	Fahryst	711	in-ear	1
Tansio Mirai (TSMR) X 10th Anniversary (on-off-off)	in-ear/Tansio Mirai (TSMR) X 10th Anniversary (on-off-off).csv	Fahryst	711	in-ear	1
Tansio Mirai (TSMR) X 10th Anniversary (on-off-on)	in-ear/Tansio Mirai (TSMR) X 10th Anniversary (on-off-on).csv	Fahryst	711	in-ear	1
Tansio Mirai (TSMR) X 10th Anniversary (on-on-off)	in-ear/Tansio Mirai (TSMR) X 10th Anniversary (on-on-off).csv	Fahryst	711	in-ear	1
Tansio Mirai (TSMR) X 10th Anniversary (on-on-on)	in-ear/Tansio Mirai (TSMR) X 10th Anniversary (on-on-on).csv	Fahryst	711	in-ear	1
Tin HiFi T2 DLC	in-ear/Tin HiFi T2 DLC.csv	Fahryst	711	in-ear	1
Tin HiFi T2 Evo	in-ear/Tin HiFi T2 Evo.csv	Fahryst	711	in-ear	1
TKZK Ouranos	in-ear/TKZK Ouranos.csv	Fahryst	711	in-ear	1
TRI i ONE	in-ear/TRI i ONE.csv	Fahryst	711	in-ear	1
TRI i3 Pro	in-ear/TRI i3 Pro.csv	Fahryst	711	in-ear	1
Tripowin Olina (Tanchjim Tanya filter)	in-ear/Tripowin Olina (Tanchjim Tanya filter).csv	Fahryst	711	in-ear	1
TRN Conch (black nozzle)	in-ear/TRN Conch (black nozzle).csv	Fahryst	711	in-ear	1
TRN Conch (blue nozzle)	in-ear/TRN Conch (blue nozzle).csv	Fahryst	711	in-ear	1
TRN Conch (red nozzle)	in-ear/TRN Conch (red nozzle).csv	Fahryst	711	in-ear	1
TRN CS4	in-ear/TRN CS4.csv	Fahryst	711	in-ear	1
Truthear Gate	in-ear/Truthear Gate.csv	Fahryst	711	in-ear	1
Truthear Hexa	in-ear/Truthear Hexa (Fahryst).csv	Fahryst	711	in-ear	1
Truthear x Crinacle Zero RED (Bass+)	in-ear/Truthear x Crinacle Zero RED (Bass+) (Fahryst).csv	Fahryst	711	in-ear	1
Truthear x Crinacle Zero RED	in-ear/Truthear x Crinacle Zero RED (Fahryst).csv	Fahryst	711	in-ear	1
Truthear x Crinacle Zero	in-ear/Truthear x Crinacle Zero.csv	Fahryst	711	in-ear	1
Whizzer Kylin HE01B	in-ear/Whizzer Kylin HE01B.csv	Fahryst	711	in-ear	1
Whizzer Kylin HE10	in-ear/Whizzer Kylin HE10.csv	Fahryst	711	in-ear	1
XINHS HS3 (off-off)	in-ear/XINHS HS3 (off-off).csv	Fahryst	711	in-ear	1
XINHS HS3 (on-on)	in-ear/XINHS HS3 (on-on).csv	Fahryst	711	in-ear	1
XINHS x Akros Erasmus (off-off)	in-ear/XINHS x Akros Erasmus (off-off).csv	Fahryst	711	in-ear	1
XINHS x Akros Erasmus (on-on)	in-ear/XINHS x Akros Erasmus (on-on).csv	Fahryst	711	in-ear	1
ZiiGaat Nuo	in-ear/ZiiGaat Nuo.csv	Fahryst	711	in-ear	1
7Hz Salnotes Dioko	in-ear/7Hz Salnotes Dioko.csv	Filk	711	in-ear	1
7Hz Timeless	in-ear/7Hz Timeless (Filk).csv	Filk	711	in-ear	1
AFUL Acoustics MagicOne	in-ear/AFUL Acoustics MagicOne.csv	Filk	711	in-ear	1
Apple Airpods Pro 2	in-ear/Apple Airpods Pro 2.csv	Filk	711	in-ear	1
Audiosense DT200	in-ear/Audiosense DT200.csv	Filk	711	in-ear	1
Baseus Bowie MA20 (ANC off)	in-ear/Baseus Bowie MA20 (ANC off).csv	Filk	711	in-ear	1
Baseus Bowie MA20 (ANC on)	in-ear/Baseus Bowie MA20 (ANC on).csv	Filk	711	in-ear	1
CMF by Nothing by Nothin Buds Pro (ANC off)	in-ear/CMF by Nothing by Nothin Buds Pro (ANC off).csv	Filk	711	in-ear	1
Creative Zen Air DOT	in-ear/Creative Zen Air DOT.csv	Filk	711	in-ear	1
Creative Zen Air	in-ear/Creative Zen Air.csv	Filk	711	in-ear	1
Edifier W260NC	in-ear/Edifier W260NC.csv	Filk	711	in-ear	1
Etymotic ER2SE	in-ear/Etymotic ER2SE (Filk).csv	Filk	711	in-ear	1
Hisenior Mega 5 EST (CIEM)	in-ear/Hisenior Mega 5 EST (CIEM).csv	Filk	711	in-ear	1
InAwaken Dawn Ms	in-ear/InAwaken Dawn Ms.csv	Filk	711	in-ear	1
JBL Tour Pro 3 (ANC on)	in-ear/JBL Tour Pro 3 (ANC on).csv	Filk	711	in-ear	1
JBL Tune Beam 2	in-ear/JBL Tune Beam 2.csv	Filk	711	in-ear	1
JBL Tune Flex	in-ear/JBL Tune Flex.csv	Filk	711	in-ear	1
KBEAR Stellar	in-ear/KBEAR Stellar.csv	Filk	711	in-ear	1
Kiwi Ears KE4	in-ear/Kiwi Ears KE4 (Filk).csv	Filk	711	in-ear	1
Kiwi Ears Singolo	in-ear/Kiwi Ears Singolo.csv	Filk	711	in-ear	1
KZ ZEX Pro	in-ear/KZ ZEX Pro.csv	Filk	711	in-ear	1
Meze Alba	in-ear/Meze Alba.csv	Filk	711	in-ear	1
Moondrop BLOCK	in-ear/Moondrop BLOCK.csv	Filk	711	in-ear	1
Moondrop Chu	in-ear/Moondrop Chu.csv	Filk	711	in-ear	1
Moondrop Jiu	in-ear/Moondrop Jiu.csv	Filk	711	in-ear	1
Moondrop MOCA (ANC off, standard EQ)	in-ear/Moondrop MOCA (ANC off, standard EQ).csv	Filk	711	in-ear	1
Moondrop MOCA (ANC on, standard EQ)	in-ear/Moondrop MOCA (ANC on, standard EQ).csv	Filk	711	in-ear	1
Moondrop Quark 2	in-ear/Moondrop Quark 2.csv	Filk	711	in-ear	1
Moondrop Space Travel (reference mode)	in-ear/Moondrop Space Travel (reference mode) (Filk).csv	Filk	711	in-ear	1
Moondrop Space Travel	in-ear/Moondrop Space Travel.csv	Filk	KB006x + 711	in-ear	1
Moondrop SSR	in-ear/Moondrop SSR.csv	Filk	711	in-ear	1
Moondrop Ultrasonic (reference EQ)	in-ear/Moondrop Ultrasonic (reference EQ).csv	Filk	711	in-ear	1
Motorola Moto Buds Plus (ANC on)	in-ear/Motorola Moto Buds Plus (ANC on).csv	Filk	711	in-ear	1
nb Audio SkeLeTon	in-ear/nb Audio SkeLeTon.csv	Filk	711	in-ear	1
NuForce EDC3	in-ear/NuForce EDC3.csv	Filk	711	in-ear	1
QCY T12 ANC2	in-ear/QCY T12 ANC2.csv	Filk	KB006x + 711	in-ear	1
QCY T13 ANC2 (ANC on)	in-ear/QCY T13 ANC2 (ANC on).csv	Filk	711	in-ear	1
realme Buds Air 5 Pro	in-ear/realme Buds Air 5 Pro.csv	Filk	711	in-ear	1
realme Buds Air6 Pro	in-ear/realme Buds Air6 Pro.csv	Filk	711	in-ear	1
Simgot Audio EW300 (gold)	in-ear/Simgot Audio EW300 (gold) (Filk).csv	Filk	711	in-ear	1
Simgot Audio EW300 (silver)	in-ear/Simgot Audio EW300 (silver) (Filk).csv	Filk	711	in-ear	1
Snab Overtone EP-101M	in-ear/Snab Overtone EP-101M.csv	Filk	711	in-ear	1
SPC Gear Viro 101M	in-ear/SPC Gear Viro 101M.csv	Filk	711	in-ear	1
SteelSeries GameBuds (ANC off)	in-ear/SteelSeries GameBuds (ANC off).csv	Filk	711	in-ear	1
SteelSeries GameBuds (ANC on)	in-ear/SteelSeries GameBuds (ANC on).csv	Filk	711	in-ear	1
Tanchjim Ola	in-ear/Tanchjim Ola.csv	Filk	711	in-ear	1
Tanchjim Tanya	in-ear/Tanchjim Tanya (Filk).csv	Filk	711	in-ear	1
Tanchjim Zero	in-ear/Tanchjim Zero.csv	Filk	711	in-ear	1
Tripowin x 0diBi Vivace	in-ear/Tripowin x 0diBi Vivace.csv	Filk	711	in-ear	1
Truthear Gate	in-ear/Truthear Gate (Filk).csv	Filk	711	in-ear	1
Truthear Hexa	in-ear/Truthear Hexa (Filk).csv	Filk	711	in-ear	1
Truthear Hola	in-ear/Truthear Hola.csv	Filk	711	in-ear	1
Truthear x Crinacle Zero RED (Bass+)	in-ear/Truthear x Crinacle Zero RED (Bass+) (Filk).csv	Filk	711	in-ear	1
Truthear x Crinacle Zero RED	in-ear/Truthear x Crinacle Zero RED (Filk).csv	Filk	711	in-ear	1
Truthear x Crinacle Zero	in-ear/Truthear x Crinacle Zero (Filk).csv	Filk	711	in-ear	1
AKG K371	over-ear/AKG K371.csv	Filk	KB006x + 711	over-ear	1
AKG N700NC M2 (ANC on)	over-ear/AKG N700NC M2 (ANC on).csv	Filk	KB006x + 711	over-ear	1
AKG N700NC M2 (passive)	over-ear/AKG N700NC M2 (passive).csv	Filk	KB006x + 711	over-ear	1
Anker Soundcore Space Q45	over-ear/Anker Soundcore Space Q45.csv	Filk	KB006x + 711	over-ear	1
ASTRO Gaming A50 X	over-ear/ASTRO Gaming A50 X.csv	Filk	KB006x + 711	over-ear	1
ASUS ROG Delta S Core (fabric earpads)	over-ear/ASUS ROG Delta S Core (fabric earpads).csv	Filk	KB006x + 711	over-ear	1
ASUS ROG Delta S Core (leather earpads)	over-ear/ASUS ROG Delta S Core (leather earpads).csv	Filk	KB006x + 711	over-ear	1
Audio-Technica BPHS1	over-ear/Audio-Technica BPHS1.csv	Filk	KB006x + 711	over-ear	1
Austrian Audio Hi-X60	over-ear/Austrian Audio Hi-X60.csv	Filk	KB006x + 711	over-ear	1
Baseus AeQur GH02 (active)	over-ear/Baseus AeQur GH02 (active).csv	Filk	KB006x + 711	over-ear	1
Baseus AeQur GH02 (passive)	over-ear/Baseus AeQur GH02 (passive).csv	Filk	KB006x + 711	over-ear	1
Baseus Bowie D05	over-ear/Baseus Bowie D05.csv	Filk	KB006x + 711	over-ear	1
Bose QuietComfort 45 (ANC on)	over-ear/Bose QuietComfort 45 (ANC on).csv	Filk	KB006x + 711	over-ear	1
Bose QuietComfort 45 (passive)	over-ear/Bose QuietComfort 45 (passive).csv	Filk	KB006x + 711	over-ear	1
Bose QuietComfort Ultra (ANC on)	over-ear/Bose QuietComfort Ultra (ANC on).csv	Filk	KB006x + 711	over-ear	1
Corsair HS70 Pro	over-ear/Corsair HS70 Pro.csv	Filk	KB006x + 711	over-ear	1
Creative Aurvana Live! (Brainwavz PU leather earpads)	over-ear/Creative Aurvana Live! (Brainwavz PU leather earpads).csv	Filk	KB006x + 711	over-ear	1
Creative Aurvana Live! (Brainwavz sheepskin earpads)	over-ear/Creative Aurvana Live! (Brainwavz sheepskin earpads).csv	Filk	KB006x + 711	over-ear	1
Creative Aurvana Live!	over-ear/Creative Aurvana Live!.csv	Filk	KB006x + 711	over-ear	1
Creative Zen Hybrid (ANC off)	over-ear/Creative Zen Hybrid (ANC off).csv	Filk	KB006x + 711	over-ear	1
Creative Zen Hybrid (ANC on)	over-ear/Creative Zen Hybrid (ANC on).csv	Filk	KB006x + 711	over-ear	1
Creative Zen Hybrid (passive)	over-ear/Creative Zen Hybrid (passive).csv	Filk	KB006x + 711	over-ear	1
Creative Zen Hybrid Pro (ANC off)	over-ear/Creative Zen Hybrid Pro (ANC off).csv	Filk	KB006x + 711	over-ear	1
Creative Zen Hybrid Pro (ANC on)	over-ear/Creative Zen Hybrid Pro (ANC on).csv	Filk	KB006x + 711	over-ear	1
Dark Project HS4 Wireless (breathable earpads, passive)	over-ear/Dark Project HS4 Wireless (breathable earpads, passive).csv	Filk	KB006x + 711	over-ear	1
Dark Project HS4 Wireless (breathable earpads, wireless)	over-ear/Dark Project HS4 Wireless (breathable earpads, wireless).csv	Filk	KB006x + 711	over-ear	1
Dark Project HS4 Wireless (leather earpads, passive)	over-ear/Dark Project HS4 Wireless (leather earpads, passive).csv	Filk	KB006x + 711	over-ear	1
Dark Project HS4 Wireless (leather earpads, wireless)	over-ear/Dark Project HS4 Wireless (leather earpads, wireless).csv	Filk	KB006x + 711	over-ear	1
Dark Project Sono	over-ear/Dark Project Sono.csv	Filk	KB006x + 711	over-ear	1
Edifier Stax Spirit S3 (fabric earpads)	over-ear/Edifier Stax Spirit S3 (fabric earpads).csv	Filk	KB006x + 711	over-ear	1
Edifier Stax Spirit S3 (leather earpads)	over-ear/Edifier Stax Spirit S3 (leather earpads).csv	Filk	KB006x + 711	over-ear	1
Edifier W820NB (ANC on)	over-ear/Edifier W820NB (ANC on).csv	Filk	KB006x + 711	over-ear	1
Edifier W820NB (passive)	over-ear/Edifier W820NB (passive).csv	Filk	KB006x + 711	over-ear	1
Edifier W820NB Plus	over-ear/Edifier W820NB Plus.csv	Filk	KB006x + 711	over-ear	1
Edifier WH950NB (ANC off, customized EQ flat)	over-ear/Edifier WH950NB (ANC off, customized EQ flat).csv	Filk	KB006x + 711	over-ear	1
Edifier WH950NB (ANC on, classic EQ)	over-ear/Edifier WH950NB (ANC on, classic EQ).csv	Filk	KB006x + 711	over-ear	1
Edifier WH950NB (ANC on, customized EQ flat)	over-ear/Edifier WH950NB (ANC on, customized EQ flat).csv	Filk	KB006x + 711	over-ear	1
Edifier WH950NB (passive)	over-ear/Edifier WH950NB (passive).csv	Filk	KB006x + 711	over-ear	1
Endorfy Viro Infra	over-ear/Endorfy Viro Infra.csv	Filk	KB006x + 711	over-ear	1
Genesis Neon 613	over-ear/Genesis Neon 613.csv	Filk	KB006x + 711	over-ear	1
Genesis Radon 800 (farbic earpads)	over-ear/Genesis Radon 800 (farbic earpads).csv	Filk	KB006x + 711	over-ear	1
Genesis Radon 800 (leather earpads)	over-ear/Genesis Radon 800 (leather earpads).csv	Filk	KB006x + 711	over-ear	1
Genesis Toron 301	over-ear/Genesis Toron 301.csv	Filk	KB006x + 711	over-ear	1
Genesis Toron 531 (breathable earpads)	over-ear/Genesis Toron 531 (breathable earpads).csv	Filk	KB006x + 711	over-ear	1
Genesis Toron 531 (hybrid earpads)	over-ear/Genesis Toron 531 (hybrid earpads).csv	Filk	KB006x + 711	over-ear	1
Haylou S35	over-ear/Haylou S35.csv	Filk	KB006x + 711	over-ear	1
HIFIMAN Ananda	over-ear/HIFIMAN Ananda (Filk).csv	Filk	KB006x + 711	over-ear	1
HIFIMAN HE400se (non-stealth magnet)	over-ear/HIFIMAN HE400se (non-stealth magnet).csv	Filk	KB006x + 711	over-ear	1
HIFIMAN HE400se (stealth magnet)	over-ear/HIFIMAN HE400se (stealth magnet).csv	Filk	KB006x + 711	over-ear	1
HyperX Cloud II	over-ear/HyperX Cloud II.csv	Filk	KB006x + 711	over-ear	1
HyperX Cloud	over-ear/HyperX Cloud.csv	Filk	KB006x + 711	over-ear	1
iSK HD-9999 (thick earpads)	over-ear/iSK HD-9999 (thick earpads).csv	Filk	KB006x + 711	over-ear	1
iSK HD-9999 (thin earpads)	over-ear/iSK HD-9999 (thin earpads).csv	Filk	KB006x + 711	over-ear	1
JBL Live 770NC (ANC on)	over-ear/JBL Live 770NC (ANC on).csv	Filk	KB006x + 711	over-ear	1
JBL Live 770NC (passive)	over-ear/JBL Live 770NC (passive).csv	Filk	KB006x + 711	over-ear	1
JBL Tour One M2 (ANC on)	over-ear/JBL Tour One M2 (ANC on).csv	Filk	KB006x + 711	over-ear	1
JBL Tour One M2 (ANC on, studio EQ)	over-ear/JBL Tour One M2 (ANC on, studio EQ).csv	Filk	KB006x + 711	over-ear	1
JBL Tour One M2 (passive)	over-ear/JBL Tour One M2 (passive).csv	Filk	KB006x + 711	over-ear	1
JBL Tune 720BT (passive)	over-ear/JBL Tune 720BT (passive).csv	Filk	KB006x + 711	over-ear	1
JBL Tune 720BT (wireless)	over-ear/JBL Tune 720BT (wireless).csv	Filk	KB006x + 711	over-ear	1
JBL Tune 770NC (ANC on)	over-ear/JBL Tune 770NC (ANC on).csv	Filk	KB006x + 711	over-ear	1
JBL Tune 770NC (ANC on, bass EQ)	over-ear/JBL Tune 770NC (ANC on, bass EQ).csv	Filk	KB006x + 711	over-ear	1
JBL Tune 770NC (passive)	over-ear/JBL Tune 770NC (passive).csv	Filk	KB006x + 711	over-ear	1
KFA2 SONAR-04	over-ear/KFA2 SONAR-04.csv	Filk	KB006x + 711	over-ear	1
Kiwi Ears Division	over-ear/Kiwi Ears Division (Filk).csv	Filk	KB006x + 711	over-ear	1
Koss KPH7	over-ear/Koss KPH7.csv	Filk	KB006x + 711	over-ear	1
Koss KSC75 (Venture Electronics earpads)	over-ear/Koss KSC75 (Venture Electronics earpads).csv	Filk	KB006x + 711	over-ear	1
Koss KSC75	over-ear/Koss KSC75.csv	Filk	KB006x + 711	over-ear	1
LAMAX HighComfort ANC (ANC off)	over-ear/LAMAX HighComfort ANC (ANC off).csv	Filk	KB006x + 711	over-ear	1
LAMAX HighComfort ANC (ANC on)	over-ear/LAMAX HighComfort ANC (ANC on).csv	Filk	KB006x + 711	over-ear	1
Logitech G PRO 2 (fabric earpads)	over-ear/Logitech G PRO 2 (fabric earpads).csv	Filk	711	over-ear	1
Logitech G PRO 2 (leather earpads)	over-ear/Logitech G PRO 2 (leather earpads).csv	Filk	711	over-ear	1
Logitech G Pro X (3.5mm jack)	over-ear/Logitech G Pro X (3.5mm jack).csv	Filk	KB006x + 711	over-ear	1
Logitech G Pro X (USB)	over-ear/Logitech G Pro X (USB).csv	Filk	KB006x + 711	over-ear	1
Logitech G PRO X 2 LIGHTSPEED (fabric earpads)	over-ear/Logitech G PRO X 2 LIGHTSPEED (fabric earpads).csv	Filk	KB006x + 711	over-ear	1
Logitech G PRO X 2 LIGHTSPEED (leather earpads)	over-ear/Logitech G PRO X 2 LIGHTSPEED (leather earpads).csv	Filk	KB006x + 711	over-ear	1
Logitech G PRO X 2 LIGHTSPEED	over-ear/Logitech G PRO X 2 LIGHTSPEED.csv	Filk	KB006x + 711	over-ear	1
Logitech G733 LIGHTSPEED	over-ear/Logitech G733 LIGHTSPEED.csv	Filk	KB006x + 711	over-ear	1
Logitech Zone Vibe 100	over-ear/Logitech Zone Vibe 100.csv	Filk	KB006x + 711	over-ear	1
Moondrop Joker	over-ear/Moondrop Joker.csv	Filk	KB006x + 711	over-ear	1
OneOdio A71D	over-ear/OneOdio A71D.csv	Filk	KB006x + 711	over-ear	1
Philips TAH2005BK00	over-ear/Philips TAH2005BK00.csv	Filk	KB006x + 711	over-ear	1
Razer Barracuda X (2022)	over-ear/Razer Barracuda X (2022).csv	Filk	KB006x + 711	over-ear	1
Razer BlackShark V2	over-ear/Razer BlackShark V2.csv	Filk	KB006x + 711	over-ear	1
Razer Kraken V3 Pro	over-ear/Razer Kraken V3 Pro.csv	Filk	KB006x + 711	over-ear	1
Razer Opus 2020 (ANC off)	over-ear/Razer Opus 2020 (ANC off).csv	Filk	KB006x + 711	over-ear	1
Razer Opus 2020 (ANC on)	over-ear/Razer Opus 2020 (ANC on).csv	Filk	KB006x + 711	over-ear	1
Razer Opus 2020 (passive)	over-ear/Razer Opus 2020 (passive).csv	Filk	KB006x + 711	over-ear	1
Redragon Arrow H858	over-ear/Redragon Arrow H858.csv	Filk	KB006x + 711	over-ear	1
Redragon Diomedes H386	over-ear/Redragon Diomedes H386.csv	Filk	KB006x + 711	over-ear	1
Redragon H510 Zeus Pro	over-ear/Redragon H510 Zeus Pro.csv	Filk	KB006x + 711	over-ear	1
Redragon H510 Zeus-X	over-ear/Redragon H510 Zeus-X.csv	Filk	KB006x + 711	over-ear	1
Redragon H848 IRE PRO	over-ear/Redragon H848 IRE PRO.csv	Filk	KB006x + 711	over-ear	1
RØDE NTH-100M	over-ear/RØDE NTH-100M.csv	Filk	KB006x + 711	over-ear	1
Sennheiser ACCENTUM	over-ear/Sennheiser ACCENTUM.csv	Filk	KB006x + 711	over-ear	1
Sennheiser HD 280 Pro (SPC Gear velour earpads)	over-ear/Sennheiser HD 280 Pro (SPC Gear velour earpads).csv	Filk	KB006x + 711	over-ear	1
Sennheiser HD 280 Pro	over-ear/Sennheiser HD 280 Pro (Filk).csv	Filk	KB006x + 711	over-ear	1
Sennheiser HD 424-X	over-ear/Sennheiser HD 424-X.csv	Filk	KB006x + 711	over-ear	1
Sennheiser HD 424	over-ear/Sennheiser HD 424.csv	Filk	KB006x + 711	over-ear	1
Sennheiser HD 545 Reference	over-ear/Sennheiser HD 545 Reference.csv	Filk	KB006x + 711	over-ear	1
Sennheiser HD 560S (worn earpads)	over-ear/Sennheiser HD 560S (worn earpads).csv	Filk	KB006x + 711	over-ear	1
Sennheiser HD 600	over-ear/Sennheiser HD 600 (Filk).csv	Filk	KB006x + 711	over-ear	1
Sennheiser HD 660S2	over-ear/Sennheiser HD 660S2.csv	Filk	KB006x + 711	over-ear	1
Sennheiser HD490 Pro (mixing earpads)	over-ear/Sennheiser HD490 Pro (mixing earpads).csv	Filk	KB006x + 711	over-ear	1
Sennheiser HD490 Pro (producing earpads)	over-ear/Sennheiser HD490 Pro (producing earpads).csv	Filk	KB006x + 711	over-ear	1
Sennheiser PC38X (velour earpads)	over-ear/Sennheiser PC38X (velour earpads).csv	Filk	KB006x + 711	over-ear	1
Sennheiser RS 175	over-ear/Sennheiser RS 175.csv	Filk	KB006x + 711	over-ear	1
Shure SRH440	over-ear/Shure SRH440 (Filk).csv	Filk	KB006x + 711	over-ear	1
Silver Monkey Arago	over-ear/Silver Monkey Arago.csv	Filk	KB006x + 711	over-ear	1
Somic V2	over-ear/Somic V2.csv	Filk	KB006x + 711	over-ear	1
SPC Gear Viro (breathable earpads)	over-ear/SPC Gear Viro (breathable earpads).csv	Filk	KB006x + 711	over-ear	1
SPC Gear Viro (leather earpads)	over-ear/SPC Gear Viro (leather earpads).csv	Filk	KB006x + 711	over-ear	1
SPC Gear Viro (velour earpads)	over-ear/SPC Gear Viro (velour earpads).csv	Filk	KB006x + 711	over-ear	1
Teufel CAGE (active)	over-ear/Teufel CAGE (active).csv	Filk	KB006x + 711	over-ear	1
Teufel CAGE (passive)	over-ear/Teufel CAGE (passive).csv	Filk	KB006x + 711	over-ear	1
Teufel Real Blue NC (ANC on)	over-ear/Teufel Real Blue NC (ANC on).csv	Filk	KB006x + 711	over-ear	1
Teufel Real Blue NC (ANC on, classic EQ)	over-ear/Teufel Real Blue NC (ANC on, classic EQ).csv	Filk	KB006x + 711	over-ear	1
Teufel Real Blue NC (passive)	over-ear/Teufel Real Blue NC (passive).csv	Filk	KB006x + 711	over-ear	1
Teufel Real Blue Pro (ANC on)	over-ear/Teufel Real Blue Pro (ANC on).csv	Filk	KB006x + 711	over-ear	1
Teufel Real Blue Pro (passive)	over-ear/Teufel Real Blue Pro (passive).csv	Filk	KB006x + 711	over-ear	1
Teufel Zola (passive)	over-ear/Teufel Zola (passive).csv	Filk	KB006x + 711	over-ear	1
Teufel Zola (USB)	over-ear/Teufel Zola (USB).csv	Filk	KB006x + 711	over-ear	1
XPG PRECOG S	over-ear/XPG PRECOG S.csv	Filk	KB006x + 711	over-ear	1
64 Audio A12t (m15 Apex module)	in-ear/64 Audio A12t (m15 Apex module).csv	freeryder05	711	in-ear	1
64 Audio A12t (m20 Apex module)	in-ear/64 Audio A12t (m20 Apex module).csv	freeryder05	711	in-ear	1
64 Audio A12t (mX Apex module)	in-ear/64 Audio A12t (mX Apex module).csv	freeryder05	711	in-ear	1
64 Audio N8  (m15 Apex module)	in-ear/64 Audio N8  (m15 Apex module).csv	freeryder05	711	in-ear	1
64 Audio N8 (m2 Apex module)	in-ear/64 Audio N8 (m2 Apex module).csv	freeryder05	711	in-ear	1
64 Audio N8 (MX Apex module)	in-ear/64 Audio N8 (MX Apex module).csv	freeryder05	711	in-ear	1
64 Audio U4S (m12 Apex module)	in-ear/64 Audio U4S (m12 Apex module).csv	freeryder05	711	in-ear	1
64 Audio U4S (m15 Apex module)	in-ear/64 Audio U4S (m15 Apex module).csv	freeryder05	711	in-ear	1
64 Audio U4S (m20 Apex module)	in-ear/64 Audio U4S (m20 Apex module).csv	freeryder05	711	in-ear	1
64 Audio U4S (mX Apex module)	in-ear/64 Audio U4S (mX Apex module).csv	freeryder05	711	in-ear	1
7Hz Salnotes Zero	in-ear/7Hz Salnotes Zero (freeryder05).csv	freeryder05	711	in-ear	1
7th Acoustics Supernova	in-ear/7th Acoustics Supernova.csv	freeryder05	711	in-ear	1
Audeze iSINE 10 (Cipher cable)	in-ear/Audeze iSINE 10 (Cipher cable).csv	freeryder05	711	in-ear	1
Audeze iSINE 10	in-ear/Audeze iSINE 10.csv	freeryder05	711	in-ear	1
Audiosense DT200	in-ear/Audiosense DT200 (freeryder05).csv	freeryder05	711	in-ear	1
Beats Studio Buds +	in-ear/Beats Studio Buds +.csv	freeryder05	711	in-ear	1
BLON BL-03	in-ear/BLON BL-03.csv	freeryder05		in-ear	1
DUNU Falcon Ultra (blue nozzle)	in-ear/DUNU Falcon Ultra (blue nozzle).csv	freeryder05	711	in-ear	1
DUNU Falcon Ultra (gold nozzle)	in-ear/DUNU Falcon Ultra (gold nozzle).csv	freeryder05	711	in-ear	1
DUNU Kima Classic	in-ear/DUNU Kima Classic.csv	freeryder05	711	in-ear	1
Elysian Annihilator (2021)	in-ear/Elysian Annihilator (2021).csv	freeryder05	711	in-ear	1
Elysian Annihilator (2023, Dan)	in-ear/Elysian Annihilator (2023, Dan).csv	freeryder05	711	in-ear	1
Elysian Annihilator (2023, Free)	in-ear/Elysian Annihilator (2023, Free).csv	freeryder05	711	in-ear	1
Etymotic ER2SE	in-ear/Etymotic ER2SE (freeryder05).csv	freeryder05	711	in-ear	1
Fearless Audio S8Pro	in-ear/Fearless Audio S8Pro.csv	freeryder05	711	in-ear	1
Final Audio A5000	in-ear/Final Audio A5000.csv	freeryder05	711	in-ear	1
Hidition Viento-B (CIEM)	in-ear/Hidition Viento-B (CIEM).csv	freeryder05	711	in-ear	1
Hisenior Mega 5 EST	in-ear/Hisenior Mega 5 EST.csv	freeryder05	711	in-ear	1
Ice Lab Prismatica Gold	in-ear/Ice Lab Prismatica Gold.csv	freeryder05	711	in-ear	1
JVC HA-FDX1 (blue)	in-ear/JVC HA-FDX1 (blue) (freeryder05).csv	freeryder05	711	in-ear	1
JVC HA-FDX1 (green)	in-ear/JVC HA-FDX1 (green) (freeryder05).csv	freeryder05	711	in-ear	1
JVC HA-FDX1	in-ear/JVC HA-FDX1.csv	freeryder05	711	in-ear	1
Kiwi Ears Orchestra Lite (CIEM)	in-ear/Kiwi Ears Orchestra Lite (CIEM).csv	freeryder05	711	in-ear	1
Massdrop x Noble X Universal IEMs	in-ear/Massdrop x Noble X Universal IEMs.csv	freeryder05	711	in-ear	1
Moondrop Aria Elven Maiden	in-ear/Moondrop Aria Elven Maiden (freeryder05).csv	freeryder05	711	in-ear	1
Moondrop Chu	in-ear/Moondrop Chu (freeryder05).csv	freeryder05	711	in-ear	1
Moondrop Quarks	in-ear/Moondrop Quarks (freeryder05).csv	freeryder05	711	in-ear	1
Moondrop SSR	in-ear/Moondrop SSR (freeryder05).csv	freeryder05	711	in-ear	1
Nightjar Singularity	in-ear/Nightjar Singularity.csv	freeryder05	711	in-ear	1
Noble Audio K10	in-ear/Noble Audio K10.csv	freeryder05	711	in-ear	1
PlusSound Sonora	in-ear/PlusSound Sonora.csv	freeryder05	711	in-ear	1
PlusSound Volta	in-ear/PlusSound Volta.csv	freeryder05	711	in-ear	1
Sennheiser IE 200 (long nozzle)	in-ear/Sennheiser IE 200 (long nozzle).csv	freeryder05	711	in-ear	1
Sennheiser IE 200 (short nozzle)	in-ear/Sennheiser IE 200 (short nozzle).csv	freeryder05	711	in-ear	1
Sennheiser IE 600	in-ear/Sennheiser IE 600 (freeryder05).csv	freeryder05	711	in-ear	1
Sennheiser IE 900	in-ear/Sennheiser IE 900.csv	freeryder05	711	in-ear	1
Sony IER-M9	in-ear/Sony IER-M9.csv	freeryder05	711	in-ear	1
Sony IER-Z1R	in-ear/Sony IER-Z1R.csv	freeryder05	711	in-ear	1
Symphonium Audio Helios SE	in-ear/Symphonium Audio Helios SE.csv	freeryder05	711	in-ear	1
Symphonium Audio Helios	in-ear/Symphonium Audio Helios.csv	freeryder05	711	in-ear	1
Symphonium Audio Meteor (Comply eartips)	in-ear/Symphonium Audio Meteor (Comply eartips).csv	freeryder05	711	in-ear	1
Symphonium Audio Meteor (JVC Spiral Dot eartips)	in-ear/Symphonium Audio Meteor (JVC Spiral Dot eartips).csv	freeryder05	711	in-ear	1
Symphonium Audio Meteor (SpinFit CP145 eartips)	in-ear/Symphonium Audio Meteor (SpinFit CP145 eartips).csv	freeryder05	711	in-ear	1
Symphonium Audio Meteor	in-ear/Symphonium Audio Meteor (freeryder05).csv	freeryder05	711	in-ear	1
Tanchjim Ola	in-ear/Tanchjim Ola (freeryder05).csv	freeryder05	711	in-ear	1
Tanchjim Tanya	in-ear/Tanchjim Tanya (freeryder05).csv	freeryder05	711	in-ear	1
Truthear Hola	in-ear/Truthear Hola (freeryder05).csv	freeryder05	711	in-ear	1
Truthear x Crinacle Zero RED	in-ear/Truthear x Crinacle Zero RED (freeryder05).csv	freeryder05	711	in-ear	1
Ultimate Ears Reference Remastered (CIEM)	in-ear/Ultimate Ears Reference Remastered (CIEM).csv	freeryder05	711	in-ear	1
Unique Melody MEST Mk2 (AZLA eartips)	in-ear/Unique Melody MEST Mk2 (AZLA eartips).csv	freeryder05	711	in-ear	1
Unique Melody MEST Mk2 (AZLA SoundFit Xelastec eartips)	in-ear/Unique Melody MEST Mk2 (AZLA SoundFit Xelastec eartips).csv	freeryder05	711	in-ear	1
Unique Melody MEST Mk2 (Moondrop Spring eartips)	in-ear/Unique Melody MEST Mk2 (Moondrop Spring eartips).csv	freeryder05	711	in-ear	1
Unique Melody MEST Mk2 (SpinFit CP100 eartips)	in-ear/Unique Melody MEST Mk2 (SpinFit CP100 eartips).csv	freeryder05	711	in-ear	1
Unique Melody MEST Mk2	in-ear/Unique Melody MEST Mk2.csv	freeryder05	711	in-ear	1
64 Audio Tia Trio	in-ear/64 Audio Tia Trio.csv	Harpo	711	in-ear	1
7Hz Eternal	in-ear/7Hz Eternal.csv	Harpo	711	in-ear	1
7Hz Legato	in-ear/7Hz Legato (Harpo).csv	Harpo	711	in-ear	1
7Hz Salnotes Zero	in-ear/7Hz Salnotes Zero (Harpo).csv	Harpo	711	in-ear	1
7Hz Sonus	in-ear/7Hz Sonus.csv	Harpo	711	in-ear	1
7Hz Timeless	in-ear/7Hz Timeless (Harpo).csv	Harpo	711	in-ear	1
Anker Soundcore Liberty 3 Pro	in-ear/Anker Soundcore Liberty 3 Pro.csv	Harpo	711	in-ear	1
AOSHIDA E20	in-ear/AOSHIDA E20.csv	Harpo	711	in-ear	1
Apple Airpods Pro 2	in-ear/Apple Airpods Pro 2 (Harpo).csv	Harpo	711	in-ear	1
Audiosense DT600	in-ear/Audiosense DT600 (Harpo).csv	Harpo	711	in-ear	1
AUKEY EP-B44	in-ear/AUKEY EP-B44.csv	Harpo	711	in-ear	1
Baseus Bowie (original EQ)	in-ear/Baseus Bowie (original EQ).csv	Harpo	711	in-ear	1
Beats Powerbeats Pro	in-ear/Beats Powerbeats Pro.csv	Harpo	711	in-ear	1
Beyerdynamic Xelento (2nd Gen)	in-ear/Beyerdynamic Xelento (2nd Gen).csv	Harpo	711	in-ear	1
BGVP P05 (no filter, standard nozzle)	in-ear/BGVP P05 (no filter, standard nozzle).csv	Harpo	711	in-ear	1
BGVP P05 (red filter, alternative nozzle)	in-ear/BGVP P05 (red filter, alternative nozzle).csv	Harpo	711	in-ear	1
BGVP P05 (red filter, standard nozzle)	in-ear/BGVP P05 (red filter, standard nozzle).csv	Harpo	711	in-ear	1
BGVP P05 (silver filter, alternative nozzle)	in-ear/BGVP P05 (silver filter, alternative nozzle).csv	Harpo	711	in-ear	1
BGVP P05 (silver filter, standard nozzle)	in-ear/BGVP P05 (silver filter, standard nozzle).csv	Harpo	711	in-ear	1
BGVP P05 (taped filter, standard nozzle)	in-ear/BGVP P05 (taped filter, standard nozzle).csv	Harpo	711	in-ear	1
BGVP Scale	in-ear/BGVP Scale (Harpo).csv	Harpo	711	in-ear	1
BLON BL-03	in-ear/BLON BL-03 (Harpo).csv	Harpo	711	in-ear	1
BLON BL-A8 Prometheus	in-ear/BLON BL-A8 Prometheus.csv	Harpo	711	in-ear	1
BLON BL-Max	in-ear/BLON BL-Max (Harpo).csv	Harpo	711	in-ear	1
BLON BL07	in-ear/BLON BL07.csv	Harpo	711	in-ear	1
BLON Fat Girl	in-ear/BLON Fat Girl.csv	Harpo	711	in-ear	1
BLON x HBB Z300	in-ear/BLON x HBB Z300 (Harpo).csv	Harpo	711	in-ear	1
BLON Z200	in-ear/BLON Z200.csv	Harpo	711	in-ear	1
Bose IE2	in-ear/Bose IE2.csv	Harpo	711	in-ear	1
Canpur JF1	in-ear/Canpur JF1.csv	Harpo	711	in-ear	1
Cat Ear Audio Meow	in-ear/Cat Ear Audio Meow.csv	Harpo	711	in-ear	1
CCA CRA	in-ear/CCA CRA.csv	Harpo	711	in-ear	1
CCA CXS	in-ear/CCA CXS (Harpo).csv	Harpo	711	in-ear	1
CCA DUO	in-ear/CCA DUO.csv	Harpo	711	in-ear	1
CCA FLA	in-ear/CCA FLA.csv	Harpo	711	in-ear	1
CCA Pianist	in-ear/CCA Pianist.csv	Harpo	711	in-ear	1
CCA PLA13	in-ear/CCA PLA13.csv	Harpo	711	in-ear	1
CCZ Melody	in-ear/CCZ Melody.csv	Harpo	711	in-ear	1
Creative Aurvana Trio LS	in-ear/Creative Aurvana Trio LS.csv	Harpo	711	in-ear	1
Devialet Gemini	in-ear/Devialet Gemini.csv	Harpo	711	in-ear	1
DUNU DM380	in-ear/DUNU DM380.csv	Harpo	711	in-ear	1
DUNU EST 112	in-ear/DUNU EST 112.csv	Harpo	711	in-ear	1
DUNU Vulkan	in-ear/DUNU Vulkan.csv	Harpo	711	in-ear	1
Elysian Pilgrim	in-ear/Elysian Pilgrim.csv	Harpo	711	in-ear	1
EPZ G10	in-ear/EPZ G10.csv	Harpo	711	in-ear	1
EPZ Q1	in-ear/EPZ Q1 (Harpo).csv	Harpo	711	in-ear	1
FiiO FH5	in-ear/FiiO FH5.csv	Harpo	711	in-ear	1
Final Audio E3000	in-ear/Final Audio E3000 (Harpo).csv	Harpo	711	in-ear	1
Final Audio ZE3000	in-ear/Final Audio ZE3000.csv	Harpo	711	in-ear	1
Flicker Ear Flow	in-ear/Flicker Ear Flow.csv	Harpo	711	in-ear	1
Floaudio CALLA	in-ear/Floaudio CALLA.csv	Harpo	711	in-ear	1
Focus Audio EDM	in-ear/Focus Audio EDM.csv	Harpo	711	in-ear	1
HiBy Seeds II	in-ear/HiBy Seeds II.csv	Harpo	711	in-ear	1
HIFIMAN RE800	in-ear/HIFIMAN RE800.csv	Harpo	711	in-ear	1
Huawei Freebuds Pro 2	in-ear/Huawei Freebuds Pro 2.csv	Harpo	711	in-ear	1
HZSOUND Heart Mirror Pro	in-ear/HZSOUND Heart Mirror Pro.csv	Harpo	711	in-ear	1
HZSOUND Heart Mirror	in-ear/HZSOUND Heart Mirror.csv	Harpo	711	in-ear	1
IKKO OH10	in-ear/IKKO OH10 (Harpo).csv	Harpo	711	in-ear	1
ISN AUDIO EST50	in-ear/ISN AUDIO EST50.csv	Harpo	711	in-ear	1
ISN AUDIO H40	in-ear/ISN AUDIO H40.csv	Harpo	711	in-ear	1
Jade Audio EA1	in-ear/Jade Audio EA1.csv	Harpo	711	in-ear	1
JQ Audio 4U	in-ear/JQ Audio 4U.csv	Harpo	711	in-ear	1
KBEAR Rosefinch	in-ear/KBEAR Rosefinch.csv	Harpo	711	in-ear	1
KEFINE Delci	in-ear/KEFINE Delci (Harpo).csv	Harpo	711	in-ear	1
KiiBOOM Allure	in-ear/KiiBOOM Allure.csv	Harpo	711	in-ear	1
Kinera Celest Gumiho	in-ear/Kinera Celest Gumiho.csv	Harpo	711	in-ear	1
Kinera Celest Wyvern	in-ear/Kinera Celest Wyvern.csv	Harpo	711	in-ear	1
Kiwi Ears Cadenza	in-ear/Kiwi Ears Cadenza (Harpo).csv	Harpo	711	in-ear	1
Kiwi Ears Dolce	in-ear/Kiwi Ears Dolce (Harpo).csv	Harpo	711	in-ear	1
Kiwi Ears Quartet (off-off)	in-ear/Kiwi Ears Quartet (off-off) (Harpo).csv	Harpo	711	in-ear	1
Kiwi Ears Quartet (off-on)	in-ear/Kiwi Ears Quartet (off-on) (Harpo).csv	Harpo	711	in-ear	1
Kiwi Ears Quartet (on-off)	in-ear/Kiwi Ears Quartet (on-off) (Harpo).csv	Harpo	711	in-ear	1
Kiwi Ears Quartet (on-on)	in-ear/Kiwi Ears Quartet (on-on) (Harpo).csv	Harpo	711	in-ear	1
Kiwi Ears Quintet	in-ear/Kiwi Ears Quintet.csv	Harpo	711	in-ear	1
KZ AST	in-ear/KZ AST.csv	Harpo	711	in-ear	1
KZ Castor (off-off-off-off)	in-ear/KZ Castor (off-off-off-off).csv	Harpo	711	in-ear	1
KZ Castor (off-off-on-off)	in-ear/KZ Castor (off-off-on-off).csv	Harpo	711	in-ear	1
KZ Castor (off-off-on-on)	in-ear/KZ Castor (off-off-on-on).csv	Harpo	711	in-ear	1
KZ Castor (on-off-off-off)	in-ear/KZ Castor (on-off-off-off).csv	Harpo	711	in-ear	1
KZ Castor (on-off-on-off)	in-ear/KZ Castor (on-off-on-off).csv	Harpo	711	in-ear	1
KZ Castor (on-on-off-off)	in-ear/KZ Castor (on-on-off-off).csv	Harpo	711	in-ear	1
KZ Castor (on-on-on-off)	in-ear/KZ Castor (on-on-on-off).csv	Harpo	711	in-ear	1
KZ Castor (on-on-on-on)	in-ear/KZ Castor (on-on-on-on).csv	Harpo	711	in-ear	1
KZ DQ6S	in-ear/KZ DQ6S.csv	Harpo	711	in-ear	1
KZ EDX Ultra	in-ear/KZ EDX Ultra.csv	Harpo	711	in-ear	1
KZ ESX	in-ear/KZ ESX.csv	Harpo	711	in-ear	1
KZ PR2	in-ear/KZ PR2.csv	Harpo	711	in-ear	1
KZ Vader Balanced (off-off-off-off)	in-ear/KZ Vader Balanced (off-off-off-off).csv	Harpo	711	in-ear	1
KZ Vader Balanced (off-off-off-on)	in-ear/KZ Vader Balanced (off-off-off-on).csv	Harpo	711	in-ear	1
KZ Vader Balanced (off-off-on-off)	in-ear/KZ Vader Balanced (off-off-on-off).csv	Harpo	711	in-ear	1
KZ Vader Balanced (off-on-off-off)	in-ear/KZ Vader Balanced (off-on-off-off).csv	Harpo	711	in-ear	1
KZ Vader Balanced (off-on-on-off)	in-ear/KZ Vader Balanced (off-on-on-off).csv	Harpo	711	in-ear	1
KZ Vader Balanced (on-off-off-off)	in-ear/KZ Vader Balanced (on-off-off-off).csv	Harpo	711	in-ear	1
KZ Vader Balanced (on-off-off-on)	in-ear/KZ Vader Balanced (on-off-off-on).csv	Harpo	711	in-ear	1
KZ Vader Balanced (on-on-off-off)	in-ear/KZ Vader Balanced (on-on-off-off).csv	Harpo	711	in-ear	1
KZ Vader Balanced (on-on-on-off)	in-ear/KZ Vader Balanced (on-on-on-off).csv	Harpo	711	in-ear	1
KZ Vader Balanced (on-on-on-on)	in-ear/KZ Vader Balanced (on-on-on-on).csv	Harpo	711	in-ear	1
KZ ZS10 Pro	in-ear/KZ ZS10 Pro.csv	Harpo	711	in-ear	1
KZ ZVX	in-ear/KZ ZVX (Harpo).csv	Harpo	711	in-ear	1
Lafitear LM1	in-ear/Lafitear LM1.csv	Harpo	711	in-ear	1
Lafitear LM2	in-ear/Lafitear LM2.csv	Harpo	711	in-ear	1
Lenovo Thinkplus XT98	in-ear/Lenovo Thinkplus XT98.csv	Harpo	711	in-ear	1
Magaosi V3	in-ear/Magaosi V3.csv	Harpo	711	in-ear	1
Moondrop Aria 2	in-ear/Moondrop Aria 2.csv	Harpo	711	in-ear	1
Moondrop Aria	in-ear/Moondrop Aria (Harpo).csv	Harpo	711	in-ear	1
Moondrop Chu	in-ear/Moondrop Chu (Harpo).csv	Harpo	711	in-ear	1
Moondrop Quarks DSP	in-ear/Moondrop Quarks DSP (Harpo).csv	Harpo	711	in-ear	1
Moondrop SSR	in-ear/Moondrop SSR (Harpo).csv	Harpo	711	in-ear	1
Moondrop Variations	in-ear/Moondrop Variations (Harpo).csv	Harpo	711	in-ear	1
Oppo Enco X2 (Enco classic preset)	in-ear/Oppo Enco X2 (Enco classic preset) (Harpo).csv	Harpo	711	in-ear	1
Penon Fan 2	in-ear/Penon Fan 2.csv	Harpo	711	in-ear	1
Penon Orb	in-ear/Penon Orb.csv	Harpo	711	in-ear	1
Penon Serial	in-ear/Penon Serial.csv	Harpo	711	in-ear	1
Penon Vortex	in-ear/Penon Vortex.csv	Harpo	711	in-ear	1
PULA PA02	in-ear/PULA PA02.csv	Harpo	711	in-ear	1
QCY T18	in-ear/QCY T18.csv	Harpo	711	in-ear	1
QKZ x HBB Khan	in-ear/QKZ x HBB Khan.csv	Harpo	711	in-ear	1
QKZ ZXD	in-ear/QKZ ZXD.csv	Harpo	711	in-ear	1
realme Buds Air 5 Pro (original sound effect mode)	in-ear/realme Buds Air 5 Pro (original sound effect mode).csv	Harpo	711	in-ear	1
Rose Technics QuietSea	in-ear/Rose Technics QuietSea.csv	Harpo	711	in-ear	1
SeeAudio Yume 2	in-ear/SeeAudio Yume 2.csv	Harpo	711	in-ear	1
Shanling MG100 (red nozzle)	in-ear/Shanling MG100 (red nozzle).csv	Harpo	711	in-ear	1
Shanling MG100 (silver nozzle)	in-ear/Shanling MG100 (silver nozzle).csv	Harpo	711	in-ear	1
Shanling Sono (black nozzle)	in-ear/Shanling Sono (black nozzle).csv	Harpo	711	in-ear	1
Shanling Sono	in-ear/Shanling Sono.csv	Harpo	711	in-ear	1
Shozy Form 1.1	in-ear/Shozy Form 1.1.csv	Harpo	711	in-ear	1
Shozy Magma	in-ear/Shozy Magma.csv	Harpo	711	in-ear	1
Shuoer D13 (gold nozzle)	in-ear/Shuoer D13 (gold nozzle).csv	Harpo	711	in-ear	1
Shuoer D13 (silver nozzle)	in-ear/Shuoer D13 (silver nozzle).csv	Harpo	711	in-ear	1
Shuoer EJ07	in-ear/Shuoer EJ07.csv	Harpo	711	in-ear	1
Shuoer EJ07M Kinda Lava Edition	in-ear/Shuoer EJ07M Kinda Lava Edition (Harpo).csv	Harpo	711	in-ear	1
Shuoer EJ07M	in-ear/Shuoer EJ07M.csv	Harpo	711	in-ear	1
Shuoer S12	in-ear/Shuoer S12 (Harpo).csv	Harpo	711	in-ear	1
Simgot Audio EA500	in-ear/Simgot Audio EA500.csv	Harpo	711	in-ear	1
Simgot Audio EA500LM (black nozzle)	in-ear/Simgot Audio EA500LM (black nozzle) (Harpo).csv	Harpo	711	in-ear	1
Simgot Audio EA500LM (bronze nozzle)	in-ear/Simgot Audio EA500LM (bronze nozzle).csv	Harpo	711	in-ear	1
Simgot Audio EA500LM (red nozzle)	in-ear/Simgot Audio EA500LM (red nozzle) (Harpo).csv	Harpo	711	in-ear	1
Simgot Audio EM6L	in-ear/Simgot Audio EM6L (Harpo).csv	Harpo	711	in-ear	1
Simgot Audio EW100P	in-ear/Simgot Audio EW100P.csv	Harpo	711	in-ear	1
Simgot Audio EW200	in-ear/Simgot Audio EW200 (Harpo).csv	Harpo	711	in-ear	1
SoftEars Studio 4	in-ear/SoftEars Studio 4.csv	Harpo	711	in-ear	1
SoftEars Twilight	in-ear/SoftEars Twilight (Harpo).csv	Harpo	711	in-ear	1
SoftEars Volume	in-ear/SoftEars Volume.csv	Harpo	711	in-ear	1
Sony MDR-XB41EX	in-ear/Sony MDR-XB41EX.csv	Harpo	711	in-ear	1
SoundPeats Engine 4	in-ear/SoundPeats Engine 4.csv	Harpo	711	in-ear	1
Tanchjim HANA 2021	in-ear/Tanchjim HANA 2021 (Harpo).csv	Harpo	711	in-ear	1
Tanchjim Ola	in-ear/Tanchjim Ola (Harpo).csv	Harpo	711	in-ear	1
Tanchjim One	in-ear/Tanchjim One (Harpo).csv	Harpo	711	in-ear	1
Tanchjim Tanya	in-ear/Tanchjim Tanya (Harpo).csv	Harpo	711	in-ear	1
TANGZU Fudu	in-ear/TANGZU Fudu.csv	Harpo	711	in-ear	1
TANGZU Wan'er S.G	in-ear/TANGZU Wan'er S.G (Harpo).csv	Harpo	711	in-ear	1
TANGZU Zetian Wu	in-ear/TANGZU Zetian Wu (Harpo).csv	Harpo	711	in-ear	1
TForce Yuan Li	in-ear/TForce Yuan Li.csv	Harpo	711	in-ear	1
TFZ T2 Pro	in-ear/TFZ T2 Pro.csv	Harpo	711	in-ear	1
ThieAudio Monarch MKII	in-ear/ThieAudio Monarch MKII.csv	Harpo	711	in-ear	1
ThieAudio Oracle MKII	in-ear/ThieAudio Oracle MKII (Harpo).csv	Harpo	711	in-ear	1
Tiandirenhe TD15	in-ear/Tiandirenhe TD15.csv	Harpo	711	in-ear	1
Tiandirenhe TD19	in-ear/Tiandirenhe TD19.csv	Harpo	711	in-ear	1
Tin HiFi C0	in-ear/Tin HiFi C0.csv	Harpo	711	in-ear	1
Tin HiFi T2 Plus	in-ear/Tin HiFi T2 Plus.csv	Harpo	711	in-ear	1
Tipsy TTROMSO	in-ear/Tipsy TTROMSO.csv	Harpo	711	in-ear	1
TRI i3 Pro	in-ear/TRI i3 Pro (Harpo).csv	Harpo	711	in-ear	1
TRI Kai	in-ear/TRI Kai.csv	Harpo	711	in-ear	1
TRI Meteor	in-ear/TRI Meteor.csv	Harpo	711	in-ear	1
Tripowin Cencibel	in-ear/Tripowin Cencibel.csv	Harpo	711	in-ear	1
Tripowin Kailua	in-ear/Tripowin Kailua.csv	Harpo	711	in-ear	1
Tripowin Leá	in-ear/Tripowin Leá.csv	Harpo	711	in-ear	1
Tripowin Piccolo	in-ear/Tripowin Piccolo (Harpo).csv	Harpo	711	in-ear	1
Tripowin x HBB Mele	in-ear/Tripowin x HBB Mele.csv	Harpo	711	in-ear	1
TRN MT3	in-ear/TRN MT3.csv	Harpo	711	in-ear	1
TRN ST5	in-ear/TRN ST5.csv	Harpo	711	in-ear	1
TRN V80	in-ear/TRN V80.csv	Harpo	711	in-ear	1
Truthear Hexa	in-ear/Truthear Hexa (Harpo).csv	Harpo	711	in-ear	1
Truthear Hola	in-ear/Truthear Hola (Harpo).csv	Harpo	711	in-ear	1
Truthear x Crinacle Zero RED (Bass+)	in-ear/Truthear x Crinacle Zero RED (Bass+) (Harpo).csv	Harpo	711	in-ear	1
Truthear x Crinacle Zero RED	in-ear/Truthear x Crinacle Zero RED (Harpo).csv	Harpo	711	in-ear	1
Truthear x Crinacle Zero	in-ear/Truthear x Crinacle Zero (Harpo).csv	Harpo	711	in-ear	1
UiiSii BA-T6	in-ear/UiiSii BA-T6.csv	Harpo	711	in-ear	1
Whizzer BS1	in-ear/Whizzer BS1.csv	Harpo	711	in-ear	1
XINHS x Akros Erasmus (off-off)	in-ear/XINHS x Akros Erasmus (off-off) (Harpo).csv	Harpo	711	in-ear	1
XINHS x Akros Erasmus (off-on)	in-ear/XINHS x Akros Erasmus (off-on).csv	Harpo	711	in-ear	1
XINHS x Akros Erasmus (on-off)	in-ear/XINHS x Akros Erasmus (on-off).csv	Harpo	711	in-ear	1
XINHS x Akros Erasmus (on-on)	in-ear/XINHS x Akros Erasmus (on-on) (Harpo).csv	Harpo	711	in-ear	1
ZiiGaat Cincotres	in-ear/ZiiGaat Cincotres.csv	Harpo	711	in-ear	1
ZiiGaat Doscinco	in-ear/ZiiGaat Doscinco.csv	Harpo	711	in-ear	1
Apple EarPods	earbud/Apple EarPods.csv	Headphone.com Legacy		earbud	1
Polk Audio UltraFit 1000	earbud/Polk Audio UltraFit 1000.csv	Headphone.com Legacy		earbud	1
Polk Audio UltraFit 500 (sample 1)	earbud/Polk Audio UltraFit 500 (sample 1).csv	Headphone.com Legacy		earbud	1
Polk Audio UltraFit 500 (sample 2)	earbud/Polk Audio UltraFit 500 (sample 2).csv	Headphone.com Legacy		earbud	1
Polk Audio UltraFit 500	earbud/Polk Audio UltraFit 500.csv	Headphone.com Legacy		earbud	1
Sennheiser MX 560	earbud/Sennheiser MX 560.csv	Headphone.com Legacy		earbud	1
Sennheiser OMX 680	earbud/Sennheiser OMX 680.csv	Headphone.com Legacy		earbud	1
Sennheiser PMX 680	earbud/Sennheiser PMX 680.csv	Headphone.com Legacy		earbud	1
Yuin PK1	earbud/Yuin PK1.csv	Headphone.com Legacy		earbud	1
Yuin PK2	earbud/Yuin PK2.csv	Headphone.com Legacy		earbud	1
AKG K3003 (bass boost filter)	in-ear/AKG K3003 (bass boost filter).csv	Headphone.com Legacy		in-ear	1
AKG K3003 (high boost filter)	in-ear/AKG K3003 (high boost filter).csv	Headphone.com Legacy		in-ear	1
AKG K3003 (reference filter)	in-ear/AKG K3003 (reference filter).csv	Headphone.com Legacy		in-ear	1
AKG Q350 Quincy Jones	in-ear/AKG Q350 Quincy Jones.csv	Headphone.com Legacy		in-ear	1
Cardas EM5813	in-ear/Cardas EM5813.csv	Headphone.com Legacy		in-ear	1
Denon AH-C260R	in-ear/Denon AH-C260R.csv	Headphone.com Legacy		in-ear	1
Denon AH-C351K	in-ear/Denon AH-C351K.csv	Headphone.com Legacy		in-ear	1
Denon AH-C360	in-ear/Denon AH-C360.csv	Headphone.com Legacy		in-ear	1
Denon AH-C452K	in-ear/Denon AH-C452K.csv	Headphone.com Legacy		in-ear	1
Denon AH-C551K	in-ear/Denon AH-C551K.csv	Headphone.com Legacy		in-ear	1
Denon AH-C560R	in-ear/Denon AH-C560R.csv	Headphone.com Legacy		in-ear	1
Denon AH-C710	in-ear/Denon AH-C710.csv	Headphone.com Legacy		in-ear	1
Denon AH-C751K	in-ear/Denon AH-C751K.csv	Headphone.com Legacy		in-ear	1
Etymotic ER4P	in-ear/Etymotic ER4P.csv	Headphone.com Legacy		in-ear	1
Etymotic ER4S	in-ear/Etymotic ER4S.csv	Headphone.com Legacy		in-ear	1
Etymotic ER6i	in-ear/Etymotic ER6i.csv	Headphone.com Legacy		in-ear	1
Etymotic hf2	in-ear/Etymotic hf2.csv	Headphone.com Legacy		in-ear	1
Etymotic hf3	in-ear/Etymotic hf3.csv	Headphone.com Legacy		in-ear	1
Etymotic hf5	in-ear/Etymotic hf5.csv	Headphone.com Legacy		in-ear	1
Etymotic mc3	in-ear/Etymotic mc3.csv	Headphone.com Legacy		in-ear	1
Etymotic mc5	in-ear/Etymotic mc5.csv	Headphone.com Legacy		in-ear	1
Grado GR10	in-ear/Grado GR10.csv	Headphone.com Legacy		in-ear	1
Grado GR8	in-ear/Grado GR8.csv	Headphone.com Legacy		in-ear	1
Grado iGi	in-ear/Grado iGi.csv	Headphone.com Legacy		in-ear	1
Grado iGrado White	in-ear/Grado iGrado White.csv	Headphone.com Legacy		in-ear	1
iHarmonix iHX Pro ev-Series	in-ear/iHarmonix iHX Pro ev-Series.csv	Headphone.com Legacy		in-ear	1
JAYS d-JAYS	in-ear/JAYS d-JAYS.csv	Headphone.com Legacy		in-ear	1
JAYS j-JAYS	in-ear/JAYS j-JAYS.csv	Headphone.com Legacy		in-ear	1
JAYS q-JAYS	in-ear/JAYS q-JAYS.csv	Headphone.com Legacy		in-ear	1
Klipsch Image S2	in-ear/Klipsch Image S2.csv	Headphone.com Legacy		in-ear	1
Klipsch Image S4	in-ear/Klipsch Image S4.csv	Headphone.com Legacy		in-ear	1
Klipsch Image S4i	in-ear/Klipsch Image S4i.csv	Headphone.com Legacy		in-ear	1
Klipsch X-10i	in-ear/Klipsch X-10i.csv	Headphone.com Legacy		in-ear	1
Lenntek Pro Series	in-ear/Lenntek Pro Series.csv	Headphone.com Legacy		in-ear	1
Lenntek Sonix 3 Headset	in-ear/Lenntek Sonix 3 Headset.csv	Headphone.com Legacy		in-ear	1
Maximo iMetal iM-590 White	in-ear/Maximo iMetal iM-590 White.csv	Headphone.com Legacy		in-ear	1
Maximo iMetal iM-590	in-ear/Maximo iMetal iM-590.csv	Headphone.com Legacy		in-ear	1
Maximo iMetal iP-HS5	in-ear/Maximo iMetal iP-HS5.csv	Headphone.com Legacy		in-ear	1
Monster Jamz	in-ear/Monster Jamz.csv	Headphone.com Legacy		in-ear	1
Monster Lil Jamz	in-ear/Monster Lil Jamz.csv	Headphone.com Legacy		in-ear	1
Monster Turbine-Pro	in-ear/Monster Turbine-Pro.csv	Headphone.com Legacy		in-ear	1
Monster Turbine	in-ear/Monster Turbine.csv	Headphone.com Legacy		in-ear	1
Nocs NS 400	in-ear/Nocs NS 400.csv	Headphone.com Legacy		in-ear	1
Nocs NS200	in-ear/Nocs NS200.csv	Headphone.com Legacy		in-ear	1
Nocs NS700	in-ear/Nocs NS700.csv	Headphone.com Legacy		in-ear	1
Nocs NS800	in-ear/Nocs NS800.csv	Headphone.com Legacy		in-ear	1
Phiaton PS 200	in-ear/Phiaton PS 200.csv	Headphone.com Legacy		in-ear	1
Phiaton PS 210	in-ear/Phiaton PS 210.csv	Headphone.com Legacy		in-ear	1
Polk Audio UltraFit 3000 (sample A)	in-ear/Polk Audio UltraFit 3000 (sample A).csv	Headphone.com Legacy		in-ear	1
Polk Audio UltraFit 3000 (sample B)	in-ear/Polk Audio UltraFit 3000 (sample B).csv	Headphone.com Legacy		in-ear	1
Polk Audio UltraFit 3000	in-ear/Polk Audio UltraFit 3000.csv	Headphone.com Legacy		in-ear	1
Sennheiser CX 300-II	in-ear/Sennheiser CX 300-II.csv	Headphone.com Legacy		in-ear	1
Sennheiser CX 500	in-ear/Sennheiser CX 500.csv	Headphone.com Legacy		in-ear	1
Sennheiser CX 680	in-ear/Sennheiser CX 680.csv	Headphone.com Legacy		in-ear	1
Sennheiser CX 880	in-ear/Sennheiser CX 880.csv	Headphone.com Legacy		in-ear	1
Sennheiser IE 8	in-ear/Sennheiser IE 8.csv	Headphone.com Legacy		in-ear	1
Sennheiser MM 50 iP	in-ear/Sennheiser MM 50 iP.csv	Headphone.com Legacy		in-ear	1
Shure SE110	in-ear/Shure SE110.csv	Headphone.com Legacy		in-ear	1
Shure SE210	in-ear/Shure SE210.csv	Headphone.com Legacy		in-ear	1
Shure SE215	in-ear/Shure SE215.csv	Headphone.com Legacy		in-ear	1
Shure SE310	in-ear/Shure SE310.csv	Headphone.com Legacy		in-ear	1
Shure SE315	in-ear/Shure SE315.csv	Headphone.com Legacy		in-ear	1
Shure SE420	in-ear/Shure SE420.csv	Headphone.com Legacy		in-ear	1
Shure SE425	in-ear/Shure SE425.csv	Headphone.com Legacy		in-ear	1
Shure SE530	in-ear/Shure SE530.csv	Headphone.com Legacy		in-ear	1
Shure SE535	in-ear/Shure SE535.csv	Headphone.com Legacy		in-ear	1
Shure SE846 (black)	in-ear/Shure SE846 (black).csv	Headphone.com Legacy		in-ear	1
Shure SE846 (blue)	in-ear/Shure SE846 (blue).csv	Headphone.com Legacy		in-ear	1
Shure SE846 (white)	in-ear/Shure SE846 (white).csv	Headphone.com Legacy		in-ear	1
Skullcandy Holua	in-ear/Skullcandy Holua.csv	Headphone.com Legacy		in-ear	1
Skullcandy Smokin Buds- Mic'd	in-ear/Skullcandy Smokin Buds- Mic'd.csv	Headphone.com Legacy		in-ear	1
Skullcandy Smokin Buds	in-ear/Skullcandy Smokin Buds.csv	Headphone.com Legacy		in-ear	1
Sleek SA1	in-ear/Sleek SA1.csv	Headphone.com Legacy		in-ear	1
Sleek SA6	in-ear/Sleek SA6.csv	Headphone.com Legacy		in-ear	1
Sony MDR-7550	in-ear/Sony MDR-7550.csv	Headphone.com Legacy		in-ear	1
Sony MDR-AS40EX	in-ear/Sony MDR-AS40EX.csv	Headphone.com Legacy		in-ear	1
Sony MDR-AS50G	in-ear/Sony MDR-AS50G.csv	Headphone.com Legacy		in-ear	1
Sony MDR-EX56LP	in-ear/Sony MDR-EX56LP.csv	Headphone.com Legacy		in-ear	1
Sony MDR-EX57LP	in-ear/Sony MDR-EX57LP.csv	Headphone.com Legacy		in-ear	1
Thinksoud RAIN	in-ear/Thinksoud RAIN.csv	Headphone.com Legacy		in-ear	1
Thinksound ts01	in-ear/Thinksound ts01.csv	Headphone.com Legacy		in-ear	1
Thinksound ts02	in-ear/Thinksound ts02.csv	Headphone.com Legacy		in-ear	1
Ultimate Ears UE350	in-ear/Ultimate Ears UE350.csv	Headphone.com Legacy		in-ear	1
Ultimate Ears UE500	in-ear/Ultimate Ears UE500.csv	Headphone.com Legacy		in-ear	1
Ultimate Ears UE600	in-ear/Ultimate Ears UE600.csv	Headphone.com Legacy		in-ear	1
Ultimate Ears UE700	in-ear/Ultimate Ears UE700.csv	Headphone.com Legacy		in-ear	1
Westone 4R	in-ear/Westone 4R.csv	Headphone.com Legacy		in-ear	1
Westone UM1	in-ear/Westone UM1.csv	Headphone.com Legacy		in-ear	1
Westone UM3X RC	in-ear/Westone UM3X RC.csv	Headphone.com Legacy		in-ear	1
Westone W2	in-ear/Westone W2.csv	Headphone.com Legacy		in-ear	1
Woodees iESW100B	in-ear/Woodees iESW100B.csv	Headphone.com Legacy		in-ear	1
Woodees iESW100L 24K Blues	in-ear/Woodees iESW100L 24K Blues.csv	Headphone.com Legacy		in-ear	1
Woodees iESW101B	in-ear/Woodees iESW101B.csv	Headphone.com Legacy		in-ear	1
Woodees iESW101V Vintage	in-ear/Woodees iESW101V Vintage.csv	Headphone.com Legacy		in-ear	1
AKG K240 MKII	over-ear/AKG K240 MKII.csv	Headphone.com Legacy		over-ear	1
AKG K271 MKII	over-ear/AKG K271 MKII.csv	Headphone.com Legacy		over-ear	1
AKG K272HD	over-ear/AKG K272HD.csv	Headphone.com Legacy		over-ear	1
AKG K550	over-ear/AKG K550.csv	Headphone.com Legacy		over-ear	1
AKG K601	over-ear/AKG K601.csv	Headphone.com Legacy		over-ear	1
AKG K701	over-ear/AKG K701 (Headphone.com Legacy).csv	Headphone.com Legacy		over-ear	1
AKG K702	over-ear/AKG K702 (Headphone.com Legacy).csv	Headphone.com Legacy		over-ear	1
AKG K712	over-ear/AKG K712.csv	Headphone.com Legacy		over-ear	1
AKG K81 DJ	over-ear/AKG K81 DJ.csv	Headphone.com Legacy		over-ear	1
AKG K812	over-ear/AKG K812.csv	Headphone.com Legacy		over-ear	1
AKG Q460 Quincy Jones	over-ear/AKG Q460 Quincy Jones.csv	Headphone.com Legacy		over-ear	1
AKG Q701 Quincy Jones	over-ear/AKG Q701 Quincy Jones.csv	Headphone.com Legacy		over-ear	1
Audeze LCD-2 (Rev 2)	over-ear/Audeze LCD-2 (Rev 2).csv	Headphone.com Legacy		over-ear	1
Audeze LCD-3	over-ear/Audeze LCD-3.csv	Headphone.com Legacy		over-ear	1
Audeze LCD-X	over-ear/Audeze LCD-X (Headphone.com Legacy).csv	Headphone.com Legacy		over-ear	1
Audeze LCD-XC	over-ear/Audeze LCD-XC.csv	Headphone.com Legacy		over-ear	1
Audio-Technica ATH-A55	over-ear/Audio-Technica ATH-A55.csv	Headphone.com Legacy		over-ear	1
Audio-Technica ATH-A700	over-ear/Audio-Technica ATH-A700.csv	Headphone.com Legacy		over-ear	1
Audio-Technica ATH-A900	over-ear/Audio-Technica ATH-A900.csv	Headphone.com Legacy		over-ear	1
Audio-Technica ATH-AD500	over-ear/Audio-Technica ATH-AD500.csv	Headphone.com Legacy		over-ear	1
Audio-Technica ATH-AD700	over-ear/Audio-Technica ATH-AD700.csv	Headphone.com Legacy		over-ear	1
Audio-Technica ATH-AD900	over-ear/Audio-Technica ATH-AD900.csv	Headphone.com Legacy		over-ear	1
Audio-Technica ATH-ANC7b	over-ear/Audio-Technica ATH-ANC7b.csv	Headphone.com Legacy		over-ear	1
Audio-Technica ATH-ESW9	over-ear/Audio-Technica ATH-ESW9.csv	Headphone.com Legacy		over-ear	1
Audio-Technica ATH-ESW9A	over-ear/Audio-Technica ATH-ESW9A.csv	Headphone.com Legacy		over-ear	1
Audio-Technica ATH-FC700A	over-ear/Audio-Technica ATH-FC700A.csv	Headphone.com Legacy		over-ear	1
Audio-Technica ATH-M10	over-ear/Audio-Technica ATH-M10.csv	Headphone.com Legacy		over-ear	1
Audio-Technica ATH-M50	over-ear/Audio-Technica ATH-M50.csv	Headphone.com Legacy		over-ear	1
Audio-Technica ATH-M50x	over-ear/Audio-Technica ATH-M50x (Headphone.com Legacy).csv	Headphone.com Legacy		over-ear	1
Audio-Technica ATH-PRO700	over-ear/Audio-Technica ATH-PRO700.csv	Headphone.com Legacy		over-ear	1
Audio-Technica ATH-W5000	over-ear/Audio-Technica ATH-W5000.csv	Headphone.com Legacy		over-ear	1
Beyerdynamic Custom One Pro (step 2)	over-ear/Beyerdynamic Custom One Pro (step 2).csv	Headphone.com Legacy		over-ear	1
Beyerdynamic DT 1350	over-ear/Beyerdynamic DT 1350.csv	Headphone.com Legacy		over-ear	1
Beyerdynamic DT 231	over-ear/Beyerdynamic DT 231.csv	Headphone.com Legacy		over-ear	1
Beyerdynamic DT 235	over-ear/Beyerdynamic DT 235.csv	Headphone.com Legacy		over-ear	1
Beyerdynamic DT 250 (250 Ohm)	over-ear/Beyerdynamic DT 250 (250 Ohm).csv	Headphone.com Legacy		over-ear	1
Beyerdynamic DT 770 Pro (250 Ohm)	over-ear/Beyerdynamic DT 770 Pro (250 Ohm) (Headphone.com Legacy).csv	Headphone.com Legacy		over-ear	1
Beyerdynamic DT 770 Pro (32 Ohm)	over-ear/Beyerdynamic DT 770 Pro (32 Ohm).csv	Headphone.com Legacy		over-ear	1
Beyerdynamic DT 770 Pro (600 Ohm)	over-ear/Beyerdynamic DT 770 Pro (600 Ohm).csv	Headphone.com Legacy		over-ear	1
Beyerdynamic DT 880 (250 Ohm)	over-ear/Beyerdynamic DT 880 (250 Ohm) (Headphone.com Legacy).csv	Headphone.com Legacy		over-ear	1
Beyerdynamic DT 880 (32 Ohm)	over-ear/Beyerdynamic DT 880 (32 Ohm).csv	Headphone.com Legacy		over-ear	1
Beyerdynamic DT 880 (600 Ohm)	over-ear/Beyerdynamic DT 880 (600 Ohm).csv	Headphone.com Legacy		over-ear	1
Beyerdynamic DT 990 (600 Ohm)	over-ear/Beyerdynamic DT 990 (600 Ohm).csv	Headphone.com Legacy		over-ear	1
Beyerdynamic DT 990 Pro	over-ear/Beyerdynamic DT 990 Pro (Headphone.com Legacy).csv	Headphone.com Legacy		over-ear	1
Beyerdynamic T1	over-ear/Beyerdynamic T1.csv	Headphone.com Legacy		over-ear	1
Beyerdynamic T50p	over-ear/Beyerdynamic T50p.csv	Headphone.com Legacy		over-ear	1
Beyerdynamic T5p	over-ear/Beyerdynamic T5p.csv	Headphone.com Legacy		over-ear	1
Beyerdynamic T70	over-ear/Beyerdynamic T70.csv	Headphone.com Legacy		over-ear	1
Beyerdynamic T70p	over-ear/Beyerdynamic T70p.csv	Headphone.com Legacy		over-ear	1
Beyerdynamic T90	over-ear/Beyerdynamic T90.csv	Headphone.com Legacy		over-ear	1
Bose QuietComfort 15	over-ear/Bose QuietComfort 15.csv	Headphone.com Legacy		over-ear	1
Bose QuietComfort 3	over-ear/Bose QuietComfort 3.csv	Headphone.com Legacy		over-ear	1
Denon AH-D1001K Silver	over-ear/Denon AH-D1001K Silver.csv	Headphone.com Legacy		over-ear	1
Denon AH-D1100	over-ear/Denon AH-D1100.csv	Headphone.com Legacy		over-ear	1
Denon AH-D2000	over-ear/Denon AH-D2000.csv	Headphone.com Legacy		over-ear	1
Denon AH-D310R	over-ear/Denon AH-D310R.csv	Headphone.com Legacy		over-ear	1
Denon AH-D5000	over-ear/Denon AH-D5000.csv	Headphone.com Legacy		over-ear	1
Denon AH-D600	over-ear/Denon AH-D600.csv	Headphone.com Legacy		over-ear	1
Denon AH-D7000	over-ear/Denon AH-D7000.csv	Headphone.com Legacy		over-ear	1
Denon AH-D7100	over-ear/Denon AH-D7100.csv	Headphone.com Legacy		over-ear	1
Denon AH-NC732K	over-ear/Denon AH-NC732K.csv	Headphone.com Legacy		over-ear	1
Focal Spirit One	over-ear/Focal Spirit One.csv	Headphone.com Legacy		over-ear	1
Fostex TH600	over-ear/Fostex TH600.csv	Headphone.com Legacy		over-ear	1
Fostex TH900	over-ear/Fostex TH900.csv	Headphone.com Legacy		over-ear	1
Grado GS1000	over-ear/Grado GS1000.csv	Headphone.com Legacy		over-ear	1
Grado PS1000	over-ear/Grado PS1000.csv	Headphone.com Legacy		over-ear	1
Grado PS500	over-ear/Grado PS500.csv	Headphone.com Legacy		over-ear	1
Grado RS1	over-ear/Grado RS1.csv	Headphone.com Legacy		over-ear	1
Grado RS2	over-ear/Grado RS2.csv	Headphone.com Legacy		over-ear	1
Grado SR125i	over-ear/Grado SR125i.csv	Headphone.com Legacy		over-ear	1
Grado SR225	over-ear/Grado SR225.csv	Headphone.com Legacy		over-ear	1
Grado SR325	over-ear/Grado SR325.csv	Headphone.com Legacy		over-ear	1
Grado SR60	over-ear/Grado SR60.csv	Headphone.com Legacy		over-ear	1
Grado SR80	over-ear/Grado SR80.csv	Headphone.com Legacy		over-ear	1
HIFIMAN HE-400	over-ear/HIFIMAN HE-400.csv	Headphone.com Legacy		over-ear	1
HIFIMAN HE-5	over-ear/HIFIMAN HE-5.csv	Headphone.com Legacy		over-ear	1
HIFIMAN HE-500	over-ear/HIFIMAN HE-500.csv	Headphone.com Legacy		over-ear	1
HIFIMAN HE-5LE	over-ear/HIFIMAN HE-5LE.csv	Headphone.com Legacy		over-ear	1
HIFIMAN HE6	over-ear/HIFIMAN HE6.csv	Headphone.com Legacy		over-ear	1
KEF M500	over-ear/KEF M500.csv	Headphone.com Legacy		over-ear	1
Klipsch Image One	over-ear/Klipsch Image One.csv	Headphone.com Legacy		over-ear	1
Klipsch Mode M40	over-ear/Klipsch Mode M40.csv	Headphone.com Legacy		over-ear	1
Klipsch Reference ONE	over-ear/Klipsch Reference ONE.csv	Headphone.com Legacy		over-ear	1
Koss KDE250	over-ear/Koss KDE250.csv	Headphone.com Legacy		over-ear	1
Koss KSC75	over-ear/Koss KSC75 (Headphone.com Legacy).csv	Headphone.com Legacy		over-ear	1
Koss Porta Pro (sample 1)	over-ear/Koss Porta Pro (sample 1).csv	Headphone.com Legacy		over-ear	1
Koss Porta Pro (sample 2)	over-ear/Koss Porta Pro (sample 2).csv	Headphone.com Legacy		over-ear	1
Koss Porta Pro Aniv Ed	over-ear/Koss Porta Pro Aniv Ed.csv	Headphone.com Legacy		over-ear	1
Koss Porta Pro	over-ear/Koss Porta Pro.csv	Headphone.com Legacy		over-ear	1
Koss PRO DJ 100	over-ear/Koss PRO DJ 100.csv	Headphone.com Legacy		over-ear	1
Koss SportaPro	over-ear/Koss SportaPro.csv	Headphone.com Legacy		over-ear	1
Koss Tony Bennett	over-ear/Koss Tony Bennett.csv	Headphone.com Legacy		over-ear	1
Koss UR 20	over-ear/Koss UR 20.csv	Headphone.com Legacy		over-ear	1
Koss UR 29	over-ear/Koss UR 29.csv	Headphone.com Legacy		over-ear	1
KRK SYSTEMS KNS 6400	over-ear/KRK SYSTEMS KNS 6400.csv	Headphone.com Legacy		over-ear	1
KRK SYSTEMS KNS 8400	over-ear/KRK SYSTEMS KNS 8400.csv	Headphone.com Legacy		over-ear	1
Marshall Major	over-ear/Marshall Major.csv	Headphone.com Legacy		over-ear	1
Monster Solo	over-ear/Monster Solo.csv	Headphone.com Legacy		over-ear	1
NAD VISO HP50	over-ear/NAD VISO HP50.csv	Headphone.com Legacy		over-ear	1
Noontec Zoro	over-ear/Noontec Zoro.csv	Headphone.com Legacy		over-ear	1
Oppo PM1	over-ear/Oppo PM1.csv	Headphone.com Legacy		over-ear	1
Ortofon 1	over-ear/Ortofon 1.csv	Headphone.com Legacy		over-ear	1
Ortofon 2	over-ear/Ortofon 2.csv	Headphone.com Legacy		over-ear	1
Phiaton Bridge MS 500	over-ear/Phiaton Bridge MS 500.csv	Headphone.com Legacy		over-ear	1
Phiaton MS 300	over-ear/Phiaton MS 300.csv	Headphone.com Legacy		over-ear	1
Phiaton MS 400	over-ear/Phiaton MS 400.csv	Headphone.com Legacy		over-ear	1
Phiaton PS 300 NC	over-ear/Phiaton PS 300 NC.csv	Headphone.com Legacy		over-ear	1
Phiaton PS 320	over-ear/Phiaton PS 320.csv	Headphone.com Legacy		over-ear	1
Phiaton PS 500	over-ear/Phiaton PS 500.csv	Headphone.com Legacy		over-ear	1
Pioneer HDJ-1000 Gold	over-ear/Pioneer HDJ-1000 Gold.csv	Headphone.com Legacy		over-ear	1
Pioneer HDJ-1000	over-ear/Pioneer HDJ-1000.csv	Headphone.com Legacy		over-ear	1
Pioneer HDJ-2000	over-ear/Pioneer HDJ-2000.csv	Headphone.com Legacy		over-ear	1
Pioneer HDJ-500	over-ear/Pioneer HDJ-500.csv	Headphone.com Legacy		over-ear	1
Polk Audio UltraFit 2000 (sample A)	over-ear/Polk Audio UltraFit 2000 (sample A).csv	Headphone.com Legacy		over-ear	1
Polk Audio UltraFit 2000 (sample B)	over-ear/Polk Audio UltraFit 2000 (sample B).csv	Headphone.com Legacy		over-ear	1
Polk Audio UltraFit 2000	over-ear/Polk Audio UltraFit 2000.csv	Headphone.com Legacy		over-ear	1
Polk Audio UltraFocus 8000 NC	over-ear/Polk Audio UltraFocus 8000 NC.csv	Headphone.com Legacy		over-ear	1
Sennheiser Amperior	over-ear/Sennheiser Amperior.csv	Headphone.com Legacy		over-ear	1
Sennheiser EH 150	over-ear/Sennheiser EH 150.csv	Headphone.com Legacy		over-ear	1
Sennheiser EH 250	over-ear/Sennheiser EH 250.csv	Headphone.com Legacy		over-ear	1
Sennheiser EH 350	over-ear/Sennheiser EH 350.csv	Headphone.com Legacy		over-ear	1
Sennheiser HD 201	over-ear/Sennheiser HD 201.csv	Headphone.com Legacy		over-ear	1
Sennheiser HD 202	over-ear/Sennheiser HD 202.csv	Headphone.com Legacy		over-ear	1
Sennheiser HD 203	over-ear/Sennheiser HD 203.csv	Headphone.com Legacy		over-ear	1
Sennheiser HD 205 II	over-ear/Sennheiser HD 205 II.csv	Headphone.com Legacy		over-ear	1
Sennheiser HD 205	over-ear/Sennheiser HD 205.csv	Headphone.com Legacy		over-ear	1
Sennheiser HD 212 PRO	over-ear/Sennheiser HD 212 PRO.csv	Headphone.com Legacy		over-ear	1
Sennheiser HD 218	over-ear/Sennheiser HD 218.csv	Headphone.com Legacy		over-ear	1
Sennheiser HD 219	over-ear/Sennheiser HD 219.csv	Headphone.com Legacy		over-ear	1
Sennheiser HD 228	over-ear/Sennheiser HD 228.csv	Headphone.com Legacy		over-ear	1
Sennheiser HD 229 Black	over-ear/Sennheiser HD 229 Black.csv	Headphone.com Legacy		over-ear	1
Sennheiser HD 238	over-ear/Sennheiser HD 238.csv	Headphone.com Legacy		over-ear	1
Sennheiser HD 239	over-ear/Sennheiser HD 239.csv	Headphone.com Legacy		over-ear	1
Sennheiser HD 25-1	over-ear/Sennheiser HD 25-1.csv	Headphone.com Legacy		over-ear	1
Sennheiser HD 25-SP	over-ear/Sennheiser HD 25-SP.csv	Headphone.com Legacy		over-ear	1
Sennheiser HD 280 Pro	over-ear/Sennheiser HD 280 Pro (Headphone.com Legacy).csv	Headphone.com Legacy		over-ear	1
Sennheiser HD 419	over-ear/Sennheiser HD 419.csv	Headphone.com Legacy		over-ear	1
Sennheiser HD 428	over-ear/Sennheiser HD 428.csv	Headphone.com Legacy		over-ear	1
Sennheiser HD 429	over-ear/Sennheiser HD 429.csv	Headphone.com Legacy		over-ear	1
Sennheiser HD 438	over-ear/Sennheiser HD 438.csv	Headphone.com Legacy		over-ear	1
Sennheiser HD 439	over-ear/Sennheiser HD 439.csv	Headphone.com Legacy		over-ear	1
Sennheiser HD 448	over-ear/Sennheiser HD 448.csv	Headphone.com Legacy		over-ear	1
Sennheiser HD 449	over-ear/Sennheiser HD 449.csv	Headphone.com Legacy		over-ear	1
Sennheiser HD 518	over-ear/Sennheiser HD 518.csv	Headphone.com Legacy		over-ear	1
Sennheiser HD 555	over-ear/Sennheiser HD 555.csv	Headphone.com Legacy		over-ear	1
Sennheiser HD 558	over-ear/Sennheiser HD 558 (Headphone.com Legacy).csv	Headphone.com Legacy		over-ear	1
Sennheiser HD 595	over-ear/Sennheiser HD 595.csv	Headphone.com Legacy		over-ear	1
Sennheiser HD 598	over-ear/Sennheiser HD 598.csv	Headphone.com Legacy		over-ear	1
Sennheiser HD 600	over-ear/Sennheiser HD 600 (Headphone.com Legacy).csv	Headphone.com Legacy		over-ear	1
Sennheiser HD 650 (balanced)	over-ear/Sennheiser HD 650 (balanced).csv	Headphone.com Legacy		over-ear	1
Sennheiser HD 650	over-ear/Sennheiser HD 650 (Headphone.com Legacy).csv	Headphone.com Legacy		over-ear	1
Sennheiser HD 700	over-ear/Sennheiser HD 700.csv	Headphone.com Legacy		over-ear	1
Sennheiser HD 800 (sample 1)	over-ear/Sennheiser HD 800 (sample 1).csv	Headphone.com Legacy		over-ear	1
Sennheiser HD 800 (sample 2)	over-ear/Sennheiser HD 800 (sample 2).csv	Headphone.com Legacy		over-ear	1
Sennheiser HD 800	over-ear/Sennheiser HD 800.csv	Headphone.com Legacy		over-ear	1
Sennheiser HD R 130	over-ear/Sennheiser HD R 130.csv	Headphone.com Legacy		over-ear	1
Sennheiser MM 550	over-ear/Sennheiser MM 550.csv	Headphone.com Legacy		over-ear	1
Sennheiser Momentum On-Ear	over-ear/Sennheiser Momentum On-Ear.csv	Headphone.com Legacy		over-ear	1
Sennheiser Momentum	over-ear/Sennheiser Momentum.csv	Headphone.com Legacy		over-ear	1
Sennheiser PMX 100	over-ear/Sennheiser PMX 100.csv	Headphone.com Legacy		over-ear	1
Sennheiser PX 100 II	over-ear/Sennheiser PX 100 II.csv	Headphone.com Legacy		over-ear	1
Sennheiser PX 200 II	over-ear/Sennheiser PX 200 II.csv	Headphone.com Legacy		over-ear	1
Sennheiser PX 200	over-ear/Sennheiser PX 200.csv	Headphone.com Legacy		over-ear	1
Sennheiser PX 360	over-ear/Sennheiser PX 360.csv	Headphone.com Legacy		over-ear	1
Sennheiser PXC 150	over-ear/Sennheiser PXC 150.csv	Headphone.com Legacy		over-ear	1
Sennheiser PXC 300	over-ear/Sennheiser PXC 300.csv	Headphone.com Legacy		over-ear	1
Sennheiser PXC 350	over-ear/Sennheiser PXC 350.csv	Headphone.com Legacy		over-ear	1
Sennheiser PXC 450	over-ear/Sennheiser PXC 450.csv	Headphone.com Legacy		over-ear	1
Sennheiser RS 130	over-ear/Sennheiser RS 130.csv	Headphone.com Legacy		over-ear	1
Sennheiser RS 160	over-ear/Sennheiser RS 160.csv	Headphone.com Legacy		over-ear	1
Sennheiser RS 170	over-ear/Sennheiser RS 170.csv	Headphone.com Legacy		over-ear	1
Sennheiser RS 180	over-ear/Sennheiser RS 180.csv	Headphone.com Legacy		over-ear	1
Sennheiser RS 220	over-ear/Sennheiser RS 220.csv	Headphone.com Legacy		over-ear	1
Shure SRH1440	over-ear/Shure SRH1440.csv	Headphone.com Legacy		over-ear	1
Shure SRH1540	over-ear/Shure SRH1540.csv	Headphone.com Legacy		over-ear	1
Shure SRH1840	over-ear/Shure SRH1840 (Headphone.com Legacy).csv	Headphone.com Legacy		over-ear	1
Shure SRH240	over-ear/Shure SRH240.csv	Headphone.com Legacy		over-ear	1
Shure SRH440	over-ear/Shure SRH440 (Headphone.com Legacy).csv	Headphone.com Legacy		over-ear	1
Shure SRH750DJ	over-ear/Shure SRH750DJ.csv	Headphone.com Legacy		over-ear	1
Shure SRH840	over-ear/Shure SRH840.csv	Headphone.com Legacy		over-ear	1
Shure SRH940	over-ear/Shure SRH940.csv	Headphone.com Legacy		over-ear	1
Skullcandy Aviators	over-ear/Skullcandy Aviators.csv	Headphone.com Legacy		over-ear	1
Skullcandy Hesh NBA	over-ear/Skullcandy Hesh NBA.csv	Headphone.com Legacy		over-ear	1
Skullcandy Hesh	over-ear/Skullcandy Hesh.csv	Headphone.com Legacy		over-ear	1
Skullcandy Mix Master	over-ear/Skullcandy Mix Master.csv	Headphone.com Legacy		over-ear	1
Skullcandy SkullCrushers Max Bass	over-ear/Skullcandy SkullCrushers Max Bass.csv	Headphone.com Legacy		over-ear	1
Sony MDR-7502	over-ear/Sony MDR-7502.csv	Headphone.com Legacy		over-ear	1
Sony MDR-7505	over-ear/Sony MDR-7505.csv	Headphone.com Legacy		over-ear	1
Sony MDR-7506	over-ear/Sony MDR-7506.csv	Headphone.com Legacy		over-ear	1
Sony MDR-7509HD	over-ear/Sony MDR-7509HD.csv	Headphone.com Legacy		over-ear	1
Sony MDR-DS3000	over-ear/Sony MDR-DS3000.csv	Headphone.com Legacy		over-ear	1
Sony MDR-DS6000	over-ear/Sony MDR-DS6000.csv	Headphone.com Legacy		over-ear	1
Sony MDR-G75	over-ear/Sony MDR-G75.csv	Headphone.com Legacy		over-ear	1
Sony MDR-Q68LW	over-ear/Sony MDR-Q68LW.csv	Headphone.com Legacy		over-ear	1
Sony MDR-SA5000	over-ear/Sony MDR-SA5000.csv	Headphone.com Legacy		over-ear	1
Sony MDR-V500	over-ear/Sony MDR-V500.csv	Headphone.com Legacy		over-ear	1
Sony MDR-V6	over-ear/Sony MDR-V6.csv	Headphone.com Legacy		over-ear	1
Sony MDR-V700	over-ear/Sony MDR-V700.csv	Headphone.com Legacy		over-ear	1
Sony MDR-XB300	over-ear/Sony MDR-XB300.csv	Headphone.com Legacy		over-ear	1
Sony MDR-XB500	over-ear/Sony MDR-XB500.csv	Headphone.com Legacy		over-ear	1
Sony MDR-XB700	over-ear/Sony MDR-XB700.csv	Headphone.com Legacy		over-ear	1
Sony MDR-Z1000	over-ear/Sony MDR-Z1000.csv	Headphone.com Legacy		over-ear	1
Sony MDR-ZX700	over-ear/Sony MDR-ZX700.csv	Headphone.com Legacy		over-ear	1
Spider Moonlight	over-ear/Spider Moonlight.csv	Headphone.com Legacy		over-ear	1
Superlux HD 668B	over-ear/Superlux HD 668B.csv	Headphone.com Legacy		over-ear	1
Superlux HD 681	over-ear/Superlux HD 681.csv	Headphone.com Legacy		over-ear	1
Teac CT-H02	over-ear/Teac CT-H02.csv	Headphone.com Legacy		over-ear	1
Ultrasone Edition 8 Palladium	over-ear/Ultrasone Edition 8 Palladium.csv	Headphone.com Legacy		over-ear	1
Ultrasone Edition 8	over-ear/Ultrasone Edition 8.csv	Headphone.com Legacy		over-ear	1
Ultrasone HFI-2400	over-ear/Ultrasone HFI-2400.csv	Headphone.com Legacy		over-ear	1
Ultrasone HFI-450	over-ear/Ultrasone HFI-450.csv	Headphone.com Legacy		over-ear	1
Ultrasone HFI-580	over-ear/Ultrasone HFI-580.csv	Headphone.com Legacy		over-ear	1
Ultrasone HFI-780	over-ear/Ultrasone HFI-780.csv	Headphone.com Legacy		over-ear	1
Ultrasone PRO 900	over-ear/Ultrasone PRO 900.csv	Headphone.com Legacy		over-ear	1
Ultrasone PROline 550	over-ear/Ultrasone PROline 550.csv	Headphone.com Legacy		over-ear	1
Ultrasone PROline 650	over-ear/Ultrasone PROline 650.csv	Headphone.com Legacy		over-ear	1
Ultrasone Signature Pro	over-ear/Ultrasone Signature Pro.csv	Headphone.com Legacy		over-ear	1
Ultrasone Zino	over-ear/Ultrasone Zino.csv	Headphone.com Legacy		over-ear	1
Urbanears Plattan	over-ear/Urbanears Plattan.csv	Headphone.com Legacy		over-ear	1
V-MODA Crossfade M-100	over-ear/V-MODA Crossfade M-100.csv	Headphone.com Legacy		over-ear	1
V-MODA Crossfade M-80	over-ear/V-MODA Crossfade M-80.csv	Headphone.com Legacy		over-ear	1
V-MODA LP2	over-ear/V-MODA LP2.csv	Headphone.com Legacy		over-ear	1
V-MODA XS	over-ear/V-MODA XS.csv	Headphone.com Legacy		over-ear	1
Yuin G1A	over-ear/Yuin G1A.csv	Headphone.com Legacy		over-ear	1
Yuin G2A	over-ear/Yuin G2A.csv	Headphone.com Legacy		over-ear	1
7Hz G1	in-ear/7Hz G1.csv	Hi End Portable	711	in-ear	1
7Hz Legato	in-ear/7Hz Legato (Hi End Portable).csv	Hi End Portable	711	in-ear	1
7Hz Sonus	in-ear/7Hz Sonus (Hi End Portable).csv	Hi End Portable	711	in-ear	1
7Hz Timeless II (bullet gold nozzle)	in-ear/7Hz Timeless II (bullet gold nozzle).csv	Hi End Portable	711	in-ear	1
7Hz Timeless II (bullet silver nozzle)	in-ear/7Hz Timeless II (bullet silver nozzle).csv	Hi End Portable	711	in-ear	1
7Hz Timeless II (flat gold nozzle)	in-ear/7Hz Timeless II (flat gold nozzle).csv	Hi End Portable	711	in-ear	1
7Hz Timeless II (flat silver nozzle)	in-ear/7Hz Timeless II (flat silver nozzle).csv	Hi End Portable	711	in-ear	1
7Hz x Crinacle Zero 2	in-ear/7Hz x Crinacle Zero 2.csv	Hi End Portable	711	in-ear	1
Anew U1	in-ear/Anew U1.csv	Hi End Portable	711	in-ear	1
Apevoix Grit	in-ear/Apevoix Grit.csv	Hi End Portable	711	in-ear	1
AuGlamour RT-3	in-ear/AuGlamour RT-3.csv	Hi End Portable	711	in-ear	1
AuGlamour T100	in-ear/AuGlamour T100.csv	Hi End Portable	711	in-ear	1
BGVP SGZ-DN1S	in-ear/BGVP SGZ-DN1S.csv	Hi End Portable	711	in-ear	1
BLON BL-01	in-ear/BLON BL-01.csv	Hi End Portable	711	in-ear	1
BLON BL-03	in-ear/BLON BL-03 (Hi End Portable).csv	Hi End Portable	711	in-ear	1
BLON BL-05	in-ear/BLON BL-05.csv	Hi End Portable	711	in-ear	1
BLON BL-Max	in-ear/BLON BL-Max (Hi End Portable).csv	Hi End Portable	711	in-ear	1
BLON x HBB Z300	in-ear/BLON x HBB Z300 (Hi End Portable).csv	Hi End Portable	711	in-ear	1
BLON x Z Jojo	in-ear/BLON x Z Jojo.csv	Hi End Portable	711	in-ear	1
BQEYZ Autumn (bass filter)	in-ear/BQEYZ Autumn (bass filter) (Hi End Portable).csv	Hi End Portable	711	in-ear	1
BQEYZ Autumn (normal filter)	in-ear/BQEYZ Autumn (normal filter) (Hi End Portable).csv	Hi End Portable	711	in-ear	1
BQEYZ Autumn (treble filter)	in-ear/BQEYZ Autumn (treble filter) (Hi End Portable).csv	Hi End Portable	711	in-ear	1
BQEYZ Cloud	in-ear/BQEYZ Cloud (Hi End Portable).csv	Hi End Portable	711	in-ear	1
BQEYZ Frost	in-ear/BQEYZ Frost.csv	Hi End Portable	711	in-ear	1
BQEYZ K1	in-ear/BQEYZ K1.csv	Hi End Portable	711	in-ear	1
BQEYZ KB100	in-ear/BQEYZ KB100.csv	Hi End Portable	711	in-ear	1
BQEYZ Spring 2	in-ear/BQEYZ Spring 2.csv	Hi End Portable	711	in-ear	1
BQEYZ Summer	in-ear/BQEYZ Summer.csv	Hi End Portable	711	in-ear	1
BQEYZ Topaz	in-ear/BQEYZ Topaz.csv	Hi End Portable	711	in-ear	1
BQEYZ Wind	in-ear/BQEYZ Wind (Hi End Portable).csv	Hi End Portable	711	in-ear	1
BQEYZ Winter	in-ear/BQEYZ Winter (Hi End Portable).csv	Hi End Portable	711	in-ear	1
Cat Ear Audio Meow	in-ear/Cat Ear Audio Meow (Hi End Portable).csv	Hi End Portable	711	in-ear	1
Cozoy Hera C103	in-ear/Cozoy Hera C103.csv	Hi End Portable	711	in-ear	1
Debauche Bacchus Monroe	in-ear/Debauche Bacchus Monroe.csv	Hi End Portable	711	in-ear	1
DUNU DN1000	in-ear/DUNU DN1000.csv	Hi End Portable	711	in-ear	1
DUNU Falcon Pro (Atmospheric Immersion filter)	in-ear/DUNU Falcon Pro (Atmospheric Immersion filter).csv	Hi End Portable	711	in-ear	1
DUNU Falcon Pro (Reference filter)	in-ear/DUNU Falcon Pro (Reference filter).csv	Hi End Portable	711	in-ear	1
DUNU Falcon Pro (Transparency filter)	in-ear/DUNU Falcon Pro (Transparency filter).csv	Hi End Portable	711	in-ear	1
DUNU Falcon Ultra (blue nozzle)	in-ear/DUNU Falcon Ultra (blue nozzle) (Hi End Portable).csv	Hi End Portable	711	in-ear	1
DUNU Falcon Ultra (gold nozzle)	in-ear/DUNU Falcon Ultra (gold nozzle) (Hi End Portable).csv	Hi End Portable	711	in-ear	1
DUNU Kima	in-ear/DUNU Kima (Hi End Portable).csv	Hi End Portable	711	in-ear	1
DUNU Titan S	in-ear/DUNU Titan S (Hi End Portable).csv	Hi End Portable	711	in-ear	1
ECCI YST-02	in-ear/ECCI YST-02.csv	Hi End Portable	711	in-ear	1
EPZ G10	in-ear/EPZ G10 (Hi End Portable).csv	Hi End Portable	711	in-ear	1
EPZ Q5	in-ear/EPZ Q5 (Hi End Portable).csv	Hi End Portable	711	in-ear	1
FAAEAL Hibiscus	in-ear/FAAEAL Hibiscus.csv	Hi End Portable	711	in-ear	1
Fatfreq Scarlet Mini	in-ear/Fatfreq Scarlet Mini.csv	Hi End Portable	711	in-ear	1
FiiO FH1	in-ear/FiiO FH1.csv	Hi End Portable	711	in-ear	1
Geek Wold GK80 (microphone cable)	in-ear/Geek Wold GK80 (microphone cable).csv	Hi End Portable	711	in-ear	1
Geek Wold GK80 (normal cable)	in-ear/Geek Wold GK80 (normal cable).csv	Hi End Portable	711	in-ear	1
Geekfly GF10	in-ear/Geekfly GF10.csv	Hi End Portable	711	in-ear	1
Geekfly GF8S	in-ear/Geekfly GF8S.csv	Hi End Portable	711	in-ear	1
Hessian TWS7	in-ear/Hessian TWS7.csv	Hi End Portable	711	in-ear	1
Hidition Violet	in-ear/Hidition Violet.csv	Hi End Portable	711	in-ear	1
Hidizs MD4 (off-off)	in-ear/Hidizs MD4 (off-off).csv	Hi End Portable	711	in-ear	1
Hidizs MD4 (off-on)	in-ear/Hidizs MD4 (off-on).csv	Hi End Portable	711	in-ear	1
Hidizs MD4 (on-off)	in-ear/Hidizs MD4 (on-off).csv	Hi End Portable	711	in-ear	1
Hidizs MD4 (on-on)	in-ear/Hidizs MD4 (on-on).csv	Hi End Portable	711	in-ear	1
Hidizs Mermaid MM2 (balanced filter)	in-ear/Hidizs Mermaid MM2 (balanced filter).csv	Hi End Portable	711	in-ear	1
Hidizs Mermaid MM2 (bass filter)	in-ear/Hidizs Mermaid MM2 (bass filter).csv	Hi End Portable	711	in-ear	1
Hidizs Mermaid MM2 (reference filter)	in-ear/Hidizs Mermaid MM2 (reference filter).csv	Hi End Portable	711	in-ear	1
Hidizs Mermaid MM2 (treble filter)	in-ear/Hidizs Mermaid MM2 (treble filter).csv	Hi End Portable	711	in-ear	1
Hidizs Mermaid MS1	in-ear/Hidizs Mermaid MS1.csv	Hi End Portable	711	in-ear	1
Hidizs MP143 (gold nozzle)	in-ear/Hidizs MP143 (gold nozzle).csv	Hi End Portable	711	in-ear	1
Hidizs MP143 (red nozzle)	in-ear/Hidizs MP143 (red nozzle).csv	Hi End Portable	711	in-ear	1
Hidizs MP143 (silver nozzle)	in-ear/Hidizs MP143 (silver nozzle).csv	Hi End Portable	711	in-ear	1
Hidizs MP143 Golden Titanium (gold nozzle)	in-ear/Hidizs MP143 Golden Titanium (gold nozzle).csv	Hi End Portable	711	in-ear	1
Hidizs MP143 Golden Titanium (red nozzle)	in-ear/Hidizs MP143 Golden Titanium (red nozzle).csv	Hi End Portable	711	in-ear	1
Hidizs MP143 Golden Titanium (silver nozzle)	in-ear/Hidizs MP143 Golden Titanium (silver nozzle).csv	Hi End Portable	711	in-ear	1
Hidizs MP145 (red nozzle)	in-ear/Hidizs MP145 (red nozzle) (Hi End Portable).csv	Hi End Portable	711	in-ear	1
Hidizs MP145 (silver nozzle)	in-ear/Hidizs MP145 (silver nozzle) (Hi End Portable).csv	Hi End Portable	711	in-ear	1
Hidizs MP145 Golden Titanium Edition (red nozzle)	in-ear/Hidizs MP145 Golden Titanium Edition (red nozzle).csv	Hi End Portable	711	in-ear	1
Hidizs MP145 Golden Titanium Edition (rosegold nozzle)	in-ear/Hidizs MP145 Golden Titanium Edition (rosegold nozzle).csv	Hi End Portable	711	in-ear	1
Hidizs MP145 Golden Titanium Edition (silver nozzle)	in-ear/Hidizs MP145 Golden Titanium Edition (silver nozzle).csv	Hi End Portable	711	in-ear	1
Hidizs MS2	in-ear/Hidizs MS2.csv	Hi End Portable	711	in-ear	1
Hidizs MS3 (red nozzle)	in-ear/Hidizs MS3 (red nozzle) (Hi End Portable).csv	Hi End Portable	711	in-ear	1
Hidizs MS3 (rosegold nozzle)	in-ear/Hidizs MS3 (rosegold nozzle) (Hi End Portable).csv	Hi End Portable	711	in-ear	1
Hidizs MS3 (silver nozzle)	in-ear/Hidizs MS3 (silver nozzle) (Hi End Portable).csv	Hi End Portable	711	in-ear	1
Hidizs MS5 (red nozzle)	in-ear/Hidizs MS5 (red nozzle).csv	Hi End Portable	711	in-ear	1
Hidizs MS5 (rosegold nozzle)	in-ear/Hidizs MS5 (rosegold nozzle).csv	Hi End Portable	711	in-ear	1
Hidizs MS5 (silver nozzle)	in-ear/Hidizs MS5 (silver nozzle).csv	Hi End Portable	711	in-ear	1
Hidizs ST2 Pro	in-ear/Hidizs ST2 Pro.csv	Hi End Portable	711	in-ear	1
IKKO OH10	in-ear/IKKO OH10 (Hi End Portable).csv	Hi End Portable	711	in-ear	1
IKKO OH1S	in-ear/IKKO OH1S (Hi End Portable).csv	Hi End Portable	711	in-ear	1
IKKO OH2	in-ear/IKKO OH2 (Hi End Portable).csv	Hi End Portable	711	in-ear	1
INTUAURA Reference 2019	in-ear/INTUAURA Reference 2019.csv	Hi End Portable	711	in-ear	1
ISN AUDIO H40	in-ear/ISN AUDIO H40 (Hi End Portable).csv	Hi End Portable	711	in-ear	1
ISN AUDIO Rambo II	in-ear/ISN AUDIO Rambo II.csv	Hi End Portable	711	in-ear	1
JH Audio TriFi 10th Anniversary	in-ear/JH Audio TriFi 10th Anniversary.csv	Hi End Portable	711	in-ear	1
Joyodio Shine (off-off-off-off)	in-ear/Joyodio Shine (off-off-off-off).csv	Hi End Portable	711	in-ear	1
Joyodio Shine (off-off-off-on)	in-ear/Joyodio Shine (off-off-off-on).csv	Hi End Portable	711	in-ear	1
Joyodio Shine (off-off-on-on)	in-ear/Joyodio Shine (off-off-on-on).csv	Hi End Portable	711	in-ear	1
Joyodio Shine (off-on-on-on)	in-ear/Joyodio Shine (off-on-on-on).csv	Hi End Portable	711	in-ear	1
Joyodio Shine (on-off-off-off)	in-ear/Joyodio Shine (on-off-off-off).csv	Hi End Portable	711	in-ear	1
Joyodio Shine (on-off-off-on)	in-ear/Joyodio Shine (on-off-off-on).csv	Hi End Portable	711	in-ear	1
Joyodio Shine (on-off-on-off)	in-ear/Joyodio Shine (on-off-on-off).csv	Hi End Portable	711	in-ear	1
Joyodio Shine (on-off-on-on)	in-ear/Joyodio Shine (on-off-on-on).csv	Hi End Portable	711	in-ear	1
Joyodio Shine (on-on-off-off)	in-ear/Joyodio Shine (on-on-off-off).csv	Hi End Portable	711	in-ear	1
Joyodio Shine (on-on-on-off)	in-ear/Joyodio Shine (on-on-on-off).csv	Hi End Portable	711	in-ear	1
Joyodio Shine (on-on-on-on)	in-ear/Joyodio Shine (on-on-on-on).csv	Hi End Portable	711	in-ear	1
KBEAR KB02	in-ear/KBEAR KB02.csv	Hi End Portable	711	in-ear	1
KBEAR KB04	in-ear/KBEAR KB04.csv	Hi End Portable	711	in-ear	1
KBEAR KS2	in-ear/KBEAR KS2.csv	Hi End Portable	711	in-ear	1
KBEAR Lark	in-ear/KBEAR Lark.csv	Hi End Portable	711	in-ear	1
KBEAR Robin	in-ear/KBEAR Robin.csv	Hi End Portable	711	in-ear	1
KBEAR Rosefinch	in-ear/KBEAR Rosefinch (Hi End Portable).csv	Hi End Portable	711	in-ear	1
KBEAR Stellar	in-ear/KBEAR Stellar (Hi End Portable).csv	Hi End Portable	711	in-ear	1
KEFINE Delci	in-ear/KEFINE Delci (Hi End Portable).csv	Hi End Portable	711	in-ear	1
Kefine Klanar	in-ear/Kefine Klanar.csv	Hi End Portable	711	in-ear	1
KEFINE Klean (black filter)	in-ear/KEFINE Klean (black filter) (Hi End Portable).csv	Hi End Portable	711	in-ear	1
KEFINE Klean (silver filter)	in-ear/KEFINE Klean (silver filter) (Hi End Portable).csv	Hi End Portable	711	in-ear	1
KiiBOOM Allure	in-ear/KiiBOOM Allure (Hi End Portable).csv	Hi End Portable	711	in-ear	1
KiiBOOM Evoke	in-ear/KiiBOOM Evoke.csv	Hi End Portable	711	in-ear	1
Kinera Celest Gumiho	in-ear/Kinera Celest Gumiho (Hi End Portable).csv	Hi End Portable	711	in-ear	1
Kinera Celest Pandamon	in-ear/Kinera Celest Pandamon (Hi End Portable).csv	Hi End Portable	711	in-ear	1
Kiwi Ears Aether	in-ear/Kiwi Ears Aether.csv	Hi End Portable	711	in-ear	1
Kiwi Ears Airoso	in-ear/Kiwi Ears Airoso.csv	Hi End Portable	711	in-ear	1
Kiwi Ears Canta	in-ear/Kiwi Ears Canta.csv	Hi End Portable	711	in-ear	1
Kiwi Ears Dolce	in-ear/Kiwi Ears Dolce (Hi End Portable).csv	Hi End Portable	711	in-ear	1
Kiwi Ears KE4	in-ear/Kiwi Ears KE4 (Hi End Portable).csv	Hi End Portable	711	in-ear	1
Kiwi Ears Melody	in-ear/Kiwi Ears Melody.csv	Hi End Portable	711	in-ear	1
Kiwi Ears Quartet (off-off)	in-ear/Kiwi Ears Quartet (off-off) (Hi End Portable).csv	Hi End Portable	711	in-ear	1
Kiwi Ears Quartet (off-on)	in-ear/Kiwi Ears Quartet (off-on) (Hi End Portable).csv	Hi End Portable	711	in-ear	1
Kiwi Ears Quartet (on-off)	in-ear/Kiwi Ears Quartet (on-off) (Hi End Portable).csv	Hi End Portable	711	in-ear	1
Kiwi Ears Quartet (on-on)	in-ear/Kiwi Ears Quartet (on-on) (Hi End Portable).csv	Hi End Portable	711	in-ear	1
Kiwi Ears Quintet	in-ear/Kiwi Ears Quintet (Hi End Portable).csv	Hi End Portable	711	in-ear	1
Kiwi Ears x Crinacle Singolo	in-ear/Kiwi Ears x Crinacle Singolo.csv	Hi End Portable	711	in-ear	1
KZ ZA12 (off-off-off-off)	in-ear/KZ ZA12 (off-off-off-off).csv	Hi End Portable	711	in-ear	1
KZ ZA12 (off-off-on-off)	in-ear/KZ ZA12 (off-off-on-off).csv	Hi End Portable	711	in-ear	1
KZ ZA12 (off-off-on-on)	in-ear/KZ ZA12 (off-off-on-on).csv	Hi End Portable	711	in-ear	1
KZ ZA12 (on-off-off-off)	in-ear/KZ ZA12 (on-off-off-off).csv	Hi End Portable	711	in-ear	1
KZ ZA12 (on-on-off-off)	in-ear/KZ ZA12 (on-on-off-off).csv	Hi End Portable	711	in-ear	1
KZ ZA12 (on-on-on-on)	in-ear/KZ ZA12 (on-on-on-on).csv	Hi End Portable	711	in-ear	1
KZ ZS10 Pro 2 (off-off-off-off)	in-ear/KZ ZS10 Pro 2 (off-off-off-off).csv	Hi End Portable	711	in-ear	1
KZ ZS10 Pro 2 (off-off-off-on)	in-ear/KZ ZS10 Pro 2 (off-off-off-on).csv	Hi End Portable	711	in-ear	1
KZ ZS10 Pro 2 (on-off-off-off)	in-ear/KZ ZS10 Pro 2 (on-off-off-off).csv	Hi End Portable	711	in-ear	1
KZ ZS10 Pro 2 (on-on-off-off)	in-ear/KZ ZS10 Pro 2 (on-on-off-off).csv	Hi End Portable	711	in-ear	1
KZ ZS10 Pro 2 (on-on-on-off)	in-ear/KZ ZS10 Pro 2 (on-on-on-off).csv	Hi End Portable	711	in-ear	1
KZ ZS10 Pro 2 (on-on-on-on)	in-ear/KZ ZS10 Pro 2 (on-on-on-on).csv	Hi End Portable	711	in-ear	1
Lypertek Bevi	in-ear/Lypertek Bevi.csv	Hi End Portable	711	in-ear	1
LZ Hi-Fi Audio A2 Pro	in-ear/LZ Hi-Fi Audio A2 Pro.csv	Hi End Portable	711	in-ear	1
LZ Hi-Fi Audio A4 Pro (black nozzle, black vent)	in-ear/LZ Hi-Fi Audio A4 Pro (black nozzle, black vent).csv	Hi End Portable	711	in-ear	1
LZ Hi-Fi Audio A4 Pro (black nozzle, blue vent)	in-ear/LZ Hi-Fi Audio A4 Pro (black nozzle, blue vent).csv	Hi End Portable	711	in-ear	1
LZ Hi-Fi Audio A4 Pro (black nozzle, red vent)	in-ear/LZ Hi-Fi Audio A4 Pro (black nozzle, red vent).csv	Hi End Portable	711	in-ear	1
LZ Hi-Fi Audio A4 Pro (blue nozzle, black vent)	in-ear/LZ Hi-Fi Audio A4 Pro (blue nozzle, black vent).csv	Hi End Portable	711	in-ear	1
LZ Hi-Fi Audio A4 Pro (gold nozzle, black vent)	in-ear/LZ Hi-Fi Audio A4 Pro (gold nozzle, black vent).csv	Hi End Portable	711	in-ear	1
LZ Hi-Fi Audio A4 Pro (red nozzle, black vent)	in-ear/LZ Hi-Fi Audio A4 Pro (red nozzle, black vent).csv	Hi End Portable	711	in-ear	1
Moondrop Kanas Pro	in-ear/Moondrop Kanas Pro.csv	Hi End Portable	711	in-ear	1
Moondrop SSP	in-ear/Moondrop SSP.csv	Hi End Portable	711	in-ear	1
Moondrop SSR	in-ear/Moondrop SSR (Hi End Portable).csv	Hi End Portable	711	in-ear	1
Moondrop x Crinacle Blessing2 Dusk	in-ear/Moondrop x Crinacle Blessing2 Dusk (Hi End Portable).csv	Hi End Portable	711	in-ear	1
NF ACOUS NA1	in-ear/NF ACOUS NA1.csv	Hi End Portable	711	in-ear	1
NF ACOUS NA2+	in-ear/NF ACOUS NA2+.csv	Hi End Portable	711	in-ear	1
NF ACOUS NM2	in-ear/NF ACOUS NM2.csv	Hi End Portable	711	in-ear	1
NF ACOUS NM20	in-ear/NF ACOUS NM20.csv	Hi End Portable	711	in-ear	1
NF Audio NA2	in-ear/NF Audio NA2.csv	Hi End Portable	711	in-ear	1
NF Audio RA15 (gold nozzle)	in-ear/NF Audio RA15 (gold nozzle).csv	Hi End Portable	711	in-ear	1
NF Audio RA15 (silver nozzle)	in-ear/NF Audio RA15 (silver nozzle).csv	Hi End Portable	711	in-ear	1
NiceHCK DB1	in-ear/NiceHCK DB1.csv	Hi End Portable	711	in-ear	1
NiceHCK DB2	in-ear/NiceHCK DB2.csv	Hi End Portable	711	in-ear	1
NiceHCK DB3	in-ear/NiceHCK DB3.csv	Hi End Portable	711	in-ear	1
NiceHCK EB2S	in-ear/NiceHCK EB2S.csv	Hi End Portable	711	in-ear	1
NiceHCK F1 (black filter)	in-ear/NiceHCK F1 (black filter).csv	Hi End Portable	711	in-ear	1
NiceHCK F1 (gold filter)	in-ear/NiceHCK F1 (gold filter).csv	Hi End Portable	711	in-ear	1
NiceHCK F1 (silver filter)	in-ear/NiceHCK F1 (silver filter).csv	Hi End Portable	711	in-ear	1
NiceHCK F1 Pro	in-ear/NiceHCK F1 Pro.csv	Hi End Portable	711	in-ear	1
NiceHCK Himalaya (blue filter)	in-ear/NiceHCK Himalaya (blue filter).csv	Hi End Portable	711	in-ear	1
NiceHCK Himalaya (gold filter)	in-ear/NiceHCK Himalaya (gold filter).csv	Hi End Portable	711	in-ear	1
NiceHCK Himalaya (grey filter)	in-ear/NiceHCK Himalaya (grey filter).csv	Hi End Portable	711	in-ear	1
NiceHCK JIALAI Carat	in-ear/NiceHCK JIALAI Carat (Hi End Portable).csv	Hi End Portable	711	in-ear	1
NiceHCK Lofty	in-ear/NiceHCK Lofty.csv	Hi End Portable	711	in-ear	1
NiceHCK M5 (blue filter)	in-ear/NiceHCK M5 (blue filter).csv	Hi End Portable	711	in-ear	1
NiceHCK M5 (grey filter)	in-ear/NiceHCK M5 (grey filter).csv	Hi End Portable	711	in-ear	1
NiceHCK M5 (red filter)	in-ear/NiceHCK M5 (red filter).csv	Hi End Portable	711	in-ear	1
NiceHCK NX7 MK4 (black filter)	in-ear/NiceHCK NX7 MK4 (black filter).csv	Hi End Portable	711	in-ear	1
NiceHCK NX7 MK4 (gold filter)	in-ear/NiceHCK NX7 MK4 (gold filter).csv	Hi End Portable	711	in-ear	1
NiceHCK NX7 MK4 (red filter)	in-ear/NiceHCK NX7 MK4 (red filter).csv	Hi End Portable	711	in-ear	1
NiceHCK NX8	in-ear/NiceHCK NX8.csv	Hi End Portable	711	in-ear	1
NiceHCK Topguy	in-ear/NiceHCK Topguy.csv	Hi End Portable	711	in-ear	1
NiceHCK Traceless	in-ear/NiceHCK Traceless.csv	Hi End Portable	711	in-ear	1
NS Audio NS3	in-ear/NS Audio NS3.csv	Hi End Portable	711	in-ear	1
NS Audio NS5 MKII Extra Bass	in-ear/NS Audio NS5 MKII Extra Bass.csv	Hi End Portable	711	in-ear	1
Oriolus Finschi	in-ear/Oriolus Finschi.csv	Hi End Portable	711	in-ear	1
Ostry KC06A	in-ear/Ostry KC06A.csv	Hi End Portable	711	in-ear	1
Ourart Wine	in-ear/Ourart Wine.csv	Hi End Portable	711	in-ear	1
Pai Audio DR2	in-ear/Pai Audio DR2.csv	Hi End Portable	711	in-ear	1
Penon Fan	in-ear/Penon Fan.csv	Hi End Portable	711	in-ear	1
Penon Globe	in-ear/Penon Globe.csv	Hi End Portable	711	in-ear	1
Penon Orb	in-ear/Penon Orb (Hi End Portable).csv	Hi End Portable	711	in-ear	1
Penon Sphere	in-ear/Penon Sphere.csv	Hi End Portable	711	in-ear	1
QKZ x HBB Hades	in-ear/QKZ x HBB Hades.csv	Hi End Portable	711	in-ear	1
QKZ x HBB Khan	in-ear/QKZ x HBB Khan (Hi End Portable).csv	Hi End Portable	711	in-ear	1
Reecho SG-01 OVA	in-ear/Reecho SG-01 OVA.csv	Hi End Portable	711	in-ear	1
Reecho SG-01	in-ear/Reecho SG-01.csv	Hi End Portable	711	in-ear	1
Reecho SG-03	in-ear/Reecho SG-03.csv	Hi End Portable	711	in-ear	1
RevoNext QT2	in-ear/RevoNext QT2.csv	Hi End Portable	711	in-ear	1
Rose Ceramics (HiFi)	in-ear/Rose Ceramics (HiFi).csv	Hi End Portable	711	in-ear	1
Rose Ceramics (Pop)	in-ear/Rose Ceramics (Pop).csv	Hi End Portable	711	in-ear	1
Rose Ceramics (Rock)	in-ear/Rose Ceramics (Rock).csv	Hi End Portable	711	in-ear	1
Rose Ceramics X (HiFi)	in-ear/Rose Ceramics X (HiFi).csv	Hi End Portable	711	in-ear	1
Rose Ceramics	in-ear/Rose Ceramics.csv	Hi End Portable	711	in-ear	1
Rose EARFREE-i5 (HiFi)	in-ear/Rose EARFREE-i5 (HiFi).csv	Hi End Portable	711	in-ear	1
Rose Mini2 MKII 2.0	in-ear/Rose Mini2 MKII 2.0.csv	Hi End Portable	711	in-ear	1
Rose QT9 MK2	in-ear/Rose QT9 MK2.csv	Hi End Portable	711	in-ear	1
Rose QT9 MK2s	in-ear/Rose QT9 MK2s.csv	Hi End Portable	711	in-ear	1
Rose QT9 MK3	in-ear/Rose QT9 MK3.csv	Hi End Portable	711	in-ear	1
Rose QuietSea	in-ear/Rose QuietSea.csv	Hi End Portable	711	in-ear	1
Rose Star City 5 Pro	in-ear/Rose Star City 5 Pro.csv	Hi End Portable	711	in-ear	1
Shozy & Neo BG	in-ear/Shozy & Neo BG.csv	Hi End Portable	711	in-ear	1
Shozy P20	in-ear/Shozy P20.csv	Hi End Portable	711	in-ear	1
Shozy V33	in-ear/Shozy V33 (Hi End Portable).csv	Hi End Portable	711	in-ear	1
Shuoer Cadenza 4	in-ear/Shuoer Cadenza 4.csv	Hi End Portable	711	in-ear	1
Shuoer D13 (gold nozzle)	in-ear/Shuoer D13 (gold nozzle) (Hi End Portable).csv	Hi End Portable	711	in-ear	1
Shuoer D13 (silver nozzle)	in-ear/Shuoer D13 (silver nozzle) (Hi End Portable).csv	Hi End Portable	711	in-ear	1
Shuoer DZ4	in-ear/Shuoer DZ4 (Hi End Portable).csv	Hi End Portable	711	in-ear	1
Shuoer Mystic 8	in-ear/Shuoer Mystic 8.csv	Hi End Portable	711	in-ear	1
Shuoer S08	in-ear/Shuoer S08 (Hi End Portable).csv	Hi End Portable	711	in-ear	1
Shuoer S12 2024	in-ear/Shuoer S12 2024.csv	Hi End Portable	711	in-ear	1
Shuoer S12 Pro	in-ear/Shuoer S12 Pro.csv	Hi End Portable	711	in-ear	1
Shuoer S12	in-ear/Shuoer S12 (Hi End Portable).csv	Hi End Portable	711	in-ear	1
Shuoer S15	in-ear/Shuoer S15.csv	Hi End Portable	711	in-ear	1
Simgot Audio EA1000 (black nozzle)	in-ear/Simgot Audio EA1000 (black nozzle).csv	Hi End Portable	711	in-ear	1
Simgot Audio EA1000 (gold nozzle)	in-ear/Simgot Audio EA1000 (gold nozzle) (Hi End Portable).csv	Hi End Portable	711	in-ear	1
Simgot Audio EA1000 (red nozzle)	in-ear/Simgot Audio EA1000 (red nozzle).csv	Hi End Portable	711	in-ear	1
Simgot Audio EA500 (black nozzle)	in-ear/Simgot Audio EA500 (black nozzle) (Hi End Portable).csv	Hi End Portable	711	in-ear	1
Simgot Audio EA500 (red nozzle)	in-ear/Simgot Audio EA500 (red nozzle) (Hi End Portable).csv	Hi End Portable	711	in-ear	1
Simgot Audio EA500LM (black nozzle)	in-ear/Simgot Audio EA500LM (black nozzle) (Hi End Portable).csv	Hi End Portable	711	in-ear	1
Simgot Audio EA500LM (gold nozzle)	in-ear/Simgot Audio EA500LM (gold nozzle) (Hi End Portable).csv	Hi End Portable	711	in-ear	1
Simgot Audio EA500LM (red nozzle)	in-ear/Simgot Audio EA500LM (red nozzle) (Hi End Portable).csv	Hi End Portable	711	in-ear	1
Simgot Audio EM6L	in-ear/Simgot Audio EM6L (Hi End Portable).csv	Hi End Portable	711	in-ear	1
Simgot Audio ET142 (black circle nozzle)	in-ear/Simgot Audio ET142 (black circle nozzle).csv	Hi End Portable	711	in-ear	1
Simgot Audio ET142 (blazed titanium transparent nozzle)	in-ear/Simgot Audio ET142 (blazed titanium transparent nozzle).csv	Hi End Portable	711	in-ear	1
Simgot Audio ET142 (red circle nozzle)	in-ear/Simgot Audio ET142 (red circle nozzle).csv	Hi End Portable	711	in-ear	1
Simgot Audio ET142 (yellow ring nozzle)	in-ear/Simgot Audio ET142 (yellow ring nozzle).csv	Hi End Portable	711	in-ear	1
Simgot Audio EW100P	in-ear/Simgot Audio EW100P (Hi End Portable).csv	Hi End Portable	711	in-ear	1
Simgot Audio EW200	in-ear/Simgot Audio EW200 (Hi End Portable).csv	Hi End Portable	711	in-ear	1
Simgot Audio EW300 (gold)	in-ear/Simgot Audio EW300 (gold) (Hi End Portable).csv	Hi End Portable	711	in-ear	1
Simgot Audio EW300 (silver)	in-ear/Simgot Audio EW300 (silver) (Hi End Portable).csv	Hi End Portable	711	in-ear	1
Simgot Audio SuperMix 4	in-ear/Simgot Audio SuperMix 4 (Hi End Portable).csv	Hi End Portable	711	in-ear	1
Sivga Nightingale	in-ear/Sivga Nightingale.csv	Hi End Portable	711	in-ear	1
Smabat M0 + Super Point	in-ear/Smabat M0 + Super Point.csv	Hi End Portable	711	in-ear	1
Smabat M0	in-ear/Smabat M0.csv	Hi End Portable	711	in-ear	1
Smabat M2 Pro	in-ear/Smabat M2 Pro.csv	Hi End Portable	711	in-ear	1
Smabat M2s (gold driver)	in-ear/Smabat M2s (gold driver).csv	Hi End Portable	711	in-ear	1
Smabat M2s Pro	in-ear/Smabat M2s Pro.csv	Hi End Portable	711	in-ear	1
Smabat M4 (balanced armature driver)	in-ear/Smabat M4 (balanced armature driver).csv	Hi End Portable	711	in-ear	1
Smabat ST-10S	in-ear/Smabat ST-10S.csv	Hi End Portable	711	in-ear	1
Smabat X1 (H switch down)	in-ear/Smabat X1 (H switch down).csv	Hi End Portable	711	in-ear	1
Smabat X1 (H switch up)	in-ear/Smabat X1 (H switch up).csv	Hi End Portable	711	in-ear	1
SoundMAGIC T60BT	in-ear/SoundMAGIC T60BT.csv	Hi End Portable	711	in-ear	1
Symphonium Audio Helios	in-ear/Symphonium Audio Helios (Hi End Portable).csv	Hi End Portable	711	in-ear	1
Tanchjim Cora	in-ear/Tanchjim Cora.csv	Hi End Portable	711	in-ear	1
Tanchjim Kara	in-ear/Tanchjim Kara.csv	Hi End Portable	711	in-ear	1
TempoTec IM05	in-ear/TempoTec IM05.csv	Hi End Portable	711	in-ear	1
TFZ Athena	in-ear/TFZ Athena.csv	Hi End Portable	711	in-ear	1
TFZ Force King	in-ear/TFZ Force King.csv	Hi End Portable	711	in-ear	1
TFZ Force1	in-ear/TFZ Force1.csv	Hi End Portable	711	in-ear	1
TFZ Live 1	in-ear/TFZ Live 1.csv	Hi End Portable	711	in-ear	1
TFZ Live 3	in-ear/TFZ Live 3.csv	Hi End Portable	711	in-ear	1
TFZ Live X	in-ear/TFZ Live X.csv	Hi End Portable	711	in-ear	1
TFZ MY LOVE 4	in-ear/TFZ MY LOVE 4.csv	Hi End Portable	711	in-ear	1
TFZ MY LOVE III	in-ear/TFZ MY LOVE III.csv	Hi End Portable	711	in-ear	1
TFZ No.3	in-ear/TFZ No.3.csv	Hi End Portable	711	in-ear	1
TFZ T2 Pro	in-ear/TFZ T2 Pro (Hi End Portable).csv	Hi End Portable	711	in-ear	1
TFZ Tequila 1	in-ear/TFZ Tequila 1.csv	Hi End Portable	711	in-ear	1
TFZ Tequila Pro	in-ear/TFZ Tequila Pro.csv	Hi End Portable	711	in-ear	1
Tin HiFi C0	in-ear/Tin HiFi C0 (Hi End Portable).csv	Hi End Portable	711	in-ear	1
Tin HiFi C2	in-ear/Tin HiFi C2.csv	Hi End Portable	711	in-ear	1
Tin HiFi C3	in-ear/Tin HiFi C3.csv	Hi End Portable	711	in-ear	1
Tin HiFi P1 Max	in-ear/Tin HiFi P1 Max.csv	Hi End Portable	711	in-ear	1
Tin HiFi P2	in-ear/Tin HiFi P2.csv	Hi End Portable	711	in-ear	1
Tin HiFi T1 Plus	in-ear/Tin HiFi T1 Plus.csv	Hi End Portable	711	in-ear	1
Tin HiFi T2 DLC 2022	in-ear/Tin HiFi T2 DLC 2022.csv	Hi End Portable	711	in-ear	1
Tin HiFi T2 MKII	in-ear/Tin HiFi T2 MKII.csv	Hi End Portable	711	in-ear	1
Tin HiFi T2 Plus	in-ear/Tin HiFi T2 Plus (Hi End Portable).csv	Hi End Portable	711	in-ear	1
Tin HiFi T4 Plus	in-ear/Tin HiFi T4 Plus.csv	Hi End Portable	711	in-ear	1
Tin HiFi T4	in-ear/Tin HiFi T4.csv	Hi End Portable	711	in-ear	1
Tin HiFi T5S	in-ear/Tin HiFi T5S.csv	Hi End Portable	711	in-ear	1
TKZK Ouranos	in-ear/TKZK Ouranos (Hi End Portable).csv	Hi End Portable	711	in-ear	1
Toneking TK12s	in-ear/Toneking TK12s.csv	Hi End Portable	711	in-ear	1
TRI i ONE	in-ear/TRI i ONE (Hi End Portable).csv	Hi End Portable	711	in-ear	1
TRI Kai	in-ear/TRI Kai (Hi End Portable).csv	Hi End Portable	711	in-ear	1
TRI Meteor	in-ear/TRI Meteor (Hi End Portable).csv	Hi End Portable	711	in-ear	1
Tripowin Kailua	in-ear/Tripowin Kailua (Hi End Portable).csv	Hi End Portable	711	in-ear	1
Tripowin Piccolo	in-ear/Tripowin Piccolo (Hi End Portable).csv	Hi End Portable	711	in-ear	1
Tripowin x 0diBi Vivace	in-ear/Tripowin x 0diBi Vivace (Hi End Portable).csv	Hi End Portable	711	in-ear	1
TRN Kirin (Atmospheric Immersion nozzle)	in-ear/TRN Kirin (Atmospheric Immersion nozzle).csv	Hi End Portable	711	in-ear	1
TRN Kirin (reference nozzle)	in-ear/TRN Kirin (reference nozzle).csv	Hi End Portable	711	in-ear	1
TRN Kirin (transparency nozzle)	in-ear/TRN Kirin (transparency nozzle).csv	Hi End Portable	711	in-ear	1
Tronsmart Apollo Bold (classic)	in-ear/Tronsmart Apollo Bold (classic).csv	Hi End Portable	711	in-ear	1
Tronsmart Apollo Bold (jazz)	in-ear/Tronsmart Apollo Bold (jazz).csv	Hi End Portable	711	in-ear	1
Tronsmart Apollo Bold (normal)	in-ear/Tronsmart Apollo Bold (normal).csv	Hi End Portable	711	in-ear	1
Tronsmart Apollo Bold (pop)	in-ear/Tronsmart Apollo Bold (pop).csv	Hi End Portable	711	in-ear	1
Tronsmart Apollo Bold (rock)	in-ear/Tronsmart Apollo Bold (rock).csv	Hi End Portable	711	in-ear	1
Tronsmart Onyx Prime	in-ear/Tronsmart Onyx Prime.csv	Hi End Portable	711	in-ear	1
Yanyin Aladdin	in-ear/Yanyin Aladdin.csv	Hi End Portable	711	in-ear	1
Yanyin Canon Pro (off-off)	in-ear/Yanyin Canon Pro (off-off).csv	Hi End Portable	711	in-ear	1
Yanyin Canon Pro (off-on)	in-ear/Yanyin Canon Pro (off-on).csv	Hi End Portable	711	in-ear	1
Yanyin Canon Pro (on-off)	in-ear/Yanyin Canon Pro (on-off).csv	Hi End Portable	711	in-ear	1
Yanyin Canon Pro (on-on)	in-ear/Yanyin Canon Pro (on-on).csv	Hi End Portable	711	in-ear	1
ZiiGaat Cinno	in-ear/ZiiGaat Cinno.csv	Hi End Portable	711	in-ear	1
Cypherus Audio Campfred	earbud/Cypherus Audio Campfred.csv	HypetheSonics	Bruel & Kjaer 5128	earbud	1
FAAEAL Snow Lotus	earbud/FAAEAL Snow Lotus.csv	HypetheSonics	Bruel & Kjaer 5128	earbud	1
Fengru EMX500	earbud/Fengru EMX500.csv	HypetheSonics	Bruel & Kjaer 5128	earbud	1
Linsoul BLD	earbud/Linsoul BLD.csv	HypetheSonics	Bruel & Kjaer 5128	earbud	1
NiceHCK PK2	earbud/NiceHCK PK2.csv	HypetheSonics	Bruel & Kjaer 5128	earbud	1
Samsung Galaxy Buds Live	earbud/Samsung Galaxy Buds Live.csv	HypetheSonics	Bruel & Kjaer 5128	earbud	1
Shozy Cygnus	earbud/Shozy Cygnus.csv	HypetheSonics	Bruel & Kjaer 5128	earbud	1
Shozy Stardust (bK)	earbud/Shozy Stardust (bK).csv	HypetheSonics	Bruel & Kjaer 5128	earbud	1
Toneking TO200	earbud/Toneking TO200.csv	HypetheSonics	Bruel & Kjaer 5128	earbud	1
TY Hi-Z HM150	earbud/TY Hi-Z HM150.csv	HypetheSonics	Bruel & Kjaer 5128	earbud	1
TY Hi-Z HP32	earbud/TY Hi-Z HP32.csv	HypetheSonics	Bruel & Kjaer 5128	earbud	1
Venture Electronics Asura 2.0	earbud/Venture Electronics Asura 2.0.csv	HypetheSonics	Bruel & Kjaer 5128	earbud	1
Venture Electronics Monk Blood Orange	earbud/Venture Electronics Monk Blood Orange.csv	HypetheSonics	Bruel & Kjaer 5128	earbud	1
Venture Electronics Monk Plus	earbud/Venture Electronics Monk Plus.csv	HypetheSonics	Bruel & Kjaer 5128	earbud	1
Venture Electronics Zen	earbud/Venture Electronics Zen.csv	HypetheSonics	Bruel & Kjaer 5128	earbud	1
Yincrow X6	earbud/Yincrow X6.csv	HypetheSonics	Bruel & Kjaer 5128	earbud	1
1MORE Quad Driver	in-ear/1MORE Quad Driver.csv	HypetheSonics	Bruel & Kjaer 5128	in-ear	1
1MORE Triple Driver	in-ear/1MORE Triple Driver.csv	HypetheSonics	Bruel & Kjaer 5128	in-ear	1
AKG N400	in-ear/AKG N400.csv	HypetheSonics	Bruel & Kjaer 5128	in-ear	1
Apple AirPods Pro	in-ear/Apple AirPods Pro.csv	HypetheSonics	Bruel & Kjaer 5128	in-ear	1
Audio-Technica ATH-CT200iS	in-ear/Audio-Technica ATH-CT200iS.csv	HypetheSonics	Bruel & Kjaer 5128	in-ear	1
Beyerdynamic Xelento	in-ear/Beyerdynamic Xelento.csv	HypetheSonics	Bruel & Kjaer 5128	in-ear	1
BLON BL-05	in-ear/BLON BL-05 (HypetheSonics).csv	HypetheSonics	Bruel & Kjaer 5128	in-ear	1
Campfire Audio Andromeda	in-ear/Campfire Audio Andromeda.csv	HypetheSonics	Bruel & Kjaer 5128	in-ear	1
Cardas A8	in-ear/Cardas A8.csv	HypetheSonics	Bruel & Kjaer 5128	in-ear	1
CAT Apollo	in-ear/CAT Apollo.csv	HypetheSonics	Bruel & Kjaer 5128	in-ear	1
Empire Ears Hero	in-ear/Empire Ears Hero.csv	HypetheSonics	Bruel & Kjaer 5128	in-ear	1
Empire Ears Legend X	in-ear/Empire Ears Legend X.csv	HypetheSonics	Bruel & Kjaer 5128	in-ear	1
Empire Ears Odin	in-ear/Empire Ears Odin.csv	HypetheSonics	Bruel & Kjaer 5128	in-ear	1
Etymotic ER2SE	in-ear/Etymotic ER2SE (HypetheSonics).csv	HypetheSonics	Bruel & Kjaer 5128	in-ear	1
Etymotic ER2XR	in-ear/Etymotic ER2XR.csv	HypetheSonics	Bruel & Kjaer 5128	in-ear	1
Etymotic ER4XR	in-ear/Etymotic ER4XR.csv	HypetheSonics	Bruel & Kjaer 5128	in-ear	1
Final Audio A8000	in-ear/Final Audio A8000.csv	HypetheSonics	Bruel & Kjaer 5128	in-ear	1
Final Audio E2000	in-ear/Final Audio E2000.csv	HypetheSonics	Bruel & Kjaer 5128	in-ear	1
Fir Audio M5	in-ear/Fir Audio M5.csv	HypetheSonics	Bruel & Kjaer 5128	in-ear	1
Ludos Clamor	in-ear/Ludos Clamor.csv	HypetheSonics	Bruel & Kjaer 5128	in-ear	1
Monster Turbine Pro	in-ear/Monster Turbine Pro.csv	HypetheSonics	Bruel & Kjaer 5128	in-ear	1
RBH EP2	in-ear/RBH EP2.csv	HypetheSonics	Bruel & Kjaer 5128	in-ear	1
Shozy x AAW Hibiki	in-ear/Shozy x AAW Hibiki.csv	HypetheSonics	Bruel & Kjaer 5128	in-ear	1
Shozy x AAW POLA39	in-ear/Shozy x AAW POLA39.csv	HypetheSonics	Bruel & Kjaer 5128	in-ear	1
Shure KSE1500	in-ear/Shure KSE1500.csv	HypetheSonics	Bruel & Kjaer 5128	in-ear	1
SoundMAGIC E11C	in-ear/SoundMAGIC E11C.csv	HypetheSonics	Bruel & Kjaer 5128	in-ear	1
Westone W60	in-ear/Westone W60.csv	HypetheSonics	Bruel & Kjaer 5128	in-ear	1
Zero Audio Carbo Tenore	in-ear/Zero Audio Carbo Tenore.csv	HypetheSonics	Bruel & Kjaer 5128	in-ear	1
1MORE Aero (ANC Off)	in-ear/1MORE Aero (ANC Off).csv	HypetheSonics	GRAS RA0045	in-ear	1
1MORE Aero (ANC On)	in-ear/1MORE Aero (ANC On).csv	HypetheSonics	GRAS RA0045	in-ear	1
1MORE Aero (transparency mode)	in-ear/1MORE Aero (transparency mode).csv	HypetheSonics	GRAS RA0045	in-ear	1
1MORE EVO	in-ear/1MORE EVO.csv	HypetheSonics	GRAS RA0045	in-ear	1
1MORE Fit Open Earbuds S50	in-ear/1MORE Fit Open Earbuds S50.csv	HypetheSonics	GRAS RA0045	in-ear	1
1MORE Fit SE S30	in-ear/1MORE Fit SE S30.csv	HypetheSonics	GRAS RA0045	in-ear	1
1MORE Penta Driver	in-ear/1MORE Penta Driver.csv	HypetheSonics	GRAS RA0045	in-ear	1
1MORE PistonBuds Pro	in-ear/1MORE PistonBuds Pro.csv	HypetheSonics	GRAS RA0045	in-ear	1
64 Audio Nio (m15 Apex module)	in-ear/64 Audio Nio (m15 Apex module).csv	HypetheSonics	GRAS RA0045	in-ear	1
64 Audio Nio (m20 Apex module)	in-ear/64 Audio Nio (m20 Apex module).csv	HypetheSonics	GRAS RA0045	in-ear	1
64 Audio Nio (mX Apex module)	in-ear/64 Audio Nio (mX Apex module).csv	HypetheSonics	GRAS RA0045	in-ear	1
64 Audio Tia Fourte Noir	in-ear/64 Audio Tia Fourte Noir.csv	HypetheSonics	GRAS RA0045	in-ear	1
64 Audio Tia Fourte	in-ear/64 Audio Tia Fourte.csv	HypetheSonics	GRAS RA0045	in-ear	1
64 Audio U12t (m15 Apex module)	in-ear/64 Audio U12t (m15 Apex module).csv	HypetheSonics	GRAS RA0045	in-ear	1
64 Audio U12t (m20 Apex module)	in-ear/64 Audio U12t (m20 Apex module).csv	HypetheSonics	GRAS RA0045	in-ear	1
64 Audio U12t (mX Apex module)	in-ear/64 Audio U12t (mX Apex module).csv	HypetheSonics	GRAS RA0045	in-ear	1
64 Audio U18t	in-ear/64 Audio U18t.csv	HypetheSonics	GRAS RA0045	in-ear	1
64 Audio Volur	in-ear/64 Audio Volur.csv	HypetheSonics	GRAS RA0045	in-ear	1
7Hz Salnotes Zero	in-ear/7Hz Salnotes Zero (HypetheSonics).csv	HypetheSonics	GRAS RA0045	in-ear	1
AAW AXH	in-ear/AAW AXH.csv	HypetheSonics	GRAS RA0045	in-ear	1
AAW W900	in-ear/AAW W900.csv	HypetheSonics	GRAS RA0045	in-ear	1
Advanced M4	in-ear/Advanced M4.csv	HypetheSonics	GRAS RA0045	in-ear	1
AKG N5005 (bass boost)	in-ear/AKG N5005 (bass boost) (HypetheSonics).csv	HypetheSonics	GRAS RA0045	in-ear	1
AKG N5005 (high)	in-ear/AKG N5005 (high) (HypetheSonics).csv	HypetheSonics	GRAS RA0045	in-ear	1
AKG N5005 (mid high)	in-ear/AKG N5005 (mid high) (HypetheSonics).csv	HypetheSonics	GRAS RA0045	in-ear	1
AKG N5005 (reference)	in-ear/AKG N5005 (reference) (HypetheSonics).csv	HypetheSonics	GRAS RA0045	in-ear	1
Anker Soundcore Liberty 3 Pro	in-ear/Anker Soundcore Liberty 3 Pro (HypetheSonics).csv	HypetheSonics	GRAS RA0045	in-ear	1
Apple Airpods Pro 2	in-ear/Apple Airpods Pro 2 (HypetheSonics).csv	HypetheSonics	GRAS RA0045	in-ear	1
Astell & Kern AURA	in-ear/Astell & Kern AURA.csv	HypetheSonics	GRAS RA0045	in-ear	1
Astell & Kern Odyssey	in-ear/Astell & Kern Odyssey.csv	HypetheSonics	GRAS RA0045	in-ear	1
Audeze LCD-i3	in-ear/Audeze LCD-i3.csv	HypetheSonics	GRAS RA0045	in-ear	1
Audeze LCD-i4	in-ear/Audeze LCD-i4.csv	HypetheSonics	GRAS RA0045	in-ear	1
AUKEY Latitude (balanced)	in-ear/AUKEY Latitude (balanced).csv	HypetheSonics	GRAS RA0045	in-ear	1
AUKEY Latitude (bass)	in-ear/AUKEY Latitude (bass).csv	HypetheSonics	GRAS RA0045	in-ear	1
AUKEY Latitude (treble)	in-ear/AUKEY Latitude (treble).csv	HypetheSonics	GRAS RA0045	in-ear	1
Aure Audio Elixir (foam eartips)	in-ear/Aure Audio Elixir (foam eartips).csv	HypetheSonics	GRAS RA0045	in-ear	1
Aure Audio Flame (foam eartips)	in-ear/Aure Audio Flame (foam eartips).csv	HypetheSonics	GRAS RA0045	in-ear	1
BASN Bmaster	in-ear/BASN Bmaster.csv	HypetheSonics	GRAS RA0045	in-ear	1
Beyerdynamic Xelento (2nd Gen)	in-ear/Beyerdynamic Xelento (2nd Gen) (HypetheSonics).csv	HypetheSonics	GRAS RA0045	in-ear	1
BLON B-Mini	in-ear/BLON B-Mini.csv	HypetheSonics	GRAS RA0045	in-ear	1
BLON BL-03	in-ear/BLON BL-03 (HypetheSonics).csv	HypetheSonics	GRAS RA0045	in-ear	1
Bose QuietComfort II (100dB)	in-ear/Bose QuietComfort II (100dB).csv	HypetheSonics	GRAS RA0045	in-ear	1
Bose QuietComfort II (80dB)	in-ear/Bose QuietComfort II (80dB).csv	HypetheSonics	GRAS RA0045	in-ear	1
Bose QuietComfort II (90dB)	in-ear/Bose QuietComfort II (90dB).csv	HypetheSonics	GRAS RA0045	in-ear	1
Bose SoundSport Free	in-ear/Bose SoundSport Free.csv	HypetheSonics	GRAS RA0045	in-ear	1
Creative Aurvana Ace 2 (Ambient mode on)	in-ear/Creative Aurvana Ace 2 (Ambient mode on).csv	HypetheSonics	GRAS RA0045	in-ear	1
Creative Aurvana Ace 2 (ANC Off)	in-ear/Creative Aurvana Ace 2 (ANC Off).csv	HypetheSonics	GRAS RA0045	in-ear	1
Creative Aurvana Ace 2 (ANC On)	in-ear/Creative Aurvana Ace 2 (ANC On).csv	HypetheSonics	GRAS RA0045	in-ear	1
DCMEKA IE68	in-ear/DCMEKA IE68.csv	HypetheSonics	GRAS RA0045	in-ear	1
DUNU DK4001	in-ear/DUNU DK4001.csv	HypetheSonics	GRAS RA0045	in-ear	1
DUNU Luna	in-ear/DUNU Luna.csv	HypetheSonics	GRAS RA0045	in-ear	1
Empire Ears Bravado Mk2	in-ear/Empire Ears Bravado Mk2.csv	HypetheSonics	GRAS RA0045	in-ear	1
Empire Ears ESR Mk2	in-ear/Empire Ears ESR Mk2.csv	HypetheSonics	GRAS RA0045	in-ear	1
Empire Ears Legend X SE	in-ear/Empire Ears Legend X SE.csv	HypetheSonics	GRAS RA0045	in-ear	1
Empire Ears Raven	in-ear/Empire Ears Raven.csv	HypetheSonics	GRAS RA0045	in-ear	1
Empire Ears Valkyrie	in-ear/Empire Ears Valkyrie.csv	HypetheSonics	GRAS RA0045	in-ear	1
Empire Ears Wraith	in-ear/Empire Ears Wraith.csv	HypetheSonics	GRAS RA0045	in-ear	1
Etymotic ER4SR	in-ear/Etymotic ER4SR.csv	HypetheSonics	GRAS RA0045	in-ear	1
Fearless Audio S8Pro	in-ear/Fearless Audio S8Pro (HypetheSonics).csv	HypetheSonics	GRAS RA0045	in-ear	1
FiiO FH3	in-ear/FiiO FH3.csv	HypetheSonics	GRAS RA0045	in-ear	1
FiiO FH7 (bass nozzle)	in-ear/FiiO FH7 (bass nozzle).csv	HypetheSonics	GRAS RA0045	in-ear	1
FiiO FH7 (reference nozzle)	in-ear/FiiO FH7 (reference nozzle).csv	HypetheSonics	GRAS RA0045	in-ear	1
FiiO FH7 (treble nozzle)	in-ear/FiiO FH7 (treble nozzle).csv	HypetheSonics	GRAS RA0045	in-ear	1
Final Audio E4000	in-ear/Final Audio E4000.csv	HypetheSonics	GRAS RA0045	in-ear	1
Final Audio E5000	in-ear/Final Audio E5000.csv	HypetheSonics	GRAS RA0045	in-ear	1
Final Audio F7200	in-ear/Final Audio F7200.csv	HypetheSonics	GRAS RA0045	in-ear	1
Fir Audio e12	in-ear/Fir Audio e12.csv	HypetheSonics	GRAS RA0045	in-ear	1
Fir Audio Krypton 5	in-ear/Fir Audio Krypton 5.csv	HypetheSonics	GRAS RA0045	in-ear	1
Fir Audio M2	in-ear/Fir Audio M2.csv	HypetheSonics	GRAS RA0045	in-ear	1
Fir Audio M3	in-ear/Fir Audio M3.csv	HypetheSonics	GRAS RA0045	in-ear	1
Fir Audio M4	in-ear/Fir Audio M4.csv	HypetheSonics	GRAS RA0045	in-ear	1
Fir Audio Neon 4	in-ear/Fir Audio Neon 4.csv	HypetheSonics	GRAS RA0045	in-ear	1
Fir Audio VxV	in-ear/Fir Audio VxV.csv	HypetheSonics	GRAS RA0045	in-ear	1
Fir Audio Xenon 6	in-ear/Fir Audio Xenon 6.csv	HypetheSonics	GRAS RA0045	in-ear	1
FLC Technology FLC8D (gold filter)	in-ear/FLC Technology FLC8D (gold filter).csv	HypetheSonics	GRAS RA0045	in-ear	1
FLC Technology FLC8D (gunmetal filter)	in-ear/FLC Technology FLC8D (gunmetal filter).csv	HypetheSonics	GRAS RA0045	in-ear	1
Google Pixel Buds Pro	in-ear/Google Pixel Buds Pro.csv	HypetheSonics	GRAS RA0045	in-ear	1
Jabra Elite 3 Active	in-ear/Jabra Elite 3 Active.csv	HypetheSonics	GRAS RA0045	in-ear	1
Jabra Elite 85t (ANC Off)	in-ear/Jabra Elite 85t (ANC Off).csv	HypetheSonics	GRAS RA0045	in-ear	1
Jabra Elite 85t (ANC On)	in-ear/Jabra Elite 85t (ANC On).csv	HypetheSonics	GRAS RA0045	in-ear	1
JH Audio 16v2	in-ear/JH Audio 16v2.csv	HypetheSonics	GRAS RA0045	in-ear	1
JH Audio Roxanne (max)	in-ear/JH Audio Roxanne (max).csv	HypetheSonics	GRAS RA0045	in-ear	1
JH Audio Roxanne (mid)	in-ear/JH Audio Roxanne (mid).csv	HypetheSonics	GRAS RA0045	in-ear	1
JH Audio Roxanne (min)	in-ear/JH Audio Roxanne (min).csv	HypetheSonics	GRAS RA0045	in-ear	1
JH Audio Sharona	in-ear/JH Audio Sharona.csv	HypetheSonics	GRAS RA0045	in-ear	1
JH Audio Sheena	in-ear/JH Audio Sheena.csv	HypetheSonics	GRAS RA0045	in-ear	1
Jomo Audio Trinity	in-ear/Jomo Audio Trinity.csv	HypetheSonics	GRAS RA0045	in-ear	1
JVC HA-FDX1 (blue)	in-ear/JVC HA-FDX1 (blue) (HypetheSonics).csv	HypetheSonics	GRAS RA0045	in-ear	1
JVC HA-FDX1 (green)	in-ear/JVC HA-FDX1 (green) (HypetheSonics).csv	HypetheSonics	GRAS RA0045	in-ear	1
JVC HA-FDX1 (white)	in-ear/JVC HA-FDX1 (white) (HypetheSonics).csv	HypetheSonics	GRAS RA0045	in-ear	1
Kinera Freya	in-ear/Kinera Freya.csv	HypetheSonics	GRAS RA0045	in-ear	1
Klipsch R6 II	in-ear/Klipsch R6 II.csv	HypetheSonics	GRAS RA0045	in-ear	1
KZ ZSN Pro	in-ear/KZ ZSN Pro (HypetheSonics).csv	HypetheSonics	GRAS RA0045	in-ear	1
LG Tone Free	in-ear/LG Tone Free.csv	HypetheSonics	GRAS RA0045	in-ear	1
Meze Advar	in-ear/Meze Advar.csv	HypetheSonics	GRAS RA0045	in-ear	1
Meze Rai Penta	in-ear/Meze Rai Penta.csv	HypetheSonics	GRAS RA0045	in-ear	1
MMR Gae Bolg	in-ear/MMR Gae Bolg.csv	HypetheSonics	GRAS RA0045	in-ear	1
MMR Homunculus	in-ear/MMR Homunculus.csv	HypetheSonics	GRAS RA0045	in-ear	1
MMR Thummim	in-ear/MMR Thummim.csv	HypetheSonics	GRAS RA0045	in-ear	1
Monster Turbine Pro Gold	in-ear/Monster Turbine Pro Gold.csv	HypetheSonics	GRAS RA0045	in-ear	1
Moondrop Blessing 2	in-ear/Moondrop Blessing 2.csv	HypetheSonics	GRAS RA0045	in-ear	1
Moondrop Chu 2	in-ear/Moondrop Chu 2.csv	HypetheSonics	GRAS RA0045	in-ear	1
Moondrop Chu	in-ear/Moondrop Chu (HypetheSonics).csv	HypetheSonics	GRAS RA0045	in-ear	1
Moondrop KXXX	in-ear/Moondrop KXXX.csv	HypetheSonics	GRAS RA0045	in-ear	1
Moondrop S8	in-ear/Moondrop S8.csv	HypetheSonics	GRAS RA0045	in-ear	1
Moondrop SSP	in-ear/Moondrop SSP (HypetheSonics).csv	HypetheSonics	GRAS RA0045	in-ear	1
Moondrop SSR	in-ear/Moondrop SSR (HypetheSonics).csv	HypetheSonics	GRAS RA0045	in-ear	1
Moondrop Starfield	in-ear/Moondrop Starfield.csv	HypetheSonics	GRAS RA0045	in-ear	1
Noble Audio Fokus Pro	in-ear/Noble Audio Fokus Pro.csv	HypetheSonics	GRAS RA0045	in-ear	1
Noble Audio Khan	in-ear/Noble Audio Khan.csv	HypetheSonics	GRAS RA0045	in-ear	1
Noble Audio Kublai Khan	in-ear/Noble Audio Kublai Khan.csv	HypetheSonics	GRAS RA0045	in-ear	1
Noble Audio Sultan SE	in-ear/Noble Audio Sultan SE.csv	HypetheSonics	GRAS RA0045	in-ear	1
Noble Audio Sultan	in-ear/Noble Audio Sultan.csv	HypetheSonics	GRAS RA0045	in-ear	1
Noble Audio Viking Ragnar	in-ear/Noble Audio Viking Ragnar.csv	HypetheSonics	GRAS RA0045	in-ear	1
Periodic Audio Be	in-ear/Periodic Audio Be.csv	HypetheSonics	GRAS RA0045	in-ear	1
Periodic Audio Beryllium V3	in-ear/Periodic Audio Beryllium V3.csv	HypetheSonics	GRAS RA0045	in-ear	1
Periodic Audio Carbon V3	in-ear/Periodic Audio Carbon V3.csv	HypetheSonics	GRAS RA0045	in-ear	1
Periodic Audio Magnesium V3	in-ear/Periodic Audio Magnesium V3.csv	HypetheSonics	GRAS RA0045	in-ear	1
Periodic Audio Titanium V3	in-ear/Periodic Audio Titanium V3.csv	HypetheSonics	GRAS RA0045	in-ear	1
Questyle NHB12	in-ear/Questyle NHB12.csv	HypetheSonics	GRAS RA0045	in-ear	1
RHA CL2	in-ear/RHA CL2.csv	HypetheSonics	GRAS RA0045	in-ear	1
Samsung AKG EO-IG955	in-ear/Samsung AKG EO-IG955.csv	HypetheSonics	GRAS RA0045	in-ear	1
Samsung Galaxy Buds Pro	in-ear/Samsung Galaxy Buds Pro.csv	HypetheSonics	GRAS RA0045	in-ear	1
Samsung Galaxy Buds2 Pro	in-ear/Samsung Galaxy Buds2 Pro.csv	HypetheSonics	GRAS RA0045	in-ear	1
SeeAudio Yume	in-ear/SeeAudio Yume.csv	HypetheSonics	GRAS RA0045	in-ear	1
Sennheiser IE 300	in-ear/Sennheiser IE 300.csv	HypetheSonics	GRAS RA0045	in-ear	1
Sennheiser IE 600 (foam eartips)	in-ear/Sennheiser IE 600 (foam eartips).csv	HypetheSonics	GRAS RA0045	in-ear	1
Sennheiser IE 600 (silicone eartips)	in-ear/Sennheiser IE 600 (silicone eartips).csv	HypetheSonics	GRAS RA0045	in-ear	1
Sennheiser IE 800 S	in-ear/Sennheiser IE 800 S.csv	HypetheSonics	GRAS RA0045	in-ear	1
Sennheiser IE 900 (foam eartips)	in-ear/Sennheiser IE 900 (foam eartips).csv	HypetheSonics	GRAS RA0045	in-ear	1
Sennheiser IE 900 (silicone eartips)	in-ear/Sennheiser IE 900 (silicone eartips).csv	HypetheSonics	GRAS RA0045	in-ear	1
Sennheiser Momentum True Wireless 2	in-ear/Sennheiser Momentum True Wireless 2.csv	HypetheSonics	GRAS RA0045	in-ear	1
Sennheiser Momentum True Wireless 3	in-ear/Sennheiser Momentum True Wireless 3.csv	HypetheSonics	GRAS RA0045	in-ear	1
Shuoer Cadenza 12	in-ear/Shuoer Cadenza 12.csv	HypetheSonics	GRAS RA0045	in-ear	1
Simgot Audio EN700 Pro	in-ear/Simgot Audio EN700 Pro.csv	HypetheSonics	GRAS RA0045	in-ear	1
Skullcandy Smokin Buds 2	in-ear/Skullcandy Smokin Buds 2.csv	HypetheSonics	GRAS RA0045	in-ear	1
Sony IER-M9	in-ear/Sony IER-M9 (HypetheSonics).csv	HypetheSonics	GRAS RA0045	in-ear	1
Sony IER-Z1R	in-ear/Sony IER-Z1R (HypetheSonics).csv	HypetheSonics	GRAS RA0045	in-ear	1
Sony LinkBuds S	in-ear/Sony LinkBuds S.csv	HypetheSonics	GRAS RA0045	in-ear	1
Sony MH755	in-ear/Sony MH755.csv	HypetheSonics	GRAS RA0045	in-ear	1
Sony WF-1000XM3	in-ear/Sony WF-1000XM3.csv	HypetheSonics	GRAS RA0045	in-ear	1
Sony WF-1000XM4	in-ear/Sony WF-1000XM4 (HypetheSonics).csv	HypetheSonics	GRAS RA0045	in-ear	1
Symphonium Audio Helios	in-ear/Symphonium Audio Helios (HypetheSonics).csv	HypetheSonics	GRAS RA0045	in-ear	1
Tanchjim Darling	in-ear/Tanchjim Darling.csv	HypetheSonics	GRAS RA0045	in-ear	1
ThieAudio Monarch MKIII	in-ear/ThieAudio Monarch MKIII (HypetheSonics).csv	HypetheSonics	GRAS RA0045	in-ear	1
Truthear Hexa	in-ear/Truthear Hexa (HypetheSonics).csv	HypetheSonics	GRAS RA0045	in-ear	1
Ultimate Ears Reference Remastered	in-ear/Ultimate Ears Reference Remastered.csv	HypetheSonics	GRAS RA0045	in-ear	1
Ultimate Ears UE18+ Pro	in-ear/Ultimate Ears UE18+ Pro.csv	HypetheSonics	GRAS RA0045	in-ear	1
Vision Ears Elysium	in-ear/Vision Ears Elysium.csv	HypetheSonics	GRAS RA0045	in-ear	1
Vision Ears EVE 20	in-ear/Vision Ears EVE 20.csv	HypetheSonics	GRAS RA0045	in-ear	1
Vision Ears PHöNIX	in-ear/Vision Ears PHöNIX.csv	HypetheSonics	GRAS RA0045	in-ear	1
Vision Ears VE8	in-ear/Vision Ears VE8.csv	HypetheSonics	GRAS RA0045	in-ear	1
Audeze LCD-4	over-ear/Audeze LCD-4.csv	HypetheSonics	Bruel & Kjaer 5128	over-ear	1
Audeze LCD-4z	over-ear/Audeze LCD-4z.csv	HypetheSonics	Bruel & Kjaer 5128	over-ear	1
Audeze LCD-GX	over-ear/Audeze LCD-GX.csv	HypetheSonics	Bruel & Kjaer 5128	over-ear	1
Audeze LCD-X	over-ear/Audeze LCD-X (HypetheSonics).csv	HypetheSonics	Bruel & Kjaer 5128	over-ear	1
Beyerdynamic T5p	over-ear/Beyerdynamic T5p (HypetheSonics).csv	HypetheSonics	Bruel & Kjaer 5128	over-ear	1
Bose QuietComfort 35 II (passive)	over-ear/Bose QuietComfort 35 II (passive).csv	HypetheSonics	Bruel & Kjaer 5128	over-ear	1
Bose QuietComfort Ultra Headphones	over-ear/Bose QuietComfort Ultra Headphones.csv	HypetheSonics	GRAS RA0045	over-ear	1
Bose QuietComfort	over-ear/Bose QuietComfort.csv	HypetheSonics	Bruel & Kjaer 5128	over-ear	1
Dan Clark Audio Aeon 2 Closed	over-ear/Dan Clark Audio Aeon 2 Closed.csv	HypetheSonics	Bruel & Kjaer 5128	over-ear	1
Dan Clark Audio Aeon 2 Open	over-ear/Dan Clark Audio Aeon 2 Open.csv	HypetheSonics	Bruel & Kjaer 5128	over-ear	1
Dan Clark Audio Aeon Flow Closed	over-ear/Dan Clark Audio Aeon Flow Closed.csv	HypetheSonics	Bruel & Kjaer 5128	over-ear	1
Dan Clark Audio Ether 2	over-ear/Dan Clark Audio Ether 2.csv	HypetheSonics	Bruel & Kjaer 5128	over-ear	1
Final Audio Sonorous III	over-ear/Final Audio Sonorous III.csv	HypetheSonics	Bruel & Kjaer 5128	over-ear	1
Final Audio Sonorous X	over-ear/Final Audio Sonorous X.csv	HypetheSonics	Bruel & Kjaer 5128	over-ear	1
Focal Clear	over-ear/Focal Clear.csv	HypetheSonics	Bruel & Kjaer 5128	over-ear	1
Focal Elegia	over-ear/Focal Elegia.csv	HypetheSonics	Bruel & Kjaer 5128	over-ear	1
Focal Stellia	over-ear/Focal Stellia.csv	HypetheSonics	Bruel & Kjaer 5128	over-ear	1
Focal Utopia	over-ear/Focal Utopia.csv	HypetheSonics	Bruel & Kjaer 5128	over-ear	1
Grado GS3000e	over-ear/Grado GS3000e.csv	HypetheSonics	Bruel & Kjaer 5128	over-ear	1
Grado PS2000e	over-ear/Grado PS2000e.csv	HypetheSonics	Bruel & Kjaer 5128	over-ear	1
Grado RS1e	over-ear/Grado RS1e.csv	HypetheSonics	Bruel & Kjaer 5128	over-ear	1
Grado SR325e	over-ear/Grado SR325e.csv	HypetheSonics	Bruel & Kjaer 5128	over-ear	1
Grado SR80e	over-ear/Grado SR80e.csv	HypetheSonics	Bruel & Kjaer 5128	over-ear	1
HEDD HEDDphone	over-ear/HEDD HEDDphone (HypetheSonics).csv	HypetheSonics	Bruel & Kjaer 5128	over-ear	1
Meze Empyrean	over-ear/Meze Empyrean.csv	HypetheSonics	Bruel & Kjaer 5128	over-ear	1
Sennheiser HD 560S	over-ear/Sennheiser HD 560S (HypetheSonics).csv	HypetheSonics	Bruel & Kjaer 5128	over-ear	1
Sennheiser HD 660 S	over-ear/Sennheiser HD 660 S.csv	HypetheSonics	Bruel & Kjaer 5128	over-ear	1
Sennheiser HD 800 S	over-ear/Sennheiser HD 800 S (HypetheSonics).csv	HypetheSonics	Bruel & Kjaer 5128	over-ear	1
Sennheiser HD 820	over-ear/Sennheiser HD 820.csv	HypetheSonics	Bruel & Kjaer 5128	over-ear	1
Sony MDR-Z1R	over-ear/Sony MDR-Z1R.csv	HypetheSonics	Bruel & Kjaer 5128	over-ear	1
Sony MDR-Z7M2	over-ear/Sony MDR-Z7M2.csv	HypetheSonics	Bruel & Kjaer 5128	over-ear	1
Sony WH-1000XM4 (ANC Off)	over-ear/Sony WH-1000XM4 (ANC Off).csv	HypetheSonics	Bruel & Kjaer 5128	over-ear	1
Sony WH-1000XM4 (ANC on)	over-ear/Sony WH-1000XM4 (ANC on).csv	HypetheSonics	Bruel & Kjaer 5128	over-ear	1
Apple EarPods	earbud/Apple EarPods (Innerfidelity).csv	Innerfidelity		earbud	1
Apple iPod Ear Buds (sample A)	earbud/Apple iPod Ear Buds (sample A).csv	Innerfidelity		earbud	1
Apple iPod Ear Buds (sample B)	earbud/Apple iPod Ear Buds (sample B).csv	Innerfidelity		earbud	1
Apple iPod Ear Buds	earbud/Apple iPod Ear Buds.csv	Innerfidelity		earbud	1
Comradz NW-STUDIO PRO	earbud/Comradz NW-STUDIO PRO.csv	Innerfidelity		earbud	1
Comradz NW-STUDIO	earbud/Comradz NW-STUDIO.csv	Innerfidelity		earbud	1
Edifier P180	earbud/Edifier P180.csv	Innerfidelity		earbud	1
Polk Audio UltraFit 1000	earbud/Polk Audio UltraFit 1000 (Innerfidelity).csv	Innerfidelity		earbud	1
Polk Audio UltraFit 500	earbud/Polk Audio UltraFit 500 (Innerfidelity).csv	Innerfidelity		earbud	1
Sennheiser MX 560	earbud/Sennheiser MX 560 (Innerfidelity).csv	Innerfidelity		earbud	1
Sennheiser MX 680	earbud/Sennheiser MX 680.csv	Innerfidelity		earbud	1
Venture Electronics Monk Plus	earbud/Venture Electronics Monk Plus (Innerfidelity).csv	Innerfidelity		earbud	1
Walmart Three DOllar Buds	earbud/Walmart Three DOllar Buds.csv	Innerfidelity		earbud	1
Yuin PK1	earbud/Yuin PK1 (Innerfidelity).csv	Innerfidelity		earbud	1
Yuin PK2	earbud/Yuin PK2 (Innerfidelity).csv	Innerfidelity		earbud	1
1MORE Crystal Piston	in-ear/1MORE Crystal Piston.csv	Innerfidelity		in-ear	1
1MORE Multi Unit Earphones	in-ear/1MORE Multi Unit Earphones.csv	Innerfidelity		in-ear	1
1MORE Triple Driver	in-ear/1MORE Triple Driver (Innerfidelity).csv	Innerfidelity		in-ear	1
1MORE Voice of China	in-ear/1MORE Voice of China.csv	Innerfidelity		in-ear	1
Accidentally Extraordinary Bamboo	in-ear/Accidentally Extraordinary Bamboo.csv	Innerfidelity		in-ear	1
Advanced M4	in-ear/Advanced M4 (Innerfidelity).csv	Innerfidelity		in-ear	1
AKG K3003 (bass boost filter)	in-ear/AKG K3003 (bass boost filter) (Innerfidelity).csv	Innerfidelity		in-ear	1
AKG K3003 (high boost filter)	in-ear/AKG K3003 (high boost filter) (Innerfidelity).csv	Innerfidelity		in-ear	1
AKG K3003 (reference filter)	in-ear/AKG K3003 (reference filter) (Innerfidelity).csv	Innerfidelity		in-ear	1
AKG K376	in-ear/AKG K376.csv	Innerfidelity		in-ear	1
AKG Q350 Quincy Jones	in-ear/AKG Q350 Quincy Jones (Innerfidelity).csv	Innerfidelity		in-ear	1
Alpha & Delta AD01	in-ear/Alpha & Delta AD01.csv	Innerfidelity		in-ear	1
Apple In-Ear (2013)	in-ear/Apple In-Ear (2013).csv	Innerfidelity		in-ear	1
Astrotec AM90	in-ear/Astrotec AM90.csv	Innerfidelity		in-ear	1
Astrotec AX35	in-ear/Astrotec AX35.csv	Innerfidelity		in-ear	1
Astrotec AX7	in-ear/Astrotec AX7.csv	Innerfidelity		in-ear	1
Audeze iSINE 20	in-ear/Audeze iSINE 20.csv	Innerfidelity		in-ear	1
Audio-Technica ATH-CKM500	in-ear/Audio-Technica ATH-CKM500.csv	Innerfidelity		in-ear	1
Audio-Technica ATH-CKX5iS	in-ear/Audio-Technica ATH-CKX5iS.csv	Innerfidelity		in-ear	1
Audio-Technica ATH-IM02	in-ear/Audio-Technica ATH-IM02.csv	Innerfidelity		in-ear	1
AudioFly Adagio Club Life	in-ear/AudioFly Adagio Club Life.csv	Innerfidelity		in-ear	1
AudioFly AF140	in-ear/AudioFly AF140.csv	Innerfidelity		in-ear	1
AudioFly AF160	in-ear/AudioFly AF160.csv	Innerfidelity		in-ear	1
AudioFly AF180	in-ear/AudioFly AF180.csv	Innerfidelity		in-ear	1
Aurisonics Rockets	in-ear/Aurisonics Rockets.csv	Innerfidelity		in-ear	1
Beats Tour (2014)	in-ear/Beats Tour (2014).csv	Innerfidelity		in-ear	1
Beats Tour	in-ear/Beats Tour.csv	Innerfidelity		in-ear	1
Boqari Q1	in-ear/Boqari Q1.csv	Innerfidelity		in-ear	1
Bowers & Wilkins C5	in-ear/Bowers & Wilkins C5.csv	Innerfidelity		in-ear	1
Brainwavz M2	in-ear/Brainwavz M2.csv	Innerfidelity		in-ear	1
Brainwavz R3	in-ear/Brainwavz R3.csv	Innerfidelity		in-ear	1
Brainwavz S0	in-ear/Brainwavz S0.csv	Innerfidelity		in-ear	1
Brainwavz S1	in-ear/Brainwavz S1.csv	Innerfidelity		in-ear	1
Brainwavz S5	in-ear/Brainwavz S5.csv	Innerfidelity		in-ear	1
Cardas EM5813	in-ear/Cardas EM5813 (Innerfidelity).csv	Innerfidelity		in-ear	1
Creative Aurvana In Ear 3	in-ear/Creative Aurvana In Ear 3.csv	Innerfidelity		in-ear	1
Cyberdrive Forte Classic Bass	in-ear/Cyberdrive Forte Classic Bass.csv	Innerfidelity		in-ear	1
Cyberdrive Forte Classic Soprano	in-ear/Cyberdrive Forte Classic Soprano.csv	Innerfidelity		in-ear	1
Cyberdrive Forte Impact Bass	in-ear/Cyberdrive Forte Impact Bass.csv	Innerfidelity		in-ear	1
Cypher Labs Astru IEM (bass boost filter)	in-ear/Cypher Labs Astru IEM (bass boost filter).csv	Innerfidelity		in-ear	1
Cypher Labs Astru IEM	in-ear/Cypher Labs Astru IEM.csv	Innerfidelity		in-ear	1
Denon AH-C360	in-ear/Denon AH-C360 (Innerfidelity).csv	Innerfidelity		in-ear	1
Denon AH-C551	in-ear/Denon AH-C551.csv	Innerfidelity		in-ear	1
Denon AH-C560R	in-ear/Denon AH-C560R (Innerfidelity).csv	Innerfidelity		in-ear	1
Denon AH-C710	in-ear/Denon AH-C710 (Innerfidelity).csv	Innerfidelity		in-ear	1
DUNU DN1000	in-ear/DUNU DN1000 (Innerfidelity).csv	Innerfidelity		in-ear	1
DUNU DN2000	in-ear/DUNU DN2000.csv	Innerfidelity		in-ear	1
DUNU DN2000J	in-ear/DUNU DN2000J.csv	Innerfidelity		in-ear	1
DUNU DN900	in-ear/DUNU DN900.csv	Innerfidelity		in-ear	1
DUNU Titan 1	in-ear/DUNU Titan 1.csv	Innerfidelity		in-ear	1
DUNU Titan 3	in-ear/DUNU Titan 3.csv	Innerfidelity		in-ear	1
DUNU Titan 5	in-ear/DUNU Titan 5.csv	Innerfidelity		in-ear	1
EarSonics ES3	in-ear/EarSonics ES3.csv	Innerfidelity		in-ear	1
EarSonics Velvet (standard)	in-ear/EarSonics Velvet (standard).csv	Innerfidelity		in-ear	1
EarSonics Velvet (tight)	in-ear/EarSonics Velvet (tight).csv	Innerfidelity		in-ear	1
EarSonics Velvet (warm)	in-ear/EarSonics Velvet (warm).csv	Innerfidelity		in-ear	1
Echobox Finder X1 (black filter)	in-ear/Echobox Finder X1 (black filter).csv	Innerfidelity		in-ear	1
Echobox Finder X1 (red filter)	in-ear/Echobox Finder X1 (red filter).csv	Innerfidelity		in-ear	1
Echobox Finder X1 (white filter)	in-ear/Echobox Finder X1 (white filter).csv	Innerfidelity		in-ear	1
Etymotic EK5	in-ear/Etymotic EK5.csv	Innerfidelity		in-ear	1
Etymotic ER4SR	in-ear/Etymotic ER4SR (Innerfidelity).csv	Innerfidelity		in-ear	1
Etymotic ER4XR	in-ear/Etymotic ER4XR (Innerfidelity).csv	Innerfidelity		in-ear	1
Etymotic mc3	in-ear/Etymotic mc3 (Innerfidelity).csv	Innerfidelity		in-ear	1
Etymotic Mk5	in-ear/Etymotic Mk5.csv	Innerfidelity		in-ear	1
Fender FXA6	in-ear/Fender FXA6.csv	Innerfidelity		in-ear	1
Fidue A31s	in-ear/Fidue A31s.csv	Innerfidelity		in-ear	1
Fidue A63	in-ear/Fidue A63.csv	Innerfidelity		in-ear	1
Fidue A65	in-ear/Fidue A65.csv	Innerfidelity		in-ear	1
Fidue A71	in-ear/Fidue A71.csv	Innerfidelity		in-ear	1
Fidue A81	in-ear/Fidue A81.csv	Innerfidelity		in-ear	1
Fidue A83	in-ear/Fidue A83.csv	Innerfidelity		in-ear	1
Final Audio Adagio III	in-ear/Final Audio Adagio III.csv	Innerfidelity		in-ear	1
Final Audio Heaven A	in-ear/Final Audio Heaven A.csv	Innerfidelity		in-ear	1
Final Audio Heaven II	in-ear/Final Audio Heaven II.csv	Innerfidelity		in-ear	1
Final Audio Heaven S	in-ear/Final Audio Heaven S.csv	Innerfidelity		in-ear	1
First Harmonic IEB6	in-ear/First Harmonic IEB6.csv	Innerfidelity		in-ear	1
Fischer Audio SBA-03	in-ear/Fischer Audio SBA-03.csv	Innerfidelity		in-ear	1
Fischer Audio Tandem	in-ear/Fischer Audio Tandem.csv	Innerfidelity		in-ear	1
FLC Technology FLC8 (gray LF, grey ULF, black HF)	in-ear/FLC Technology FLC8 (gray LF, grey ULF, black HF).csv	Innerfidelity		in-ear	1
FLC Technology FLC8 (gray LF, grey ULF, blue HF)	in-ear/FLC Technology FLC8 (gray LF, grey ULF, blue HF).csv	Innerfidelity		in-ear	1
FLC Technology FLC8 (light, grey LF, grey ULF, blue HF)	in-ear/FLC Technology FLC8 (light, grey LF, grey ULF, blue HF).csv	Innerfidelity		in-ear	1
FLC Technology FLC8 (pop-rap, black LF, grey ULF, black HF)	in-ear/FLC Technology FLC8 (pop-rap, black LF, grey ULF, black HF).csv	Innerfidelity		in-ear	1
FLC Technology FLC8 (strings-piano, clear LF, clear LF, green HF)	in-ear/FLC Technology FLC8 (strings-piano, clear LF, clear LF, green HF).csv	Innerfidelity		in-ear	1
FLC Technology FLC8 (vocals, clear LF, clear ULF, yellow HF)	in-ear/FLC Technology FLC8 (vocals, clear LF, clear ULF, yellow HF).csv	Innerfidelity		in-ear	1
Focal Sphear	in-ear/Focal Sphear.csv	Innerfidelity		in-ear	1
Fujisan Telos	in-ear/Fujisan Telos.csv	Innerfidelity		in-ear	1
Grado GR8	in-ear/Grado GR8 (Innerfidelity).csv	Innerfidelity		in-ear	1
Harman Kardon NI	in-ear/Harman Kardon NI.csv	Innerfidelity		in-ear	1
Havi B3 Pro1	in-ear/Havi B3 Pro1.csv	Innerfidelity		in-ear	1
HIFIMAN RE262	in-ear/HIFIMAN RE262.csv	Innerfidelity		in-ear	1
HIFIMAN RE272	in-ear/HIFIMAN RE272.csv	Innerfidelity		in-ear	1
HIFIMAN RE300	in-ear/HIFIMAN RE300.csv	Innerfidelity		in-ear	1
HIFIMAN RE400	in-ear/HIFIMAN RE400.csv	Innerfidelity		in-ear	1
HIFIMAN RE600	in-ear/HIFIMAN RE600.csv	Innerfidelity		in-ear	1
HiSoundAudio BA-100	in-ear/HiSoundAudio BA-100.csv	Innerfidelity		in-ear	1
HiSoundAudio Crystal	in-ear/HiSoundAudio Crystal.csv	Innerfidelity		in-ear	1
HiSoundAudio Golden Crystal	in-ear/HiSoundAudio Golden Crystal.csv	Innerfidelity		in-ear	1
HiSoundAudio Hiphone HP4	in-ear/HiSoundAudio Hiphone HP4.csv	Innerfidelity		in-ear	1
HiSoundAudio Wooduo	in-ear/HiSoundAudio Wooduo.csv	Innerfidelity		in-ear	1
House of Marley Legend	in-ear/House of Marley Legend.csv	Innerfidelity		in-ear	1
House of Marley Smile Jamaica	in-ear/House of Marley Smile Jamaica.csv	Innerfidelity		in-ear	1
HZSOUND HZ-EP001	in-ear/HZSOUND HZ-EP001.csv	Innerfidelity		in-ear	1
HZSOUND HZ3	in-ear/HZSOUND HZ3.csv	Innerfidelity		in-ear	1
iHarmonix Platinum ev-Series	in-ear/iHarmonix Platinum ev-Series.csv	Innerfidelity		in-ear	1
iMetal iM590	in-ear/iMetal iM590.csv	Innerfidelity		in-ear	1
InEar StageDriver 3	in-ear/InEar StageDriver 3.csv	Innerfidelity		in-ear	1
Ivery IS-1	in-ear/Ivery IS-1.csv	Innerfidelity		in-ear	1
JAYS a-JAYS FIVE	in-ear/JAYS a-JAYS FIVE.csv	Innerfidelity		in-ear	1
JAYS q-JAYS	in-ear/JAYS q-JAYS (Innerfidelity).csv	Innerfidelity		in-ear	1
JVC HA-FR301	in-ear/JVC HA-FR301.csv	Innerfidelity		in-ear	1
JVC HA-FXT90	in-ear/JVC HA-FXT90.csv	Innerfidelity		in-ear	1
JVC XX Elation HA FR100X	in-ear/JVC XX Elation HA FR100X.csv	Innerfidelity		in-ear	1
KEF M200	in-ear/KEF M200.csv	Innerfidelity		in-ear	1
Klipsch X10	in-ear/Klipsch X10.csv	Innerfidelity		in-ear	1
Klipsch X12i	in-ear/Klipsch X12i.csv	Innerfidelity		in-ear	1
Klipsch X20i	in-ear/Klipsch X20i.csv	Innerfidelity		in-ear	1
Klipsch X6i	in-ear/Klipsch X6i.csv	Innerfidelity		in-ear	1
Klipsch XR8i	in-ear/Klipsch XR8i.csv	Innerfidelity		in-ear	1
Lear LUF 4C	in-ear/Lear LUF 4C.csv	Innerfidelity		in-ear	1
Lear LUF-4F	in-ear/Lear LUF-4F.csv	Innerfidelity		in-ear	1
Lenntek Pro Series	in-ear/Lenntek Pro Series (Innerfidelity).csv	Innerfidelity		in-ear	1
LG Quadbeat HSS-F420	in-ear/LG Quadbeat HSS-F420.csv	Innerfidelity		in-ear	1
Life Acoustics PreKickstarter	in-ear/Life Acoustics PreKickstarter.csv	Innerfidelity		in-ear	1
Logitech UE 900	in-ear/Logitech UE 900.csv	Innerfidelity		in-ear	1
Massdrop Nobel X	in-ear/Massdrop Nobel X.csv	Innerfidelity		in-ear	1
Master & Dynamic ME05	in-ear/Master & Dynamic ME05.csv	Innerfidelity		in-ear	1
MEE Audio A161P	in-ear/MEE Audio A161P.csv	Innerfidelity		in-ear	1
Meze 11 Deco	in-ear/Meze 11 Deco.csv	Innerfidelity		in-ear	1
Meze 11 Neo	in-ear/Meze 11 Neo.csv	Innerfidelity		in-ear	1
Meze 12 Classics	in-ear/Meze 12 Classics.csv	Innerfidelity		in-ear	1
Moe Audio SS01	in-ear/Moe Audio SS01.csv	Innerfidelity		in-ear	1
Monoprice 8320	in-ear/Monoprice 8320.csv	Innerfidelity		in-ear	1
Monster Jamz	in-ear/Monster Jamz (Innerfidelity).csv	Innerfidelity		in-ear	1
Monster Miles Davis Tribute	in-ear/Monster Miles Davis Tribute.csv	Innerfidelity		in-ear	1
Monster Turbine Pro Copper	in-ear/Monster Turbine Pro Copper.csv	Innerfidelity		in-ear	1
Monster Turbine Pro Gold	in-ear/Monster Turbine Pro Gold (Innerfidelity).csv	Innerfidelity		in-ear	1
Monster Turbine	in-ear/Monster Turbine (Innerfidelity).csv	Innerfidelity		in-ear	1
NarMoo B2M	in-ear/NarMoo B2M.csv	Innerfidelity		in-ear	1
NarMoo R1M (black ports)	in-ear/NarMoo R1M (black ports).csv	Innerfidelity		in-ear	1
NarMoo R1M (gunmetal ports)	in-ear/NarMoo R1M (gunmetal ports).csv	Innerfidelity		in-ear	1
NarMoo R1M (silver ports)	in-ear/NarMoo R1M (silver ports).csv	Innerfidelity		in-ear	1
NarMoo S1	in-ear/NarMoo S1.csv	Innerfidelity		in-ear	1
NarMoo W1M	in-ear/NarMoo W1M.csv	Innerfidelity		in-ear	1
NHT Super Buds	in-ear/NHT Super Buds.csv	Innerfidelity		in-ear	1
Noble Audio PR P Tuning	in-ear/Noble Audio PR P Tuning.csv	Innerfidelity		in-ear	1
Noble Audio PR R Tuning	in-ear/Noble Audio PR R Tuning.csv	Innerfidelity		in-ear	1
Nocs NS 400	in-ear/Nocs NS 400 (Innerfidelity).csv	Innerfidelity		in-ear	1
Nocs NS200	in-ear/Nocs NS200 (Innerfidelity).csv	Innerfidelity		in-ear	1
Nocs NS800	in-ear/Nocs NS800 (Innerfidelity).csv	Innerfidelity		in-ear	1
Noontec Rio	in-ear/Noontec Rio.csv	Innerfidelity		in-ear	1
NuForce Every Day Car	in-ear/NuForce Every Day Car.csv	Innerfidelity		in-ear	1
NuForce HEM8	in-ear/NuForce HEM8.csv	Innerfidelity		in-ear	1
NuForce NE-600X	in-ear/NuForce NE-600X.csv	Innerfidelity		in-ear	1
NuForce NE-700M	in-ear/NuForce NE-700M.csv	Innerfidelity		in-ear	1
NuForce Primo 8	in-ear/NuForce Primo 8.csv	Innerfidelity		in-ear	1
NVX EX10S	in-ear/NVX EX10S.csv	Innerfidelity		in-ear	1
Ocharaku Flat-4 Kuro Type II	in-ear/Ocharaku Flat-4 Kuro Type II.csv	Innerfidelity		in-ear	1
Onkyo IE-HF300S	in-ear/Onkyo IE-HF300S.csv	Innerfidelity		in-ear	1
Ostry KC06	in-ear/Ostry KC06.csv	Innerfidelity		in-ear	1
Panasonic RP-HJE120	in-ear/Panasonic RP-HJE120.csv	Innerfidelity		in-ear	1
Paradigm Shift E1	in-ear/Paradigm Shift E1.csv	Innerfidelity		in-ear	1
Paradigm Shift E3m	in-ear/Paradigm Shift E3m.csv	Innerfidelity		in-ear	1
Phiaton Moderna MS200	in-ear/Phiaton Moderna MS200.csv	Innerfidelity		in-ear	1
Phiaton MS 100 BA	in-ear/Phiaton MS 100 BA.csv	Innerfidelity		in-ear	1
Phiaton PS 20	in-ear/Phiaton PS 20.csv	Innerfidelity		in-ear	1
Phiaton PS 200	in-ear/Phiaton PS 200 (Innerfidelity).csv	Innerfidelity		in-ear	1
Phiaton PS 210	in-ear/Phiaton PS 210 (Innerfidelity).csv	Innerfidelity		in-ear	1
Philips Fidelio S1 Early 2013	in-ear/Philips Fidelio S1 Early 2013.csv	Innerfidelity		in-ear	1
Philips Fidelio S2 (2013)	in-ear/Philips Fidelio S2 (2013).csv	Innerfidelity		in-ear	1
Philips Fidelio S2 (early 2013)	in-ear/Philips Fidelio S2 (early 2013).csv	Innerfidelity		in-ear	1
Philips SHE3590	in-ear/Philips SHE3590.csv	Innerfidelity		in-ear	1
Philips SME3580	in-ear/Philips SME3580.csv	Innerfidelity		in-ear	1
Philips TX1	in-ear/Philips TX1.csv	Innerfidelity		in-ear	1
Philips TX2	in-ear/Philips TX2.csv	Innerfidelity		in-ear	1
Phonak PFE 121 (black filter)	in-ear/Phonak PFE 121 (black filter).csv	Innerfidelity		in-ear	1
Phonak PFE 121 (gray filter)	in-ear/Phonak PFE 121 (gray filter).csv	Innerfidelity		in-ear	1
Phonak PFE 121 (green filter)	in-ear/Phonak PFE 121 (green filter).csv	Innerfidelity		in-ear	1
Phonak PFE 232	in-ear/Phonak PFE 232.csv	Innerfidelity		in-ear	1
PNY Midtown	in-ear/PNY Midtown.csv	Innerfidelity		in-ear	1
PNY Uptown	in-ear/PNY Uptown.csv	Innerfidelity		in-ear	1
Polk Audio UltraFit 300	in-ear/Polk Audio UltraFit 300.csv	Innerfidelity		in-ear	1
Polk Audio UltraFit 3000	in-ear/Polk Audio UltraFit 3000 (Innerfidelity).csv	Innerfidelity		in-ear	1
PopClik EVOLO	in-ear/PopClik EVOLO.csv	Innerfidelity		in-ear	1
PopClik String	in-ear/PopClik String.csv	Innerfidelity		in-ear	1
PSB M4U 4	in-ear/PSB M4U 4.csv	Innerfidelity		in-ear	1
Pump Audio Earphones	in-ear/Pump Audio Earphones.csv	Innerfidelity		in-ear	1
PureSound Clarity One	in-ear/PureSound Clarity One.csv	Innerfidelity		in-ear	1
Radius HP-NHA11	in-ear/Radius HP-NHA11.csv	Innerfidelity		in-ear	1
Radius HP-NHR11	in-ear/Radius HP-NHR11.csv	Innerfidelity		in-ear	1
Radius HP-TWF31	in-ear/Radius HP-TWF31.csv	Innerfidelity		in-ear	1
Radius HP-TWF41	in-ear/Radius HP-TWF41.csv	Innerfidelity		in-ear	1
RBH EP1	in-ear/RBH EP1.csv	Innerfidelity		in-ear	1
RBH EP3	in-ear/RBH EP3.csv	Innerfidelity		in-ear	1
RHA MA-350	in-ear/RHA MA-350.csv	Innerfidelity		in-ear	1
RHA MA450i	in-ear/RHA MA450i.csv	Innerfidelity		in-ear	1
RHA MA600	in-ear/RHA MA600.csv	Innerfidelity		in-ear	1
RHA MA750	in-ear/RHA MA750.csv	Innerfidelity		in-ear	1
RHA S500i	in-ear/RHA S500i.csv	Innerfidelity		in-ear	1
RHA T10i (bass filter)	in-ear/RHA T10i (bass filter).csv	Innerfidelity		in-ear	1
RHA T10i (reference filter)	in-ear/RHA T10i (reference filter).csv	Innerfidelity		in-ear	1
RHA T10i (treble filter)	in-ear/RHA T10i (treble filter).csv	Innerfidelity		in-ear	1
RHA T20 (bass filter)	in-ear/RHA T20 (bass filter).csv	Innerfidelity		in-ear	1
RHA T20 (reference filter)	in-ear/RHA T20 (reference filter).csv	Innerfidelity		in-ear	1
RHA T20 (treble filter)	in-ear/RHA T20 (treble filter).csv	Innerfidelity		in-ear	1
Rock Jaw Alpha Genus (black filter)	in-ear/Rock Jaw Alpha Genus (black filter).csv	Innerfidelity		in-ear	1
Rock Jaw Alpha Genus (silver filters)	in-ear/Rock Jaw Alpha Genus (silver filters).csv	Innerfidelity		in-ear	1
RockIt Sounds R30	in-ear/RockIt Sounds R30.csv	Innerfidelity		in-ear	1
RockIt Sounds R50	in-ear/RockIt Sounds R50.csv	Innerfidelity		in-ear	1
Santa Cruz Audio SC1000 (active)	in-ear/Santa Cruz Audio SC1000 (active).csv	Innerfidelity		in-ear	1
Santa Cruz Audio SC1000 (passive)	in-ear/Santa Cruz Audio SC1000 (passive).csv	Innerfidelity		in-ear	1
Sennheiser CX 1.00	in-ear/Sennheiser CX 1.00.csv	Innerfidelity		in-ear	1
Sennheiser CX 2.00	in-ear/Sennheiser CX 2.00.csv	Innerfidelity		in-ear	1
Sennheiser IE 6	in-ear/Sennheiser IE 6.csv	Innerfidelity		in-ear	1
Sennheiser IE 800 (sample A)	in-ear/Sennheiser IE 800 (sample A).csv	Innerfidelity		in-ear	1
Sennheiser IE 800 (sample B)	in-ear/Sennheiser IE 800 (sample B).csv	Innerfidelity		in-ear	1
Sennheiser IE 800 (sample C)	in-ear/Sennheiser IE 800 (sample C).csv	Innerfidelity		in-ear	1
Sennheiser IE 800	in-ear/Sennheiser IE 800.csv	Innerfidelity		in-ear	1
Sennheiser Momentum In-Ear	in-ear/Sennheiser Momentum In-Ear.csv	Innerfidelity		in-ear	1
Shure SE215	in-ear/Shure SE215 (Innerfidelity).csv	Innerfidelity		in-ear	1
Shure SE315	in-ear/Shure SE315 (Innerfidelity).csv	Innerfidelity		in-ear	1
Shure SE425	in-ear/Shure SE425 (Innerfidelity).csv	Innerfidelity		in-ear	1
Shure SE530	in-ear/Shure SE530 (Innerfidelity).csv	Innerfidelity		in-ear	1
Shure SE535	in-ear/Shure SE535 (Innerfidelity).csv	Innerfidelity		in-ear	1
Shure SE846 (black)	in-ear/Shure SE846 (black) (Innerfidelity).csv	Innerfidelity		in-ear	1
Shure SE846 (blue)	in-ear/Shure SE846 (blue) (Innerfidelity).csv	Innerfidelity		in-ear	1
Shure SE846 (white)	in-ear/Shure SE846 (white) (Innerfidelity).csv	Innerfidelity		in-ear	1
Signature Acoustics Elements C12	in-ear/Signature Acoustics Elements C12.csv	Innerfidelity		in-ear	1
Skullcandy Holua	in-ear/Skullcandy Holua (Innerfidelity).csv	Innerfidelity		in-ear	1
Sony MDR-7550	in-ear/Sony MDR-7550 (Innerfidelity).csv	Innerfidelity		in-ear	1
Sony MDR-EX1000	in-ear/Sony MDR-EX1000.csv	Innerfidelity		in-ear	1
Sony MDR-EX600	in-ear/Sony MDR-EX600.csv	Innerfidelity		in-ear	1
Sony MH1C	in-ear/Sony MH1C.csv	Innerfidelity		in-ear	1
Sony XBA-Z5	in-ear/Sony XBA-Z5.csv	Innerfidelity		in-ear	1
SoundMAGIC E10	in-ear/SoundMAGIC E10.csv	Innerfidelity		in-ear	1
Spider realvoice	in-ear/Spider realvoice.csv	Innerfidelity		in-ear	1
Stax SR-003 SA-1993	in-ear/Stax SR-003 SA-1993.csv	Innerfidelity		in-ear	1
SteelSeries Flux In-Ear	in-ear/SteelSeries Flux In-Ear.csv	Innerfidelity		in-ear	1
SteelSeries Flux InEar Pro	in-ear/SteelSeries Flux InEar Pro.csv	Innerfidelity		in-ear	1
Syun ME1 Gold	in-ear/Syun ME1 Gold.csv	Innerfidelity		in-ear	1
Syun Mix1 Gold	in-ear/Syun Mix1 Gold.csv	Innerfidelity		in-ear	1
T-Peos Altone 200 2014	in-ear/T-Peos Altone 200 2014.csv	Innerfidelity		in-ear	1
T-Peos H-100	in-ear/T-Peos H-100.csv	Innerfidelity		in-ear	1
T-Peos Popular	in-ear/T-Peos Popular.csv	Innerfidelity		in-ear	1
T-Peos Rich 200	in-ear/T-Peos Rich 200.csv	Innerfidelity		in-ear	1
T-Peos Spider	in-ear/T-Peos Spider.csv	Innerfidelity		in-ear	1
T-Peos Tank	in-ear/T-Peos Tank.csv	Innerfidelity		in-ear	1
T-Peos U200R	in-ear/T-Peos U200R.csv	Innerfidelity		in-ear	1
TDK BA200	in-ear/TDK BA200.csv	Innerfidelity		in-ear	1
TDK MT300	in-ear/TDK MT300.csv	Innerfidelity		in-ear	1
Tekfusion Ecoofers	in-ear/Tekfusion Ecoofers.csv	Innerfidelity		in-ear	1
Tekfusion Twinwoofers	in-ear/Tekfusion Twinwoofers.csv	Innerfidelity		in-ear	1
Thermaltake Isurus	in-ear/Thermaltake Isurus.csv	Innerfidelity		in-ear	1
Thinksound Rain2	in-ear/Thinksound Rain2.csv	Innerfidelity		in-ear	1
Thinksound ts01	in-ear/Thinksound ts01 (Innerfidelity).csv	Innerfidelity		in-ear	1
Torque t096z (bass boost filter)	in-ear/Torque t096z (bass boost filter).csv	Innerfidelity		in-ear	1
Torque t096z (mid centric filter)	in-ear/Torque t096z (mid centric filter).csv	Innerfidelity		in-ear	1
Torque t096z (neutral filter)	in-ear/Torque t096z (neutral filter).csv	Innerfidelity		in-ear	1
Torque t096z (treble boost filter)	in-ear/Torque t096z (treble boost filter).csv	Innerfidelity		in-ear	1
Torque t096z (U-shaped filter)	in-ear/Torque t096z (U-shaped filter).csv	Innerfidelity		in-ear	1
Torque t096z (warm tilt filter)	in-ear/Torque t096z (warm tilt filter).csv	Innerfidelity		in-ear	1
Torque t103z (black filter)	in-ear/Torque t103z (black filter).csv	Innerfidelity		in-ear	1
Torque t103z (red filter)	in-ear/Torque t103z (red filter).csv	Innerfidelity		in-ear	1
Torque t103z (yellow filter)	in-ear/Torque t103z (yellow filter).csv	Innerfidelity		in-ear	1
UBSound Fighter	in-ear/UBSound Fighter.csv	Innerfidelity		in-ear	1
Ultimate Ears TF10	in-ear/Ultimate Ears TF10.csv	Innerfidelity		in-ear	1
Ultimate Ears UE350	in-ear/Ultimate Ears UE350 (Innerfidelity).csv	Innerfidelity		in-ear	1
Ultimate Ears UE500	in-ear/Ultimate Ears UE500 (Innerfidelity).csv	Innerfidelity		in-ear	1
Ultimate Ears UE600	in-ear/Ultimate Ears UE600 (Innerfidelity).csv	Innerfidelity		in-ear	1
Ultimate Ears UE700	in-ear/Ultimate Ears UE700 (Innerfidelity).csv	Innerfidelity		in-ear	1
Umi Voix	in-ear/Umi Voix.csv	Innerfidelity		in-ear	1
Unique Melody 3X	in-ear/Unique Melody 3X.csv	Innerfidelity		in-ear	1
Velodyne vPulse	in-ear/Velodyne vPulse.csv	Innerfidelity		in-ear	1
Venture Electronics Duke	in-ear/Venture Electronics Duke.csv	Innerfidelity		in-ear	1
ViSang VS-K1	in-ear/ViSang VS-K1.csv	Innerfidelity		in-ear	1
VSonic GR02 Bass Edition	in-ear/VSonic GR02 Bass Edition.csv	Innerfidelity		in-ear	1
VSonic GR07 Bass Edition	in-ear/VSonic GR07 Bass Edition.csv	Innerfidelity		in-ear	1
VSonic GR07 Classic	in-ear/VSonic GR07 Classic.csv	Innerfidelity		in-ear	1
VSonic GR07	in-ear/VSonic GR07.csv	Innerfidelity		in-ear	1
VSonic VC1000	in-ear/VSonic VC1000.csv	Innerfidelity		in-ear	1
VSonic VCO2	in-ear/VSonic VCO2.csv	Innerfidelity		in-ear	1
VSonic VS05	in-ear/VSonic VS05.csv	Innerfidelity		in-ear	1
VSonic VSD1	in-ear/VSonic VSD1.csv	Innerfidelity		in-ear	1
VSonic VSD1S	in-ear/VSonic VSD1S.csv	Innerfidelity		in-ear	1
VSonic VSD3	in-ear/VSonic VSD3.csv	Innerfidelity		in-ear	1
VSonic VSD3S	in-ear/VSonic VSD3S.csv	Innerfidelity		in-ear	1
Westone 4R	in-ear/Westone 4R (Innerfidelity).csv	Innerfidelity		in-ear	1
Westone ADV Alpha	in-ear/Westone ADV Alpha.csv	Innerfidelity		in-ear	1
Westone UM1	in-ear/Westone UM1 (Innerfidelity).csv	Innerfidelity		in-ear	1
Westone UM3X RC	in-ear/Westone UM3X RC (Innerfidelity).csv	Innerfidelity		in-ear	1
Westone W10	in-ear/Westone W10.csv	Innerfidelity		in-ear	1
Westone W2	in-ear/Westone W2 (Innerfidelity).csv	Innerfidelity		in-ear	1
Westone W20	in-ear/Westone W20.csv	Innerfidelity		in-ear	1
Westone W40	in-ear/Westone W40.csv	Innerfidelity		in-ear	1
Westone W60	in-ear/Westone W60 (Innerfidelity).csv	Innerfidelity		in-ear	1
Wicked Audio Deuce	in-ear/Wicked Audio Deuce.csv	Innerfidelity		in-ear	1
Xiaomi Crystal	in-ear/Xiaomi Crystal.csv	Innerfidelity		in-ear	1
Xiaomi Hybrid	in-ear/Xiaomi Hybrid.csv	Innerfidelity		in-ear	1
Xiaomi Piston 2	in-ear/Xiaomi Piston 2.csv	Innerfidelity		in-ear	1
Xiaomi Piston 3 Youth Edition	in-ear/Xiaomi Piston 3 Youth Edition.csv	Innerfidelity		in-ear	1
Xiaomi Piston 3	in-ear/Xiaomi Piston 3.csv	Innerfidelity		in-ear	1
XTZ EarPhone-12	in-ear/XTZ EarPhone-12.csv	Innerfidelity		in-ear	1
Yamaha YH-5M	in-ear/Yamaha YH-5M.csv	Innerfidelity		in-ear	1
Yutai BAS02	in-ear/Yutai BAS02.csv	Innerfidelity		in-ear	1
Zipbuds Pro Mic	in-ear/Zipbuds Pro Mic.csv	Innerfidelity		in-ear	1
Zoukbox ZDY10 Bass	in-ear/Zoukbox ZDY10 Bass.csv	Innerfidelity		in-ear	1
Zoukbox ZLX30	in-ear/Zoukbox ZLX30.csv	Innerfidelity		in-ear	1
1MORE MK801	over-ear/1MORE MK801.csv	Innerfidelity		over-ear	1
1MORE Triple Driver Over Ear	over-ear/1MORE Triple Driver Over Ear.csv	Innerfidelity		over-ear	1
A-Audio Elite (ANC on)	over-ear/A-Audio Elite (ANC on).csv	Innerfidelity		over-ear	1
A-Audio Elite (bass mode)	over-ear/A-Audio Elite (bass mode).csv	Innerfidelity		over-ear	1
A-Audio Elite (passive)	over-ear/A-Audio Elite (passive).csv	Innerfidelity		over-ear	1
Abyss AB-1266	over-ear/Abyss AB-1266.csv	Innerfidelity		over-ear	1
Accidentally Extraordinary 51st Studios	over-ear/Accidentally Extraordinary 51st Studios.csv	Innerfidelity		over-ear	1
Acoustic Research AR-H1	over-ear/Acoustic Research AR-H1.csv	Innerfidelity		over-ear	1
Advanced Alpha (shallow earpads)	over-ear/Advanced Alpha (shallow earpads).csv	Innerfidelity		over-ear	1
Aedle VK1	over-ear/Aedle VK1.csv	Innerfidelity		over-ear	1
Aiaiai TMA-1 Studio	over-ear/Aiaiai TMA-1 Studio.csv	Innerfidelity		over-ear	1
Aiaiai TMA-1	over-ear/Aiaiai TMA-1.csv	Innerfidelity		over-ear	1
Akai MPC	over-ear/Akai MPC.csv	Innerfidelity		over-ear	1
AKG K1000	over-ear/AKG K1000.csv	Innerfidelity		over-ear	1
AKG K167 Tiesto	over-ear/AKG K167 Tiesto.csv	Innerfidelity		over-ear	1
AKG K240 Monitor	over-ear/AKG K240 Monitor.csv	Innerfidelity		over-ear	1
AKG K240 Sextett	over-ear/AKG K240 Sextett.csv	Innerfidelity		over-ear	1
AKG K240DF	over-ear/AKG K240DF.csv	Innerfidelity		over-ear	1
AKG K267 Tiesto (club)	over-ear/AKG K267 Tiesto (club).csv	Innerfidelity		over-ear	1
AKG K267 Tiesto (stage)	over-ear/AKG K267 Tiesto (stage).csv	Innerfidelity		over-ear	1
AKG K267 Tiesto (studio)	over-ear/AKG K267 Tiesto (studio).csv	Innerfidelity		over-ear	1
AKG K271 MKII	over-ear/AKG K271 MKII (Innerfidelity).csv	Innerfidelity		over-ear	1
AKG K272HD	over-ear/AKG K272HD (Innerfidelity).csv	Innerfidelity		over-ear	1
AKG K340	over-ear/AKG K340.csv	Innerfidelity		over-ear	1
AKG K450	over-ear/AKG K450.csv	Innerfidelity		over-ear	1
AKG K501	over-ear/AKG K501.csv	Innerfidelity		over-ear	1
AKG K518LE	over-ear/AKG K518LE.csv	Innerfidelity		over-ear	1
AKG K550	over-ear/AKG K550 (Innerfidelity).csv	Innerfidelity		over-ear	1
AKG K601 (2007)	over-ear/AKG K601 (2007).csv	Innerfidelity		over-ear	1
AKG K612	over-ear/AKG K612.csv	Innerfidelity		over-ear	1
AKG K619	over-ear/AKG K619.csv	Innerfidelity		over-ear	1
AKG K67 Tiesto	over-ear/AKG K67 Tiesto.csv	Innerfidelity		over-ear	1
AKG K701 (sample A)	over-ear/AKG K701 (sample A).csv	Innerfidelity		over-ear	1
AKG K701 (sample B)	over-ear/AKG K701 (sample B).csv	Innerfidelity		over-ear	1
AKG K701	over-ear/AKG K701 (Innerfidelity).csv	Innerfidelity		over-ear	1
AKG K702 65th Anniversary Edition	over-ear/AKG K702 65th Anniversary Edition.csv	Innerfidelity		over-ear	1
AKG K702	over-ear/AKG K702 (Innerfidelity).csv	Innerfidelity		over-ear	1
AKG K712	over-ear/AKG K712 (Innerfidelity).csv	Innerfidelity		over-ear	1
AKG K7XX	over-ear/AKG K7XX.csv	Innerfidelity		over-ear	1
AKG K81 DJ	over-ear/AKG K81 DJ (Innerfidelity).csv	Innerfidelity		over-ear	1
AKG K812 (serial number 001130)	over-ear/AKG K812 (serial number 001130).csv	Innerfidelity		over-ear	1
AKG K812	over-ear/AKG K812 (Innerfidelity).csv	Innerfidelity		over-ear	1
AKG N60 NC (wired, passive)	over-ear/AKG N60 NC (wired, passive).csv	Innerfidelity		over-ear	1
AKG N90Q	over-ear/AKG N90Q.csv	Innerfidelity		over-ear	1
AKG Q460 Quincy Jones	over-ear/AKG Q460 Quincy Jones (Innerfidelity).csv	Innerfidelity		over-ear	1
AKG Q701 Quincy Jones	over-ear/AKG Q701 Quincy Jones (Innerfidelity).csv	Innerfidelity		over-ear	1
Alpha Design Labs H128	over-ear/Alpha Design Labs H128.csv	Innerfidelity		over-ear	1
Audeze EL-8 Closed Back	over-ear/Audeze EL-8 Closed Back.csv	Innerfidelity		over-ear	1
Audeze EL-8 Open Back	over-ear/Audeze EL-8 Open Back.csv	Innerfidelity		over-ear	1
Audeze LCD-1 (2009)	over-ear/Audeze LCD-1 (2009).csv	Innerfidelity		over-ear	1
Audeze LCD-2 (Fazor)	over-ear/Audeze LCD-2 (Fazor).csv	Innerfidelity		over-ear	1
Audeze LCD-2 (Rev 2)	over-ear/Audeze LCD-2 (Rev 2) (Innerfidelity).csv	Innerfidelity		over-ear	1
Audeze LCD-2 (sample 1)	over-ear/Audeze LCD-2 (sample 1).csv	Innerfidelity		over-ear	1
Audeze LCD-2 (serial number 5312123)	over-ear/Audeze LCD-2 (serial number 5312123).csv	Innerfidelity		over-ear	1
Audeze LCD-2 (serial number 53211704)	over-ear/Audeze LCD-2 (serial number 53211704).csv	Innerfidelity		over-ear	1
Audeze LCD-2 (serial number 5325928)	over-ear/Audeze LCD-2 (serial number 5325928).csv	Innerfidelity		over-ear	1
Audeze LCD-2 Classic	over-ear/Audeze LCD-2 Classic.csv	Innerfidelity		over-ear	1
Audeze LCD-2	over-ear/Audeze LCD-2.csv	Innerfidelity		over-ear	1
Audeze LCD-3 (Fazor)	over-ear/Audeze LCD-3 (Fazor).csv	Innerfidelity		over-ear	1
Audeze LCD-3 (Rev 2)	over-ear/Audeze LCD-3 (Rev 2).csv	Innerfidelity		over-ear	1
Audeze LCD-3 (serial number 2312260)	over-ear/Audeze LCD-3 (serial number 2312260).csv	Innerfidelity		over-ear	1
Audeze LCD-3 (serial number 2312341)	over-ear/Audeze LCD-3 (serial number 2312341).csv	Innerfidelity		over-ear	1
Audeze LCD-3 (serial number 2312454)	over-ear/Audeze LCD-3 (serial number 2312454).csv	Innerfidelity		over-ear	1
Audeze LCD-3 (serial number 2312488)	over-ear/Audeze LCD-3 (serial number 2312488).csv	Innerfidelity		over-ear	1
Audeze LCD-3 (serial number 2717210)	over-ear/Audeze LCD-3 (serial number 2717210).csv	Innerfidelity		over-ear	1
Audeze LCD-3	over-ear/Audeze LCD-3 (Innerfidelity).csv	Innerfidelity		over-ear	1
Audeze LCD-4	over-ear/Audeze LCD-4 (Innerfidelity).csv	Innerfidelity		over-ear	1
Audeze LCD-X (sample 3)	over-ear/Audeze LCD-X (sample 3).csv	Innerfidelity		over-ear	1
Audeze LCD-X (serial number 7454971)	over-ear/Audeze LCD-X (serial number 7454971).csv	Innerfidelity		over-ear	1
Audeze LCD-X (serial number 7456406)	over-ear/Audeze LCD-X (serial number 7456406).csv	Innerfidelity		over-ear	1
Audeze LCD-X	over-ear/Audeze LCD-X (Innerfidelity).csv	Innerfidelity		over-ear	1
Audeze LCD-XC (sample 1)	over-ear/Audeze LCD-XC (sample 1).csv	Innerfidelity		over-ear	1
Audeze LCD-XC (sample 2)	over-ear/Audeze LCD-XC (sample 2).csv	Innerfidelity		over-ear	1
Audeze LCD-XC	over-ear/Audeze LCD-XC (Innerfidelity).csv	Innerfidelity		over-ear	1
Audeze SINE DX	over-ear/Audeze SINE DX.csv	Innerfidelity		over-ear	1
Audeze SINE	over-ear/Audeze SINE.csv	Innerfidelity		over-ear	1
Audio Zenith PMx2 (v1)	over-ear/Audio Zenith PMx2 (v1).csv	Innerfidelity		over-ear	1
Audio-Technica ATH-A1000X	over-ear/Audio-Technica ATH-A1000X.csv	Innerfidelity		over-ear	1
Audio-Technica ATH-A2000Z	over-ear/Audio-Technica ATH-A2000Z.csv	Innerfidelity		over-ear	1
Audio-Technica ATH-A900X	over-ear/Audio-Technica ATH-A900X.csv	Innerfidelity		over-ear	1
Audio-Technica ATH-AD2000X	over-ear/Audio-Technica ATH-AD2000X.csv	Innerfidelity		over-ear	1
Audio-Technica ATH-AD500	over-ear/Audio-Technica ATH-AD500 (Innerfidelity).csv	Innerfidelity		over-ear	1
Audio-Technica ATH-AD700	over-ear/Audio-Technica ATH-AD700 (Innerfidelity).csv	Innerfidelity		over-ear	1
Audio-Technica ATH-AD900	over-ear/Audio-Technica ATH-AD900 (Innerfidelity).csv	Innerfidelity		over-ear	1
Audio-Technica ATH-ANC50iS (passive)	over-ear/Audio-Technica ATH-ANC50iS (passive).csv	Innerfidelity		over-ear	1
Audio-Technica ATH-ANC7b	over-ear/Audio-Technica ATH-ANC7b (Innerfidelity).csv	Innerfidelity		over-ear	1
Audio-Technica ATH-ANC9	over-ear/Audio-Technica ATH-ANC9.csv	Innerfidelity		over-ear	1
Audio-Technica ATH-ES55	over-ear/Audio-Technica ATH-ES55.csv	Innerfidelity		over-ear	1
Audio-Technica ATH-FC700	over-ear/Audio-Technica ATH-FC700.csv	Innerfidelity		over-ear	1
Audio-Technica ATH-M10	over-ear/Audio-Technica ATH-M10 (Innerfidelity).csv	Innerfidelity		over-ear	1
Audio-Technica ATH-M50x	over-ear/Audio-Technica ATH-M50x (Innerfidelity).csv	Innerfidelity		over-ear	1
Audio-Technica ATH-M70x	over-ear/Audio-Technica ATH-M70x.csv	Innerfidelity		over-ear	1
Audio-Technica ATH-MSR7	over-ear/Audio-Technica ATH-MSR7.csv	Innerfidelity		over-ear	1
Audio-Technica ATH-MSR7NC (ANC on)	over-ear/Audio-Technica ATH-MSR7NC (ANC on).csv	Innerfidelity		over-ear	1
Audio-Technica ATH-MSR7NC (passive)	over-ear/Audio-Technica ATH-MSR7NC (passive).csv	Innerfidelity		over-ear	1
Audio-Technica ATH-R70x	over-ear/Audio-Technica ATH-R70x (Innerfidelity).csv	Innerfidelity		over-ear	1
Audio-Technica ATH-W1000X	over-ear/Audio-Technica ATH-W1000X.csv	Innerfidelity		over-ear	1
Audio-Technica ATH-W5000 2013	over-ear/Audio-Technica ATH-W5000 2013.csv	Innerfidelity		over-ear	1
Audio-Technica ATH-W5000	over-ear/Audio-Technica ATH-W5000 (Innerfidelity).csv	Innerfidelity		over-ear	1
Audio-Technica ATH-WS55	over-ear/Audio-Technica ATH-WS55.csv	Innerfidelity		over-ear	1
Audio-Technica ATH-WS99	over-ear/Audio-Technica ATH-WS99.csv	Innerfidelity		over-ear	1
AudioQuest NightHawk	over-ear/AudioQuest NightHawk.csv	Innerfidelity		over-ear	1
AudioQuest NightOwl	over-ear/AudioQuest NightOwl.csv	Innerfidelity		over-ear	1
Aurex HR V9	over-ear/Aurex HR V9.csv	Innerfidelity		over-ear	1
Bang & Olufsen Beoplay H6 (2nd Gen)	over-ear/Bang & Olufsen Beoplay H6 (2nd Gen).csv	Innerfidelity		over-ear	1
Bang & Olufsen Beoplay H6	over-ear/Bang & Olufsen Beoplay H6.csv	Innerfidelity		over-ear	1
Beats Mixr	over-ear/Beats Mixr.csv	Innerfidelity		over-ear	1
Beats Powerbeats 2 Wireless	over-ear/Beats Powerbeats 2 Wireless.csv	Innerfidelity		over-ear	1
Beats Pro	over-ear/Beats Pro.csv	Innerfidelity		over-ear	1
Beats Solo (sample 1)	over-ear/Beats Solo (sample 1).csv	Innerfidelity		over-ear	1
Beats Solo (sample 2)	over-ear/Beats Solo (sample 2).csv	Innerfidelity		over-ear	1
Beats Solo HD	over-ear/Beats Solo HD.csv	Innerfidelity		over-ear	1
Beats Solo	over-ear/Beats Solo.csv	Innerfidelity		over-ear	1
Beats Solo2 (2014)	over-ear/Beats Solo2 (2014).csv	Innerfidelity		over-ear	1
Beats Solo3 (2016, wired)	over-ear/Beats Solo3 (2016, wired).csv	Innerfidelity		over-ear	1
Beats Solo3 (2016, wireless)	over-ear/Beats Solo3 (2016, wireless).csv	Innerfidelity		over-ear	1
Beats Studio 2 (2014)	over-ear/Beats Studio 2 (2014).csv	Innerfidelity		over-ear	1
Beats Studio 2 (Bluetooth)	over-ear/Beats Studio 2 (Bluetooth).csv	Innerfidelity		over-ear	1
Beats Studio	over-ear/Beats Studio.csv	Innerfidelity		over-ear	1
Behringer HPS5000	over-ear/Behringer HPS5000.csv	Innerfidelity		over-ear	1
Beyerdynamic Custom One Pro (step 1)	over-ear/Beyerdynamic Custom One Pro (step 1).csv	Innerfidelity		over-ear	1
Beyerdynamic Custom One Pro (step 2)	over-ear/Beyerdynamic Custom One Pro (step 2) (Innerfidelity).csv	Innerfidelity		over-ear	1
Beyerdynamic Custom One Pro (step 3)	over-ear/Beyerdynamic Custom One Pro (step 3).csv	Innerfidelity		over-ear	1
Beyerdynamic Custom One Pro (step 4)	over-ear/Beyerdynamic Custom One Pro (step 4).csv	Innerfidelity		over-ear	1
Beyerdynamic DJX-1	over-ear/Beyerdynamic DJX-1.csv	Innerfidelity		over-ear	1
Beyerdynamic DT 100 (2x 2k Ohm)	over-ear/Beyerdynamic DT 100 (2x 2k Ohm).csv	Innerfidelity		over-ear	1
Beyerdynamic DT 150 (250 Ohm)	over-ear/Beyerdynamic DT 150 (250 Ohm).csv	Innerfidelity		over-ear	1
Beyerdynamic DT 235	over-ear/Beyerdynamic DT 235 (Innerfidelity).csv	Innerfidelity		over-ear	1
Beyerdynamic DT 240 Pro	over-ear/Beyerdynamic DT 240 Pro.csv	Innerfidelity		over-ear	1
Beyerdynamic DT 250 (250 Ohm)	over-ear/Beyerdynamic DT 250 (250 Ohm) (Innerfidelity).csv	Innerfidelity		over-ear	1
Beyerdynamic DT 48 (loose)	over-ear/Beyerdynamic DT 48 (loose).csv	Innerfidelity		over-ear	1
Beyerdynamic DT 48 E (120 Ohm)	over-ear/Beyerdynamic DT 48 E (120 Ohm).csv	Innerfidelity		over-ear	1
Beyerdynamic DT 48 E (earpad holes covered)	over-ear/Beyerdynamic DT 48 E (earpad holes covered).csv	Innerfidelity		over-ear	1
Beyerdynamic DT 48 S (5 Ohm)	over-ear/Beyerdynamic DT 48 S (5 Ohm).csv	Innerfidelity		over-ear	1
Beyerdynamic DT 48	over-ear/Beyerdynamic DT 48.csv	Innerfidelity		over-ear	1
Beyerdynamic DT 770 Pro (600 Ohm)	over-ear/Beyerdynamic DT 770 Pro (600 Ohm) (Innerfidelity).csv	Innerfidelity		over-ear	1
Beyerdynamic DT 880 (250 Ohm)	over-ear/Beyerdynamic DT 880 (250 Ohm) (Innerfidelity).csv	Innerfidelity		over-ear	1
Beyerdynamic DT 880 (32 Ohm)	over-ear/Beyerdynamic DT 880 (32 Ohm) (Innerfidelity).csv	Innerfidelity		over-ear	1
Beyerdynamic DT 880 (600 Ohm)	over-ear/Beyerdynamic DT 880 (600 Ohm) (Innerfidelity).csv	Innerfidelity		over-ear	1
Beyerdynamic DTX 300p	over-ear/Beyerdynamic DTX 300p.csv	Innerfidelity		over-ear	1
Beyerdynamic DTX 350m	over-ear/Beyerdynamic DTX 350m.csv	Innerfidelity		over-ear	1
Beyerdynamic T1 (sample 1)	over-ear/Beyerdynamic T1 (sample 1).csv	Innerfidelity		over-ear	1
Beyerdynamic T1 (serial number 3964)	over-ear/Beyerdynamic T1 (serial number 3964).csv	Innerfidelity		over-ear	1
Beyerdynamic T1	over-ear/Beyerdynamic T1 (Innerfidelity).csv	Innerfidelity		over-ear	1
Beyerdynamic T50p (sample A)	over-ear/Beyerdynamic T50p (sample A).csv	Innerfidelity		over-ear	1
Beyerdynamic T50p (sample B)	over-ear/Beyerdynamic T50p (sample B).csv	Innerfidelity		over-ear	1
Beyerdynamic T50p (serial number 16912)	over-ear/Beyerdynamic T50p (serial number 16912).csv	Innerfidelity		over-ear	1
Beyerdynamic T50p	over-ear/Beyerdynamic T50p (Innerfidelity).csv	Innerfidelity		over-ear	1
Beyerdynamic T51i	over-ear/Beyerdynamic T51i.csv	Innerfidelity		over-ear	1
Beyerdynamic T5p (sample 1)	over-ear/Beyerdynamic T5p (sample 1).csv	Innerfidelity		over-ear	1
Beyerdynamic T5p (serial number 2866)	over-ear/Beyerdynamic T5p (serial number 2866).csv	Innerfidelity		over-ear	1
Beyerdynamic T5p	over-ear/Beyerdynamic T5p (Innerfidelity).csv	Innerfidelity		over-ear	1
Beyerdynamic T70 (sample 1)	over-ear/Beyerdynamic T70 (sample 1).csv	Innerfidelity		over-ear	1
Beyerdynamic T70 (serial number 01111)	over-ear/Beyerdynamic T70 (serial number 01111).csv	Innerfidelity		over-ear	1
Beyerdynamic T90	over-ear/Beyerdynamic T90 (Innerfidelity).csv	Innerfidelity		over-ear	1
BKHC BK9	over-ear/BKHC BK9.csv	Innerfidelity		over-ear	1
Bloc Roc Galvanize S2	over-ear/Bloc Roc Galvanize S2.csv	Innerfidelity		over-ear	1
Blue Lola	over-ear/Blue Lola.csv	Innerfidelity		over-ear	1
Blue MOFI (active)	over-ear/Blue MOFI (active).csv	Innerfidelity		over-ear	1
Blue MOFI (active+)	over-ear/Blue MOFI (active+).csv	Innerfidelity		over-ear	1
Blue MOFI (passive)	over-ear/Blue MOFI (passive).csv	Innerfidelity		over-ear	1
BlueAnt Embrace	over-ear/BlueAnt Embrace.csv	Innerfidelity		over-ear	1
Bluedio R2-WH	over-ear/Bluedio R2-WH.csv	Innerfidelity		over-ear	1
Bose AE2	over-ear/Bose AE2.csv	Innerfidelity		over-ear	1
Bose QuietComfort 15	over-ear/Bose QuietComfort 15 (Innerfidelity).csv	Innerfidelity		over-ear	1
Bose QuietComfort 20 (passive)	over-ear/Bose QuietComfort 20 (passive).csv	Innerfidelity		over-ear	1
Bose QuietComfort 20	over-ear/Bose QuietComfort 20.csv	Innerfidelity		over-ear	1
Bose QuietComfort 25 (passive)	over-ear/Bose QuietComfort 25 (passive).csv	Innerfidelity		over-ear	1
Bose QuietComfort 25	over-ear/Bose QuietComfort 25.csv	Innerfidelity		over-ear	1
Bose QuietComfort 35 (wired, active)	over-ear/Bose QuietComfort 35 (wired, active).csv	Innerfidelity		over-ear	1
Bose QuietComfort 35 (wired, passive)	over-ear/Bose QuietComfort 35 (wired, passive).csv	Innerfidelity		over-ear	1
Bose QuietComfort 35 (wireless)	over-ear/Bose QuietComfort 35 (wireless).csv	Innerfidelity		over-ear	1
Bowers & Wilkins P3	over-ear/Bowers & Wilkins P3.csv	Innerfidelity		over-ear	1
Bowers & Wilkins P5 Series 2	over-ear/Bowers & Wilkins P5 Series 2.csv	Innerfidelity		over-ear	1
Bowers & Wilkins P5	over-ear/Bowers & Wilkins P5.csv	Innerfidelity		over-ear	1
Bowers & Wilkins P7 Wireless (wired)	over-ear/Bowers & Wilkins P7 Wireless (wired).csv	Innerfidelity		over-ear	1
Bowers & Wilkins P7 Wireless (wireless)	over-ear/Bowers & Wilkins P7 Wireless (wireless).csv	Innerfidelity		over-ear	1
Bowers & Wilkins P7	over-ear/Bowers & Wilkins P7.csv	Innerfidelity		over-ear	1
Caeden Linea No 10 (wired, active)	over-ear/Caeden Linea No 10 (wired, active).csv	Innerfidelity		over-ear	1
Caeden Linea No 10 (wired, passive)	over-ear/Caeden Linea No 10 (wired, passive).csv	Innerfidelity		over-ear	1
California Headphone Company Lorado	over-ear/California Headphone Company Lorado.csv	Innerfidelity		over-ear	1
California Headphone Company Silverado	over-ear/California Headphone Company Silverado.csv	Innerfidelity		over-ear	1
Cowin E7 (wired, ANC off)	over-ear/Cowin E7 (wired, ANC off).csv	Innerfidelity		over-ear	1
Creative Aurvana Live! 2	over-ear/Creative Aurvana Live! 2.csv	Innerfidelity		over-ear	1
Creative Aurvana	over-ear/Creative Aurvana.csv	Innerfidelity		over-ear	1
Creative Fatal1ty	over-ear/Creative Fatal1ty.csv	Innerfidelity		over-ear	1
Dan Clark Audio Aeon Flow Closed (filters)	over-ear/Dan Clark Audio Aeon Flow Closed (filters).csv	Innerfidelity		over-ear	1
Dan Clark Audio Aeon Flow Closed	over-ear/Dan Clark Audio Aeon Flow Closed (Innerfidelity).csv	Innerfidelity		over-ear	1
Dan Clark Audio Aeon Flow Open (white filter with one notch)	over-ear/Dan Clark Audio Aeon Flow Open (white filter with one notch).csv	Innerfidelity		over-ear	1
Dan Clark Audio Alpha Dog (2014)	over-ear/Dan Clark Audio Alpha Dog (2014).csv	Innerfidelity		over-ear	1
Dan Clark Audio Alpha Prime	over-ear/Dan Clark Audio Alpha Prime.csv	Innerfidelity		over-ear	1
Dan Clark Audio Ether C (1 black filter)	over-ear/Dan Clark Audio Ether C (1 black filter).csv	Innerfidelity		over-ear	1
Dan Clark Audio Ether C (2 black filters)	over-ear/Dan Clark Audio Ether C (2 black filters).csv	Innerfidelity		over-ear	1
Dan Clark Audio Ether Flow	over-ear/Dan Clark Audio Ether Flow.csv	Innerfidelity		over-ear	1
Dan Clark Audio Mad Dog (2014)	over-ear/Dan Clark Audio Mad Dog (2014).csv	Innerfidelity		over-ear	1
Dan Clark Audio Mad Dog	over-ear/Dan Clark Audio Mad Dog.csv	Innerfidelity		over-ear	1
Denon AH-D1001	over-ear/Denon AH-D1001.csv	Innerfidelity		over-ear	1
Denon AH-D1100	over-ear/Denon AH-D1100 (Innerfidelity).csv	Innerfidelity		over-ear	1
Denon AH-D2000 (2012)	over-ear/Denon AH-D2000 (2012).csv	Innerfidelity		over-ear	1
Denon AH-D2000 (JMoney earpads)	over-ear/Denon AH-D2000 (JMoney earpads).csv	Innerfidelity		over-ear	1
Denon AH-D2000	over-ear/Denon AH-D2000 (Innerfidelity).csv	Innerfidelity		over-ear	1
Denon AH-D400	over-ear/Denon AH-D400.csv	Innerfidelity		over-ear	1
Denon AH-D5000 (JMoney earpads)	over-ear/Denon AH-D5000 (JMoney earpads).csv	Innerfidelity		over-ear	1
Denon AH-D5000	over-ear/Denon AH-D5000 (Innerfidelity).csv	Innerfidelity		over-ear	1
Denon AH-D600	over-ear/Denon AH-D600 (Innerfidelity).csv	Innerfidelity		over-ear	1
Denon AH-D7000 (2012)	over-ear/Denon AH-D7000 (2012).csv	Innerfidelity		over-ear	1
Denon AH-D7000	over-ear/Denon AH-D7000 (Innerfidelity).csv	Innerfidelity		over-ear	1
Denon AH-D7100	over-ear/Denon AH-D7100 (Innerfidelity).csv	Innerfidelity		over-ear	1
DubsLabs Bedphones	over-ear/DubsLabs Bedphones.csv	Innerfidelity		over-ear	1
E-Mu Purpleheart	over-ear/E-Mu Purpleheart.csv	Innerfidelity		over-ear	1
E-Mu Teak (2016)	over-ear/E-Mu Teak (2016).csv	Innerfidelity		over-ear	1
E-Mu Teak (mahogany)	over-ear/E-Mu Teak (mahogany).csv	Innerfidelity		over-ear	1
E-Mu Teak (rosewood)	over-ear/E-Mu Teak (rosewood).csv	Innerfidelity		over-ear	1
E-Mu Walnut	over-ear/E-Mu Walnut.csv	Innerfidelity		over-ear	1
ENIGMAcoustics Dharma Production 2015	over-ear/ENIGMAcoustics Dharma Production 2015.csv	Innerfidelity		over-ear	1
Enigmatic Audio Paradox	over-ear/Enigmatic Audio Paradox.csv	Innerfidelity		over-ear	1
Eskuche 33 1 3 B	over-ear/Eskuche 33 1 3 B.csv	Innerfidelity		over-ear	1
Final Audio Pandora Hope 4	over-ear/Final Audio Pandora Hope 4.csv	Innerfidelity		over-ear	1
Fischer Audio FA-003	over-ear/Fischer Audio FA-003.csv	Innerfidelity		over-ear	1
Fischer Audio FA-011 LE	over-ear/Fischer Audio FA-011 LE.csv	Innerfidelity		over-ear	1
Flare Audio Reference R1	over-ear/Flare Audio Reference R1.csv	Innerfidelity		over-ear	1
Focal Clear	over-ear/Focal Clear (Innerfidelity).csv	Innerfidelity		over-ear	1
Focal Elear (Utopia earpads)	over-ear/Focal Elear (Utopia earpads).csv	Innerfidelity		over-ear	1
Focal Elear	over-ear/Focal Elear.csv	Innerfidelity		over-ear	1
Focal Listen	over-ear/Focal Listen.csv	Innerfidelity		over-ear	1
Focal Spirit One S	over-ear/Focal Spirit One S.csv	Innerfidelity		over-ear	1
Focal Spirit One	over-ear/Focal Spirit One (Innerfidelity).csv	Innerfidelity		over-ear	1
Focal Spirit Professional	over-ear/Focal Spirit Professional.csv	Innerfidelity		over-ear	1
Focal Utopia (Elear earpads)	over-ear/Focal Utopia (Elear earpads).csv	Innerfidelity		over-ear	1
Focal Utopia	over-ear/Focal Utopia (Innerfidelity).csv	Innerfidelity		over-ear	1
Fostex T20RP Mk3	over-ear/Fostex T20RP Mk3.csv	Innerfidelity		over-ear	1
Fostex T40RP Mk3	over-ear/Fostex T40RP Mk3.csv	Innerfidelity		over-ear	1
Fostex T50	over-ear/Fostex T50.csv	Innerfidelity		over-ear	1
Fostex T50RP (sample 1)	over-ear/Fostex T50RP (sample 1).csv	Innerfidelity		over-ear	1
Fostex T50RP (sample 2)	over-ear/Fostex T50RP (sample 2).csv	Innerfidelity		over-ear	1
Fostex T50RP Mk2	over-ear/Fostex T50RP Mk2.csv	Innerfidelity		over-ear	1
Fostex T50RP Mk3	over-ear/Fostex T50RP Mk3.csv	Innerfidelity		over-ear	1
Fostex T50RP	over-ear/Fostex T50RP.csv	Innerfidelity		over-ear	1
Fostex TH-X00 (mahogany) (sample 1)	over-ear/Fostex TH-X00 (mahogany) (sample 1).csv	Innerfidelity		over-ear	1
Fostex TH-X00 (mahogany) (serial number 1927)	over-ear/Fostex TH-X00 (mahogany) (serial number 1927).csv	Innerfidelity		over-ear	1
Fostex TH-X00 Mahogany	over-ear/Fostex TH-X00 Mahogany.csv	Innerfidelity		over-ear	1
Fostex TH600	over-ear/Fostex TH600 (Innerfidelity).csv	Innerfidelity		over-ear	1
Fostex TH610	over-ear/Fostex TH610.csv	Innerfidelity		over-ear	1
Fostex TH900	over-ear/Fostex TH900 (Innerfidelity).csv	Innerfidelity		over-ear	1
Fostex TH900mk2 (TH610 earpads)	over-ear/Fostex TH900mk2 (TH610 earpads).csv	Innerfidelity		over-ear	1
Fostex TH900mk2	over-ear/Fostex TH900mk2.csv	Innerfidelity		over-ear	1
Grado GS1000	over-ear/Grado GS1000 (Innerfidelity).csv	Innerfidelity		over-ear	1
Grado HF1 Prototype	over-ear/Grado HF1 Prototype.csv	Innerfidelity		over-ear	1
Grado HF1	over-ear/Grado HF1.csv	Innerfidelity		over-ear	1
Grado HF2	over-ear/Grado HF2.csv	Innerfidelity		over-ear	1
Grado PS1000	over-ear/Grado PS1000 (Innerfidelity).csv	Innerfidelity		over-ear	1
Grado PS500	over-ear/Grado PS500 (Innerfidelity).csv	Innerfidelity		over-ear	1
Grado RS1	over-ear/Grado RS1 (Innerfidelity).csv	Innerfidelity		over-ear	1
Grado RS1e (bowl earpads)	over-ear/Grado RS1e (bowl earpads).csv	Innerfidelity		over-ear	1
Grado RS1e (flat earpads)	over-ear/Grado RS1e (flat earpads).csv	Innerfidelity		over-ear	1
Grado RS1e (S earpads)	over-ear/Grado RS1e (S earpads).csv	Innerfidelity		over-ear	1
Grado RS1e (yellow earpads)	over-ear/Grado RS1e (yellow earpads).csv	Innerfidelity		over-ear	1
Grado RS2	over-ear/Grado RS2 (Innerfidelity).csv	Innerfidelity		over-ear	1
Grado SR125i	over-ear/Grado SR125i (Innerfidelity).csv	Innerfidelity		over-ear	1
Grado SR225i (comfy earpads)	over-ear/Grado SR225i (comfy earpads).csv	Innerfidelity		over-ear	1
Grado SR225i (G earpads)	over-ear/Grado SR225i (G earpads).csv	Innerfidelity		over-ear	1
Grado SR225i (goo bowl earpads)	over-ear/Grado SR225i (goo bowl earpads).csv	Innerfidelity		over-ear	1
Grado SR225i (reverse bowl earpads)	over-ear/Grado SR225i (reverse bowl earpads).csv	Innerfidelity		over-ear	1
Grado SR225i (small flat earpads)	over-ear/Grado SR225i (small flat earpads).csv	Innerfidelity		over-ear	1
Grado SR225i (TTVJ flat earpads)	over-ear/Grado SR225i (TTVJ flat earpads).csv	Innerfidelity		over-ear	1
Grado SR225i	over-ear/Grado SR225i.csv	Innerfidelity		over-ear	1
Grado SR325	over-ear/Grado SR325 (Innerfidelity).csv	Innerfidelity		over-ear	1
Grado SR325e	over-ear/Grado SR325e (Innerfidelity).csv	Innerfidelity		over-ear	1
Grado SR325i	over-ear/Grado SR325i.csv	Innerfidelity		over-ear	1
Grado SR60i	over-ear/Grado SR60i.csv	Innerfidelity		over-ear	1
HIFIMAN Edition X V2	over-ear/HIFIMAN Edition X V2.csv	Innerfidelity		over-ear	1
HIFIMAN Edition X	over-ear/HIFIMAN Edition X.csv	Innerfidelity		over-ear	1
HIFIMAN HE-300 Rev 2	over-ear/HIFIMAN HE-300 Rev 2.csv	Innerfidelity		over-ear	1
HIFIMAN HE-300	over-ear/HIFIMAN HE-300.csv	Innerfidelity		over-ear	1
HIFIMAN HE-4	over-ear/HIFIMAN HE-4.csv	Innerfidelity		over-ear	1
HIFIMAN HE-5	over-ear/HIFIMAN HE-5 (Innerfidelity).csv	Innerfidelity		over-ear	1
HIFIMAN HE-500	over-ear/HIFIMAN HE-500 (Innerfidelity).csv	Innerfidelity		over-ear	1
HIFIMAN HE-5LE	over-ear/HIFIMAN HE-5LE (Innerfidelity).csv	Innerfidelity		over-ear	1
HIFIMAN HE1000	over-ear/HIFIMAN HE1000.csv	Innerfidelity		over-ear	1
HIFIMAN HE400i	over-ear/HIFIMAN HE400i.csv	Innerfidelity		over-ear	1
HIFIMAN HE400S	over-ear/HIFIMAN HE400S.csv	Innerfidelity		over-ear	1
HIFIMAN HE4XX	over-ear/HIFIMAN HE4XX.csv	Innerfidelity		over-ear	1
HIFIMAN HE560 2014	over-ear/HIFIMAN HE560 2014.csv	Innerfidelity		over-ear	1
HIFIMAN HE6	over-ear/HIFIMAN HE6 (Innerfidelity).csv	Innerfidelity		over-ear	1
HIFIMAN Sundara (2018)	over-ear/HIFIMAN Sundara (2018).csv	Innerfidelity		over-ear	1
House of Marley Exodus Second Pair	over-ear/House of Marley Exodus Second Pair.csv	Innerfidelity		over-ear	1
House of Marley Liberate XLBT Wired	over-ear/House of Marley Liberate XLBT Wired.csv	Innerfidelity		over-ear	1
House of Marley Stir It Up	over-ear/House of Marley Stir It Up.csv	Innerfidelity		over-ear	1
Howard Leight Sync	over-ear/Howard Leight Sync.csv	Innerfidelity		over-ear	1
I-Mego Throne	over-ear/I-Mego Throne.csv	Innerfidelity		over-ear	1
Jabra Move (wired)	over-ear/Jabra Move (wired).csv	Innerfidelity		over-ear	1
JAYS u-JAYS	over-ear/JAYS u-JAYS.csv	Innerfidelity		over-ear	1
JAYS v-JAYS	over-ear/JAYS v-JAYS.csv	Innerfidelity		over-ear	1
JBL Everest Elite 700 (wired, active)	over-ear/JBL Everest Elite 700 (wired, active).csv	Innerfidelity		over-ear	1
JBL Everest Elite 700 (wired, passive)	over-ear/JBL Everest Elite 700 (wired, passive).csv	Innerfidelity		over-ear	1
JBL Everest Elite 700 (wireless)	over-ear/JBL Everest Elite 700 (wireless).csv	Innerfidelity		over-ear	1
JBL J55i	over-ear/JBL J55i.csv	Innerfidelity		over-ear	1
JBL J88i	over-ear/JBL J88i.csv	Innerfidelity		over-ear	1
JVC HA-S500-Z	over-ear/JVC HA-S500-Z.csv	Innerfidelity		over-ear	1
KEF M500	over-ear/KEF M500 (Innerfidelity).csv	Innerfidelity		over-ear	1
Kennerton Magister	over-ear/Kennerton Magister.csv	Innerfidelity		over-ear	1
Klipsch Image One B	over-ear/Klipsch Image One B.csv	Innerfidelity		over-ear	1
Klipsch Image One	over-ear/Klipsch Image One (Innerfidelity).csv	Innerfidelity		over-ear	1
Klipsch Mode M40	over-ear/Klipsch Mode M40 (Innerfidelity).csv	Innerfidelity		over-ear	1
Klipsch Reference On Ear	over-ear/Klipsch Reference On Ear.csv	Innerfidelity		over-ear	1
Klipsch Reference ONE	over-ear/Klipsch Reference ONE (Innerfidelity).csv	Innerfidelity		over-ear	1
Koss BT540i (wired)	over-ear/Koss BT540i (wired).csv	Innerfidelity		over-ear	1
Koss BT540i (wireless)	over-ear/Koss BT540i (wireless).csv	Innerfidelity		over-ear	1
Koss ESP950 (sample 1)	over-ear/Koss ESP950 (sample 1).csv	Innerfidelity		over-ear	1
Koss ESP950 (sample 2)	over-ear/Koss ESP950 (sample 2).csv	Innerfidelity		over-ear	1
Koss ESP950	over-ear/Koss ESP950.csv	Innerfidelity		over-ear	1
Koss KPH7	over-ear/Koss KPH7 (Innerfidelity).csv	Innerfidelity		over-ear	1
Koss KSC75	over-ear/Koss KSC75 (Innerfidelity).csv	Innerfidelity		over-ear	1
Koss Porta Pro	over-ear/Koss Porta Pro (Innerfidelity).csv	Innerfidelity		over-ear	1
Koss Pro4AA 1975	over-ear/Koss Pro4AA 1975.csv	Innerfidelity		over-ear	1
Koss Pro4AA 2014	over-ear/Koss Pro4AA 2014.csv	Innerfidelity		over-ear	1
Koss Pro4AAA	over-ear/Koss Pro4AAA.csv	Innerfidelity		over-ear	1
Koss Pro4S	over-ear/Koss Pro4S.csv	Innerfidelity		over-ear	1
Koss SP330	over-ear/Koss SP330.csv	Innerfidelity		over-ear	1
Koss SP540	over-ear/Koss SP540.csv	Innerfidelity		over-ear	1
Koss Tony Bennett	over-ear/Koss Tony Bennett (Innerfidelity).csv	Innerfidelity		over-ear	1
KRK SYSTEMS KNS 6400	over-ear/KRK SYSTEMS KNS 6400 (Innerfidelity).csv	Innerfidelity		over-ear	1
KRK SYSTEMS KNS 8400	over-ear/KRK SYSTEMS KNS 8400 (Innerfidelity).csv	Innerfidelity		over-ear	1
Logitech UE 6000 passive	over-ear/Logitech UE 6000 passive.csv	Innerfidelity		over-ear	1
Logitech UE 9000	over-ear/Logitech UE 9000.csv	Innerfidelity		over-ear	1
Logitech UE4000 2012	over-ear/Logitech UE4000 2012.csv	Innerfidelity		over-ear	1
Master & Dynamic MH30	over-ear/Master & Dynamic MH30.csv	Innerfidelity		over-ear	1
Master & Dynamic MH40	over-ear/Master & Dynamic MH40.csv	Innerfidelity		over-ear	1
Mayflower Electronics T50RP Version 2	over-ear/Mayflower Electronics T50RP Version 2.csv	Innerfidelity		over-ear	1
MEE Audio Air-Fi Matrix2 AF62 (wired)	over-ear/MEE Audio Air-Fi Matrix2 AF62 (wired).csv	Innerfidelity		over-ear	1
MEE Audio Air-Fi Matrix2 AF62 (wireless)	over-ear/MEE Audio Air-Fi Matrix2 AF62 (wireless).csv	Innerfidelity		over-ear	1
Meze 66 Classics	over-ear/Meze 66 Classics.csv	Innerfidelity		over-ear	1
Meze 88 Classics	over-ear/Meze 88 Classics.csv	Innerfidelity		over-ear	1
Meze 99 Classics	over-ear/Meze 99 Classics (Innerfidelity).csv	Innerfidelity		over-ear	1
Meze 99 Neo (99 Classics earpads)	over-ear/Meze 99 Neo (99 Classics earpads).csv	Innerfidelity		over-ear	1
Monoprice 8323	over-ear/Monoprice 8323.csv	Innerfidelity		over-ear	1
Monoprice M1060	over-ear/Monoprice M1060.csv	Innerfidelity		over-ear	1
Monster DNA Pro2	over-ear/Monster DNA Pro2.csv	Innerfidelity		over-ear	1
Monster Inspiration	over-ear/Monster Inspiration.csv	Innerfidelity		over-ear	1
MUNITIO Pro40	over-ear/MUNITIO Pro40.csv	Innerfidelity		over-ear	1
Music Hall Audio DeBe	over-ear/Music Hall Audio DeBe.csv	Innerfidelity		over-ear	1
Musical Fidelity MF100	over-ear/Musical Fidelity MF100.csv	Innerfidelity		over-ear	1
Musical Fidelity MF200	over-ear/Musical Fidelity MF200.csv	Innerfidelity		over-ear	1
MyST IzoPhones-60	over-ear/MyST IzoPhones-60.csv	Innerfidelity		over-ear	1
NAD RP18 Bass Light Version	over-ear/NAD RP18 Bass Light Version.csv	Innerfidelity		over-ear	1
NAD VISO HP50	over-ear/NAD VISO HP50 (Innerfidelity).csv	Innerfidelity		over-ear	1
Nixon RPM	over-ear/Nixon RPM.csv	Innerfidelity		over-ear	1
Nocs NS300	over-ear/Nocs NS300.csv	Innerfidelity		over-ear	1
Nocs NS700	over-ear/Nocs NS700.csv	Innerfidelity		over-ear	1
Noontec Hammo S	over-ear/Noontec Hammo S.csv	Innerfidelity		over-ear	1
Noontec Zoro HD	over-ear/Noontec Zoro HD.csv	Innerfidelity		over-ear	1
Noontec Zoro II HD	over-ear/Noontec Zoro II HD.csv	Innerfidelity		over-ear	1
Noontec Zoro II Wireless (active)	over-ear/Noontec Zoro II Wireless (active).csv	Innerfidelity		over-ear	1
Noontec Zoro II Wireless (passive)	over-ear/Noontec Zoro II Wireless (passive).csv	Innerfidelity		over-ear	1
Noontec Zoro	over-ear/Noontec Zoro (Innerfidelity).csv	Innerfidelity		over-ear	1
NuForce HP-800	over-ear/NuForce HP-800.csv	Innerfidelity		over-ear	1
NVX XPT100 (flat earpads)	over-ear/NVX XPT100 (flat earpads).csv	Innerfidelity		over-ear	1
NVX XPT100	over-ear/NVX XPT100.csv	Innerfidelity		over-ear	1
oBravo HAMT1	over-ear/oBravo HAMT1.csv	Innerfidelity		over-ear	1
Onkyo ES-FC300	over-ear/Onkyo ES-FC300.csv	Innerfidelity		over-ear	1
Oppo PM1 (alternative earpads)	over-ear/Oppo PM1 (alternative earpads).csv	Innerfidelity		over-ear	1
Oppo PM1 (PM2 earpads)	over-ear/Oppo PM1 (PM2 earpads).csv	Innerfidelity		over-ear	1
Oppo PM1 (velour earpads)	over-ear/Oppo PM1 (velour earpads).csv	Innerfidelity		over-ear	1
Oppo PM1	over-ear/Oppo PM1 (Innerfidelity).csv	Innerfidelity		over-ear	1
Oppo PM2 (PM1 alternative earpads)	over-ear/Oppo PM2 (PM1 alternative earpads).csv	Innerfidelity		over-ear	1
Oppo PM2 (PM1 leather earpads)	over-ear/Oppo PM2 (PM1 leather earpads).csv	Innerfidelity		over-ear	1
Oppo PM2 (PM1 velour pads)	over-ear/Oppo PM2 (PM1 velour pads).csv	Innerfidelity		over-ear	1
Oppo PM2	over-ear/Oppo PM2.csv	Innerfidelity		over-ear	1
Oppo PM3 (sample A)	over-ear/Oppo PM3 (sample A).csv	Innerfidelity		over-ear	1
Oppo PM3 (sample C)	over-ear/Oppo PM3 (sample C).csv	Innerfidelity		over-ear	1
Oppo PM3	over-ear/Oppo PM3.csv	Innerfidelity		over-ear	1
Ortofon 0-One	over-ear/Ortofon 0-One.csv	Innerfidelity		over-ear	1
Panasonic RP HT600 S	over-ear/Panasonic RP HT600 S.csv	Innerfidelity		over-ear	1
Parrot Zik 2.0	over-ear/Parrot Zik 2.0.csv	Innerfidelity		over-ear	1
Pendulumic Stance S1 Bluetooth	over-ear/Pendulumic Stance S1 Bluetooth.csv	Innerfidelity		over-ear	1
Phiaton Bridge MS 500	over-ear/Phiaton Bridge MS 500 (Innerfidelity).csv	Innerfidelity		over-ear	1
Phiaton Chord MS 530 (ANC on)	over-ear/Phiaton Chord MS 530 (ANC on).csv	Innerfidelity		over-ear	1
Phiaton Chord MS 530 (wireless)	over-ear/Phiaton Chord MS 530 (wireless).csv	Innerfidelity		over-ear	1
Phiaton Chord MS 530	over-ear/Phiaton Chord MS 530.csv	Innerfidelity		over-ear	1
Phiaton MS 300	over-ear/Phiaton MS 300 (Innerfidelity).csv	Innerfidelity		over-ear	1
Phiaton PS 320	over-ear/Phiaton PS 320 (Innerfidelity).csv	Innerfidelity		over-ear	1
Phiaton PS 500	over-ear/Phiaton PS 500 (Innerfidelity).csv	Innerfidelity		over-ear	1
Philips ActionFit SHQ5200	over-ear/Philips ActionFit SHQ5200.csv	Innerfidelity		over-ear	1
Philips Cityscape Downtown	over-ear/Philips Cityscape Downtown.csv	Innerfidelity		over-ear	1
Philips Construct	over-ear/Philips Construct.csv	Innerfidelity		over-ear	1
Philips Fidelio L1	over-ear/Philips Fidelio L1.csv	Innerfidelity		over-ear	1
Philips Fidelio M1	over-ear/Philips Fidelio M1.csv	Innerfidelity		over-ear	1
Philips Fidelio X1	over-ear/Philips Fidelio X1.csv	Innerfidelity		over-ear	1
Philips Fidelio X2	over-ear/Philips Fidelio X2.csv	Innerfidelity		over-ear	1
Philips L2	over-ear/Philips L2.csv	Innerfidelity		over-ear	1
Philips O'Neil Bend	over-ear/Philips O'Neil Bend.csv	Innerfidelity		over-ear	1
Philips O'Neil Crash	over-ear/Philips O'Neil Crash.csv	Innerfidelity		over-ear	1
Philips SBC HP910	over-ear/Philips SBC HP910.csv	Innerfidelity		over-ear	1
Phonon SMB2	over-ear/Phonon SMB2.csv	Innerfidelity		over-ear	1
Pioneer HDJ-1000	over-ear/Pioneer HDJ-1000 (Innerfidelity).csv	Innerfidelity		over-ear	1
Pioneer HDJ-2000	over-ear/Pioneer HDJ-2000 (Innerfidelity).csv	Innerfidelity		over-ear	1
Pioneer HDJ-500	over-ear/Pioneer HDJ-500 (Innerfidelity).csv	Innerfidelity		over-ear	1
Pioneer Monitor 10 II (sample 1)	over-ear/Pioneer Monitor 10 II (sample 1).csv	Innerfidelity		over-ear	1
Pioneer Monitor 10 II (sample 2)	over-ear/Pioneer Monitor 10 II (sample 2).csv	Innerfidelity		over-ear	1
Pioneer Monitor 10 II	over-ear/Pioneer Monitor 10 II.csv	Innerfidelity		over-ear	1
Pioneer SE-A1000	over-ear/Pioneer SE-A1000.csv	Innerfidelity		over-ear	1
Pioneer SE-M290	over-ear/Pioneer SE-M290.csv	Innerfidelity		over-ear	1
Pioneer SE-Master1	over-ear/Pioneer SE-Master1.csv	Innerfidelity		over-ear	1
Pioneer SE-MJ31	over-ear/Pioneer SE-MJ31.csv	Innerfidelity		over-ear	1
Plantronics BackBeat 500 (wired)	over-ear/Plantronics BackBeat 500 (wired).csv	Innerfidelity		over-ear	1
Plugged Crown	over-ear/Plugged Crown.csv	Innerfidelity		over-ear	1
Polk Audio Buckle	over-ear/Polk Audio Buckle.csv	Innerfidelity		over-ear	1
Polk Audio Hinge	over-ear/Polk Audio Hinge.csv	Innerfidelity		over-ear	1
Polk Audio Melee	over-ear/Polk Audio Melee.csv	Innerfidelity		over-ear	1
Polk Audio UltraFit 2000 (sample A)	over-ear/Polk Audio UltraFit 2000 (sample A) (Innerfidelity).csv	Innerfidelity		over-ear	1
Polk Audio UltraFit 2000 (sample B)	over-ear/Polk Audio UltraFit 2000 (sample B) (Innerfidelity).csv	Innerfidelity		over-ear	1
Polk Audio UltraFit 2000	over-ear/Polk Audio UltraFit 2000 (Innerfidelity).csv	Innerfidelity		over-ear	1
Polk Audio UltraFocus 8000	over-ear/Polk Audio UltraFocus 8000.csv	Innerfidelity		over-ear	1
PSB M4U 1	over-ear/PSB M4U 1.csv	Innerfidelity		over-ear	1
PSB M4U 2 (passive)	over-ear/PSB M4U 2 (passive).csv	Innerfidelity		over-ear	1
PSB M4U 2	over-ear/PSB M4U 2.csv	Innerfidelity		over-ear	1
PSB M4U 8 (wired, passive)	over-ear/PSB M4U 8 (wired, passive).csv	Innerfidelity		over-ear	1
RHA SA-850	over-ear/RHA SA-850.csv	Innerfidelity		over-ear	1
RHA SA950i	over-ear/RHA SA950i.csv	Innerfidelity		over-ear	1
Samsung Level On	over-ear/Samsung Level On.csv	Innerfidelity		over-ear	1
Sansui SS100	over-ear/Sansui SS100.csv	Innerfidelity		over-ear	1
Sansui SS35	over-ear/Sansui SS35.csv	Innerfidelity		over-ear	1
Scosche RH1060 Bluetooth	over-ear/Scosche RH1060 Bluetooth.csv	Innerfidelity		over-ear	1
Sennheiser Amperior	over-ear/Sennheiser Amperior (Innerfidelity).csv	Innerfidelity		over-ear	1
Sennheiser HD 201	over-ear/Sennheiser HD 201 (Innerfidelity).csv	Innerfidelity		over-ear	1
Sennheiser HD 202	over-ear/Sennheiser HD 202 (Innerfidelity).csv	Innerfidelity		over-ear	1
Sennheiser HD 218	over-ear/Sennheiser HD 218 (Innerfidelity).csv	Innerfidelity		over-ear	1
Sennheiser HD 219	over-ear/Sennheiser HD 219 (Innerfidelity).csv	Innerfidelity		over-ear	1
Sennheiser HD 228	over-ear/Sennheiser HD 228 (Innerfidelity).csv	Innerfidelity		over-ear	1
Sennheiser HD 229	over-ear/Sennheiser HD 229.csv	Innerfidelity		over-ear	1
Sennheiser HD 238	over-ear/Sennheiser HD 238 (Innerfidelity).csv	Innerfidelity		over-ear	1
Sennheiser HD 239	over-ear/Sennheiser HD 239 (Innerfidelity).csv	Innerfidelity		over-ear	1
Sennheiser HD 25 Aluminum	over-ear/Sennheiser HD 25 Aluminum.csv	Innerfidelity		over-ear	1
Sennheiser HD 25-1 II B (2012)	over-ear/Sennheiser HD 25-1 II B (2012).csv	Innerfidelity		over-ear	1
Sennheiser HD 25-1 II	over-ear/Sennheiser HD 25-1 II.csv	Innerfidelity		over-ear	1
Sennheiser HD 25-1	over-ear/Sennheiser HD 25-1 (Innerfidelity).csv	Innerfidelity		over-ear	1
Sennheiser HD 250 II	over-ear/Sennheiser HD 250 II.csv	Innerfidelity		over-ear	1
Sennheiser HD 280 Pro	over-ear/Sennheiser HD 280 Pro (Innerfidelity).csv	Innerfidelity		over-ear	1
Sennheiser HD 380 Pro	over-ear/Sennheiser HD 380 Pro.csv	Innerfidelity		over-ear	1
Sennheiser HD 4	over-ear/Sennheiser HD 4.csv	Innerfidelity		over-ear	1
Sennheiser HD 414	over-ear/Sennheiser HD 414.csv	Innerfidelity		over-ear	1
Sennheiser HD 419	over-ear/Sennheiser HD 419 (Innerfidelity).csv	Innerfidelity		over-ear	1
Sennheiser HD 424	over-ear/Sennheiser HD 424 (Innerfidelity).csv	Innerfidelity		over-ear	1
Sennheiser HD 429	over-ear/Sennheiser HD 429 (Innerfidelity).csv	Innerfidelity		over-ear	1
Sennheiser HD 439	over-ear/Sennheiser HD 439 (Innerfidelity).csv	Innerfidelity		over-ear	1
Sennheiser HD 448	over-ear/Sennheiser HD 448 (Innerfidelity).csv	Innerfidelity		over-ear	1
Sennheiser HD 449	over-ear/Sennheiser HD 449 (Innerfidelity).csv	Innerfidelity		over-ear	1
Sennheiser HD 471i	over-ear/Sennheiser HD 471i.csv	Innerfidelity		over-ear	1
Sennheiser HD 560 Ovation II	over-ear/Sennheiser HD 560 Ovation II.csv	Innerfidelity		over-ear	1
Sennheiser HD 565 Ovation	over-ear/Sennheiser HD 565 Ovation.csv	Innerfidelity		over-ear	1
Sennheiser HD 569	over-ear/Sennheiser HD 569.csv	Innerfidelity		over-ear	1
Sennheiser HD 575	over-ear/Sennheiser HD 575.csv	Innerfidelity		over-ear	1
Sennheiser HD 580	over-ear/Sennheiser HD 580.csv	Innerfidelity		over-ear	1
Sennheiser HD 595	over-ear/Sennheiser HD 595 (Innerfidelity).csv	Innerfidelity		over-ear	1
Sennheiser HD 598	over-ear/Sennheiser HD 598 (Innerfidelity).csv	Innerfidelity		over-ear	1
Sennheiser HD 600	over-ear/Sennheiser HD 600 (Innerfidelity).csv	Innerfidelity		over-ear	1
Sennheiser HD 650	over-ear/Sennheiser HD 650 (Innerfidelity).csv	Innerfidelity		over-ear	1
Sennheiser HD 660 S	over-ear/Sennheiser HD 660 S (Innerfidelity).csv	Innerfidelity		over-ear	1
Sennheiser HD 6XX	over-ear/Sennheiser HD 6XX (Innerfidelity).csv	Innerfidelity		over-ear	1
Sennheiser HD 700	over-ear/Sennheiser HD 700 (Innerfidelity).csv	Innerfidelity		over-ear	1
Sennheiser HD 800 S (sample 1)	over-ear/Sennheiser HD 800 S (sample 1).csv	Innerfidelity		over-ear	1
Sennheiser HD 800 S (serial number 01067)	over-ear/Sennheiser HD 800 S (serial number 01067).csv	Innerfidelity		over-ear	1
Sennheiser HD 800 S (serial number 01070)	over-ear/Sennheiser HD 800 S (serial number 01070).csv	Innerfidelity		over-ear	1
Sennheiser HD 800 S	over-ear/Sennheiser HD 800 S (Innerfidelity).csv	Innerfidelity		over-ear	1
Sennheiser HD 800	over-ear/Sennheiser HD 800 (Innerfidelity).csv	Innerfidelity		over-ear	1
Sennheiser HE 60	over-ear/Sennheiser HE 60.csv	Innerfidelity		over-ear	1
Sennheiser Momentum 2.0 (wired, active)	over-ear/Sennheiser Momentum 2.0 (wired, active).csv	Innerfidelity		over-ear	1
Sennheiser Momentum 2.0 (wired, passive)	over-ear/Sennheiser Momentum 2.0 (wired, passive).csv	Innerfidelity		over-ear	1
Sennheiser Momentum 2.0 (wireless)	over-ear/Sennheiser Momentum 2.0 (wireless).csv	Innerfidelity		over-ear	1
Sennheiser Momentum 2.0	over-ear/Sennheiser Momentum 2.0.csv	Innerfidelity		over-ear	1
Sennheiser Momentum On-Ear	over-ear/Sennheiser Momentum On-Ear (Innerfidelity).csv	Innerfidelity		over-ear	1
Sennheiser Momentum Wireless (wired, active)	over-ear/Sennheiser Momentum Wireless (wired, active).csv	Innerfidelity		over-ear	1
Sennheiser Momentum Wireless (wired, passive)	over-ear/Sennheiser Momentum Wireless (wired, passive).csv	Innerfidelity		over-ear	1
Sennheiser Momentum Wireless (wireless)	over-ear/Sennheiser Momentum Wireless (wireless).csv	Innerfidelity		over-ear	1
Sennheiser Momentum	over-ear/Sennheiser Momentum (Innerfidelity).csv	Innerfidelity		over-ear	1
Sennheiser PX 100-IIi	over-ear/Sennheiser PX 100-IIi.csv	Innerfidelity		over-ear	1
Sennheiser PX 100	over-ear/Sennheiser PX 100.csv	Innerfidelity		over-ear	1
Sennheiser PX 200-IIi	over-ear/Sennheiser PX 200-IIi.csv	Innerfidelity		over-ear	1
Sennheiser PX 200	over-ear/Sennheiser PX 200 (Innerfidelity).csv	Innerfidelity		over-ear	1
Sennheiser PX 360	over-ear/Sennheiser PX 360 (Innerfidelity).csv	Innerfidelity		over-ear	1
Sennheiser PXC 550 Wireless (wired, ANC on)	over-ear/Sennheiser PXC 550 Wireless (wired, ANC on).csv	Innerfidelity		over-ear	1
Sennheiser PXC 550 Wireless (wired, power on)	over-ear/Sennheiser PXC 550 Wireless (wired, power on).csv	Innerfidelity		over-ear	1
Sennheiser PXC 550 Wireless (wireless, ANC on)	over-ear/Sennheiser PXC 550 Wireless (wireless, ANC on).csv	Innerfidelity		over-ear	1
Sennheiser RS 220	over-ear/Sennheiser RS 220 (Innerfidelity).csv	Innerfidelity		over-ear	1
Sennheiser Urbanite XL	over-ear/Sennheiser Urbanite XL.csv	Innerfidelity		over-ear	1
Sennheiser Urbanite	over-ear/Sennheiser Urbanite.csv	Innerfidelity		over-ear	1
Shure SRH1440	over-ear/Shure SRH1440 (Innerfidelity).csv	Innerfidelity		over-ear	1
Shure SRH1540	over-ear/Shure SRH1540 (Innerfidelity).csv	Innerfidelity		over-ear	1
Shure SRH1840	over-ear/Shure SRH1840 (Innerfidelity).csv	Innerfidelity		over-ear	1
Shure SRH440	over-ear/Shure SRH440 (Innerfidelity).csv	Innerfidelity		over-ear	1
Shure SRH750DJ	over-ear/Shure SRH750DJ (Innerfidelity).csv	Innerfidelity		over-ear	1
Shure SRH840	over-ear/Shure SRH840 (Innerfidelity).csv	Innerfidelity		over-ear	1
Shure SRH940	over-ear/Shure SRH940 (Innerfidelity).csv	Innerfidelity		over-ear	1
Skullcandy Aviators no Lens	over-ear/Skullcandy Aviators no Lens.csv	Innerfidelity		over-ear	1
Skullcandy Crusher Wireless (wired, sub off)	over-ear/Skullcandy Crusher Wireless (wired, sub off).csv	Innerfidelity		over-ear	1
Skullcandy Crusher	over-ear/Skullcandy Crusher.csv	Innerfidelity		over-ear	1
Skullcandy Grind	over-ear/Skullcandy Grind.csv	Innerfidelity		over-ear	1
Skullcandy Hesh 2	over-ear/Skullcandy Hesh 2.csv	Innerfidelity		over-ear	1
Skullcandy Mix Master	over-ear/Skullcandy Mix Master (Innerfidelity).csv	Innerfidelity		over-ear	1
Skullcandy Navigator	over-ear/Skullcandy Navigator.csv	Innerfidelity		over-ear	1
Skullcandy Roc Nation Aviator	over-ear/Skullcandy Roc Nation Aviator.csv	Innerfidelity		over-ear	1
SMS Audio DJ Pro	over-ear/SMS Audio DJ Pro.csv	Innerfidelity		over-ear	1
SMS Audio Over Ear ANC	over-ear/SMS Audio Over Ear ANC.csv	Innerfidelity		over-ear	1
SMS Audio Street by 50 Cent	over-ear/SMS Audio Street by 50 Cent.csv	Innerfidelity		over-ear	1
SMS Audio Sync by 50 Cent	over-ear/SMS Audio Sync by 50 Cent.csv	Innerfidelity		over-ear	1
SOL REPUBLIC Master Tracks XC	over-ear/SOL REPUBLIC Master Tracks XC.csv	Innerfidelity		over-ear	1
SOL REPUBLIC Tracks B	over-ear/SOL REPUBLIC Tracks B.csv	Innerfidelity		over-ear	1
SOL REPUBLIC Tracks	over-ear/SOL REPUBLIC Tracks.csv	Innerfidelity		over-ear	1
Sony DR-Z7	over-ear/Sony DR-Z7.csv	Innerfidelity		over-ear	1
Sony MDR-1000X (wired, ANC off)	over-ear/Sony MDR-1000X (wired, ANC off).csv	Innerfidelity		over-ear	1
Sony MDR-1000X (wired, ANC on)	over-ear/Sony MDR-1000X (wired, ANC on).csv	Innerfidelity		over-ear	1
Sony MDR-1000X (wireless, ANC off)	over-ear/Sony MDR-1000X (wireless, ANC off).csv	Innerfidelity		over-ear	1
Sony MDR-1000X (wireless, ANC on)	over-ear/Sony MDR-1000X (wireless, ANC on).csv	Innerfidelity		over-ear	1
Sony MDR-1R	over-ear/Sony MDR-1R.csv	Innerfidelity		over-ear	1
Sony MDR-1RBT	over-ear/Sony MDR-1RBT.csv	Innerfidelity		over-ear	1
Sony MDR-7502	over-ear/Sony MDR-7502 (Innerfidelity).csv	Innerfidelity		over-ear	1
Sony MDR-7505	over-ear/Sony MDR-7505 (Innerfidelity).csv	Innerfidelity		over-ear	1
Sony MDR-7509HD	over-ear/Sony MDR-7509HD (Innerfidelity).csv	Innerfidelity		over-ear	1
Sony MDR-7520	over-ear/Sony MDR-7520.csv	Innerfidelity		over-ear	1
Sony MDR-CD3000	over-ear/Sony MDR-CD3000.csv	Innerfidelity		over-ear	1
Sony MDR-D77 Eggo	over-ear/Sony MDR-D77 Eggo.csv	Innerfidelity		over-ear	1
Sony MDR-SA3000	over-ear/Sony MDR-SA3000.csv	Innerfidelity		over-ear	1
Sony MDR-SA5000	over-ear/Sony MDR-SA5000 (Innerfidelity).csv	Innerfidelity		over-ear	1
Sony MDR-V6	over-ear/Sony MDR-V6 (Innerfidelity).csv	Innerfidelity		over-ear	1
Sony MDR-V600	over-ear/Sony MDR-V600.csv	Innerfidelity		over-ear	1
Sony MDR-XB1000	over-ear/Sony MDR-XB1000.csv	Innerfidelity		over-ear	1
Sony MDR-XB300	over-ear/Sony MDR-XB300 (Innerfidelity).csv	Innerfidelity		over-ear	1
Sony MDR-XB500	over-ear/Sony MDR-XB500 (Innerfidelity).csv	Innerfidelity		over-ear	1
Sony MDR-XB700	over-ear/Sony MDR-XB700 (Innerfidelity).csv	Innerfidelity		over-ear	1
Sony MDR-Z1R	over-ear/Sony MDR-Z1R (Innerfidelity).csv	Innerfidelity		over-ear	1
Sony MDR-Z7	over-ear/Sony MDR-Z7.csv	Innerfidelity		over-ear	1
Sony MDR-ZX1000	over-ear/Sony MDR-ZX1000.csv	Innerfidelity		over-ear	1
Sony MDR-ZX700	over-ear/Sony MDR-ZX700 (Innerfidelity).csv	Innerfidelity		over-ear	1
Soul by Ludacris SL100	over-ear/Soul by Ludacris SL100.csv	Innerfidelity		over-ear	1
Soul by Ludacris SL150	over-ear/Soul by Ludacris SL150.csv	Innerfidelity		over-ear	1
Soul by Ludacris SL300	over-ear/Soul by Ludacris SL300.csv	Innerfidelity		over-ear	1
Soul Combat	over-ear/Soul Combat.csv	Innerfidelity		over-ear	1
Soul Jet Pro ANC Off	over-ear/Soul Jet Pro ANC Off.csv	Innerfidelity		over-ear	1
Soul Jet Pro ANC On	over-ear/Soul Jet Pro ANC On.csv	Innerfidelity		over-ear	1
SoundMAGIC HP100	over-ear/SoundMAGIC HP100.csv	Innerfidelity		over-ear	1
SoundMAGIC HP200	over-ear/SoundMAGIC HP200.csv	Innerfidelity		over-ear	1
Spider PowerForce	over-ear/Spider PowerForce.csv	Innerfidelity		over-ear	1
Status Audio SM-CB1	over-ear/Status Audio SM-CB1.csv	Innerfidelity		over-ear	1
Status Audio SM-OB1	over-ear/Status Audio SM-OB1.csv	Innerfidelity		over-ear	1
Stax 4070	over-ear/Stax 4070.csv	Innerfidelity		over-ear	1
Stax Lambda Nova Signature	over-ear/Stax Lambda Nova Signature.csv	Innerfidelity		over-ear	1
Stax SR-007	over-ear/Stax SR-007.csv	Innerfidelity		over-ear	1
Stax SR-009 (sample 1)	over-ear/Stax SR-009 (sample 1).csv	Innerfidelity		over-ear	1
Stax SR-009 (serial number SZ9-1278)	over-ear/Stax SR-009 (serial number SZ9-1278).csv	Innerfidelity		over-ear	1
Stax SR-009	over-ear/Stax SR-009.csv	Innerfidelity		over-ear	1
Stax SR-1	over-ear/Stax SR-1.csv	Innerfidelity		over-ear	1
Stax SR-207 (EP-507 leather earpads)	over-ear/Stax SR-207 (EP-507 leather earpads).csv	Innerfidelity		over-ear	1
Stax SR-207	over-ear/Stax SR-207.csv	Innerfidelity		over-ear	1
Stax SR-3	over-ear/Stax SR-3.csv	Innerfidelity		over-ear	1
Stax SR-40 Electret SR4 Adapter	over-ear/Stax SR-40 Electret SR4 Adapter.csv	Innerfidelity		over-ear	1
Stax SR-404 Ltd SSL-0670	over-ear/Stax SR-404 Ltd SSL-0670.csv	Innerfidelity		over-ear	1
Stax SR-404 S 2742	over-ear/Stax SR-404 S 2742.csv	Innerfidelity		over-ear	1
Stax SR-507	over-ear/Stax SR-507.csv	Innerfidelity		over-ear	1
Stax SR-Gamma Pro	over-ear/Stax SR-Gamma Pro.csv	Innerfidelity		over-ear	1
Stax SR-L300	over-ear/Stax SR-L300.csv	Innerfidelity		over-ear	1
Stax SR-Lambda Signature	over-ear/Stax SR-Lambda Signature.csv	Innerfidelity		over-ear	1
Stax SR-Sigma 07381	over-ear/Stax SR-Sigma 07381.csv	Innerfidelity		over-ear	1
Stax SR-X Mk3 Pro	over-ear/Stax SR-X Mk3 Pro.csv	Innerfidelity		over-ear	1
Sterling TE-400	over-ear/Sterling TE-400.csv	Innerfidelity		over-ear	1
Superlux HD 668B	over-ear/Superlux HD 668B (Innerfidelity).csv	Innerfidelity		over-ear	1
Superlux HD 681	over-ear/Superlux HD 681 (Innerfidelity).csv	Innerfidelity		over-ear	1
Takstar Pro 80	over-ear/Takstar Pro 80.csv	Innerfidelity		over-ear	1
Teac CT-H02	over-ear/Teac CT-H02 (Innerfidelity).csv	Innerfidelity		over-ear	1
Teknmotion London Underground	over-ear/Teknmotion London Underground.csv	Innerfidelity		over-ear	1
Thinksound On1	over-ear/Thinksound On1.csv	Innerfidelity		over-ear	1
Torque t402v (around-ear earpads, black vent)	over-ear/Torque t402v (around-ear earpads, black vent).csv	Innerfidelity		over-ear	1
Torque t402v (around-ear earpads, blue vent)	over-ear/Torque t402v (around-ear earpads, blue vent).csv	Innerfidelity		over-ear	1
Torque t402v (around-ear earpads, red vent)	over-ear/Torque t402v (around-ear earpads, red vent).csv	Innerfidelity		over-ear	1
Torque t402v (around-ear earpads, yellow vent)	over-ear/Torque t402v (around-ear earpads, yellow vent).csv	Innerfidelity		over-ear	1
Torque t402v (on-ear earpads, black vent)	over-ear/Torque t402v (on-ear earpads, black vent).csv	Innerfidelity		over-ear	1
Torque t402v (on-ear earpads, blue vent)	over-ear/Torque t402v (on-ear earpads, blue vent).csv	Innerfidelity		over-ear	1
Torque t402v (on-ear earpads, red vent)	over-ear/Torque t402v (on-ear earpads, red vent).csv	Innerfidelity		over-ear	1
Torque t402v (on-ear earpads, yellow vent)	over-ear/Torque t402v (on-ear earpads, yellow vent).csv	Innerfidelity		over-ear	1
Toshiba HR-810 Low Gain	over-ear/Toshiba HR-810 Low Gain.csv	Innerfidelity		over-ear	1
Ultrasone Edition 10	over-ear/Ultrasone Edition 10.csv	Innerfidelity		over-ear	1
Ultrasone Edition 8	over-ear/Ultrasone Edition 8 (Innerfidelity).csv	Innerfidelity		over-ear	1
Ultrasone HFI-2400	over-ear/Ultrasone HFI-2400 (Innerfidelity).csv	Innerfidelity		over-ear	1
Ultrasone HFI-450	over-ear/Ultrasone HFI-450 (Innerfidelity).csv	Innerfidelity		over-ear	1
Ultrasone HFI-780	over-ear/Ultrasone HFI-780 (Innerfidelity).csv	Innerfidelity		over-ear	1
Ultrasone PRO 2900	over-ear/Ultrasone PRO 2900.csv	Innerfidelity		over-ear	1
Ultrasone PRO 550	over-ear/Ultrasone PRO 550.csv	Innerfidelity		over-ear	1
Ultrasone PRO 650	over-ear/Ultrasone PRO 650.csv	Innerfidelity		over-ear	1
Ultrasone PRO 900	over-ear/Ultrasone PRO 900 (Innerfidelity).csv	Innerfidelity		over-ear	1
Ultrasone Signature Pro	over-ear/Ultrasone Signature Pro (Innerfidelity).csv	Innerfidelity		over-ear	1
Ultrasone Zino	over-ear/Ultrasone Zino (Innerfidelity).csv	Innerfidelity		over-ear	1
V-MODA Crossfade LP	over-ear/V-MODA Crossfade LP.csv	Innerfidelity		over-ear	1
V-MODA Crossfade LP2	over-ear/V-MODA Crossfade LP2.csv	Innerfidelity		over-ear	1
V-MODA Crossfade M-100	over-ear/V-MODA Crossfade M-100 (Innerfidelity).csv	Innerfidelity		over-ear	1
V-MODA Crossfade M-80	over-ear/V-MODA Crossfade M-80 (Innerfidelity).csv	Innerfidelity		over-ear	1
V-MODA Crossfade Wireless (wired)	over-ear/V-MODA Crossfade Wireless (wired).csv	Innerfidelity		over-ear	1
V-MODA Crossfade Wireless (wireless)	over-ear/V-MODA Crossfade Wireless (wireless).csv	Innerfidelity		over-ear	1
V-MODA V-80 True Blood	over-ear/V-MODA V-80 True Blood.csv	Innerfidelity		over-ear	1
V-MODA XS	over-ear/V-MODA XS (Innerfidelity).csv	Innerfidelity		over-ear	1
Warwick Acoustics Sonoma Model One	over-ear/Warwick Acoustics Sonoma Model One.csv	Innerfidelity		over-ear	1
Wiss Audio On Ear Force 1 HP P244	over-ear/Wiss Audio On Ear Force 1 HP P244.csv	Innerfidelity		over-ear	1
Yamaha HP1 (sample 1)	over-ear/Yamaha HP1 (sample 1).csv	Innerfidelity		over-ear	1
Yamaha HP1 (serial number 051712)	over-ear/Yamaha HP1 (serial number 051712).csv	Innerfidelity		over-ear	1
Yamaha HP1	over-ear/Yamaha HP1.csv	Innerfidelity		over-ear	1
Yamaha HP3	over-ear/Yamaha HP3.csv	Innerfidelity		over-ear	1
Yamaha HPH-MT220	over-ear/Yamaha HPH-MT220.csv	Innerfidelity		over-ear	1
Yamaha PRO 300	over-ear/Yamaha PRO 300.csv	Innerfidelity		over-ear	1
Yamaha PRO 400	over-ear/Yamaha PRO 400.csv	Innerfidelity		over-ear	1
Yamaha PRO 500	over-ear/Yamaha PRO 500.csv	Innerfidelity		over-ear	1
Yamaha YH-100	over-ear/Yamaha YH-100.csv	Innerfidelity		over-ear	1
Yamaha YH-3	over-ear/Yamaha YH-3.csv	Innerfidelity		over-ear	1
ZMF Atticus	over-ear/ZMF Atticus.csv	Innerfidelity		over-ear	1
ZMF Eikon	over-ear/ZMF Eikon.csv	Innerfidelity		over-ear	1
64 Audio Solo	in-ear/64 Audio Solo.csv	Jaytiss	711	in-ear	1
64 Audio U4S (m12 Apex module)	in-ear/64 Audio U4S (m12 Apex module) (Jaytiss).csv	Jaytiss	711	in-ear	1
64 Audio U6t (m15 Apex module)	in-ear/64 Audio U6t (m15 Apex module).csv	Jaytiss	711	in-ear	1
64 Audio Volur (m12 Apex module)	in-ear/64 Audio Volur (m12 Apex module).csv	Jaytiss	711	in-ear	1
64 Audio Volur (m15 Apex module)	in-ear/64 Audio Volur (m15 Apex module).csv	Jaytiss	711	in-ear	1
64 Audio Volur (m20 Apex module)	in-ear/64 Audio Volur (m20 Apex module).csv	Jaytiss	711	in-ear	1
64 Audio Volur (mX Apex module)	in-ear/64 Audio Volur (mX Apex module).csv	Jaytiss	711	in-ear	1
64 Audio Volur	in-ear/64 Audio Volur (Jaytiss).csv	Jaytiss	711	in-ear	1
7Hz Aurora	in-ear/7Hz Aurora.csv	Jaytiss	711	in-ear	1
7Hz Five	in-ear/7Hz Five.csv	Jaytiss	711	in-ear	1
7Hz G1	in-ear/7Hz G1 (Jaytiss).csv	Jaytiss	711	in-ear	1
7Hz Salnotes Dioko	in-ear/7Hz Salnotes Dioko (Jaytiss).csv	Jaytiss	711	in-ear	1
7Hz Salnotes Zero	in-ear/7Hz Salnotes Zero (Jaytiss).csv	Jaytiss	711	in-ear	1
7Hz Sonus	in-ear/7Hz Sonus (Jaytiss).csv	Jaytiss	711	in-ear	1
7Hz Timeless II	in-ear/7Hz Timeless II.csv	Jaytiss	711	in-ear	1
7Hz Timless II	in-ear/7Hz Timless II.csv	Jaytiss	711	in-ear	1
7Hz x Crinacle Zero 2	in-ear/7Hz x Crinacle Zero 2 (Jaytiss).csv	Jaytiss	711	in-ear	1
7Hz x HBB Elua	in-ear/7Hz x HBB Elua.csv	Jaytiss	711	in-ear	1
7th Acoustics Stargazer	in-ear/7th Acoustics Stargazer.csv	Jaytiss	711	in-ear	1
7th Acoustics Supernova	in-ear/7th Acoustics Supernova (Jaytiss).csv	Jaytiss	711	in-ear	1
AFUL Cantor	in-ear/AFUL Cantor.csv	Jaytiss	711	in-ear	1
AFUL Explorer	in-ear/AFUL Explorer (Jaytiss).csv	Jaytiss	711	in-ear	1
AFUL MagicOne (foam eartips)	in-ear/AFUL MagicOne (foam eartips).csv	Jaytiss	711	in-ear	1
AFUL Performer 5	in-ear/AFUL Performer 5.csv	Jaytiss	711	in-ear	1
AFUL Performer 7	in-ear/AFUL Performer 7.csv	Jaytiss	711	in-ear	1
AFUL Performer 8	in-ear/AFUL Performer 8.csv	Jaytiss	711	in-ear	1
AME Aura	in-ear/AME Aura.csv	Jaytiss	711	in-ear	1
AME Gaia	in-ear/AME Gaia.csv	Jaytiss	711	in-ear	1
AME Mousa	in-ear/AME Mousa.csv	Jaytiss	711	in-ear	1
AME Radioso	in-ear/AME Radioso.csv	Jaytiss	711	in-ear	1
AME Raven KR version	in-ear/AME Raven KR version.csv	Jaytiss	711	in-ear	1
Aroma Audio Fei Wan	in-ear/Aroma Audio Fei Wan (Jaytiss).csv	Jaytiss	711	in-ear	1
ARTTI R1	in-ear/ARTTI R1 (Jaytiss).csv	Jaytiss	711	in-ear	1
ARTTI T10 Pro	in-ear/ARTTI T10 Pro.csv	Jaytiss	711	in-ear	1
Audiosense DT200	in-ear/Audiosense DT200 (Jaytiss).csv	Jaytiss	711	in-ear	1
AüR Audio Aure	in-ear/AüR Audio Aure.csv	Jaytiss	711	in-ear	1
BASN Metalen	in-ear/BASN Metalen.csv	Jaytiss	711	in-ear	1
BASN Mix-PD	in-ear/BASN Mix-PD.csv	Jaytiss	711	in-ear	1
BASN MTPro	in-ear/BASN MTPro.csv	Jaytiss	711	in-ear	1
Binary Acoustics Dynaquattro	in-ear/Binary Acoustics Dynaquattro.csv	Jaytiss	711	in-ear	1
Binary Acoustics x Gizaudio Chopin	in-ear/Binary Acoustics x Gizaudio Chopin (Jaytiss).csv	Jaytiss	711	in-ear	1
BLON BL-03	in-ear/BLON BL-03 (Jaytiss).csv	Jaytiss	711	in-ear	1
Campfire Audio Alien Brain	in-ear/Campfire Audio Alien Brain.csv	Jaytiss	711	in-ear	1
Campfire Audio Astrolith	in-ear/Campfire Audio Astrolith.csv	Jaytiss	711	in-ear	1
Campfire Audio Axion v2	in-ear/Campfire Audio Axion v2.csv	Jaytiss	711	in-ear	1
Campfire Audio Bonneville	in-ear/Campfire Audio Bonneville.csv	Jaytiss	711	in-ear	1
Campfire Audio Moon Rover	in-ear/Campfire Audio Moon Rover.csv	Jaytiss	711	in-ear	1
Campfire Audio Trifecta	in-ear/Campfire Audio Trifecta (Jaytiss).csv	Jaytiss	711	in-ear	1
Canpur CP622B	in-ear/Canpur CP622B (Jaytiss).csv	Jaytiss	711	in-ear	1
CCA CRA PRO	in-ear/CCA CRA PRO.csv	Jaytiss	711	in-ear	1
CCA Hydro (on-on-off-off)	in-ear/CCA Hydro (on-on-off-off).csv	Jaytiss	711	in-ear	1
CCA Polaris (on-on-on-on)	in-ear/CCA Polaris (on-on-on-on).csv	Jaytiss	711	in-ear	1
CCA Rhapsody (off-off-off-off)	in-ear/CCA Rhapsody (off-off-off-off).csv	Jaytiss	711	in-ear	1
CCA Rhapsody (off-off-off-on)	in-ear/CCA Rhapsody (off-off-off-on).csv	Jaytiss	711	in-ear	1
CCA Rhapsody (off-off-on-on)	in-ear/CCA Rhapsody (off-off-on-on).csv	Jaytiss	711	in-ear	1
CCA Rhapsody (off-on-on-on)	in-ear/CCA Rhapsody (off-on-on-on).csv	Jaytiss	711	in-ear	1
CCA Rhapsody (on-on-on-on)	in-ear/CCA Rhapsody (on-on-on-on).csv	Jaytiss	711	in-ear	1
CCA Trio	in-ear/CCA Trio.csv	Jaytiss	711	in-ear	1
CKLVX 1DD+4BA	in-ear/CKLVX 1DD+4BA.csv	Jaytiss	711	in-ear	1
Craft Ears Omnium	in-ear/Craft Ears Omnium.csv	Jaytiss	711	in-ear	1
CrinEar Meta	in-ear/CrinEar Meta.csv	Jaytiss	711	in-ear	1
Custom Art Fibae 5	in-ear/Custom Art Fibae 5.csv	Jaytiss	711	in-ear	1
CVJ Aria	in-ear/CVJ Aria.csv	Jaytiss	711	in-ear	1
CVJ ShadowBlade (black nozzle)	in-ear/CVJ ShadowBlade (black nozzle).csv	Jaytiss	711	in-ear	1
CVJ ShadowBlade (gold nozzle)	in-ear/CVJ ShadowBlade (gold nozzle).csv	Jaytiss	711	in-ear	1
CVJ Shadowblade	in-ear/CVJ Shadowblade.csv	Jaytiss	711	in-ear	1
Dita Audio Dream XLS	in-ear/Dita Audio Dream XLS.csv	Jaytiss	711	in-ear	1
Dita Audio Mecha	in-ear/Dita Audio Mecha.csv	Jaytiss	711	in-ear	1
Dita Audio Project M	in-ear/Dita Audio Project M (Jaytiss).csv	Jaytiss	711	in-ear	1
DUNU DK3001 BD	in-ear/DUNU DK3001 BD.csv	Jaytiss	711	in-ear	1
DUNU EST 112	in-ear/DUNU EST 112 (Jaytiss).csv	Jaytiss	711	in-ear	1
DUNU Falcon Ultra	in-ear/DUNU Falcon Ultra.csv	Jaytiss	711	in-ear	1
DUNU Glacier	in-ear/DUNU Glacier.csv	Jaytiss	711	in-ear	1
DUNU Kima 2	in-ear/DUNU Kima 2.csv	Jaytiss	711	in-ear	1
DUNU Mirai	in-ear/DUNU Mirai.csv	Jaytiss	711	in-ear	1
DUNU SA6 MK2	in-ear/DUNU SA6 MK2.csv	Jaytiss	711	in-ear	1
DUNU Talos	in-ear/DUNU Talos.csv	Jaytiss	711	in-ear	1
DUNU Titan S2	in-ear/DUNU Titan S2.csv	Jaytiss	711	in-ear	1
DUNU Vulkan 2	in-ear/DUNU Vulkan 2.csv	Jaytiss	711	in-ear	1
DUNU Vulkan	in-ear/DUNU Vulkan (Jaytiss).csv	Jaytiss	711	in-ear	1
DUNU x Gizaudio DaVinci	in-ear/DUNU x Gizaudio DaVinci.csv	Jaytiss	711	in-ear	1
EarAcoustic Audio SPA Hi-End Max	in-ear/EarAcoustic Audio SPA Hi-End Max (Jaytiss).csv	Jaytiss	711	in-ear	1
Effect Audio X Elysian Pilgrim Noir	in-ear/Effect Audio X Elysian Pilgrim Noir.csv	Jaytiss	711	in-ear	1
ELISE AUDIO x Kinera Dark Phoenix	in-ear/ELISE AUDIO x Kinera Dark Phoenix.csv	Jaytiss	711	in-ear	1
Elysian Annihilator (2023)	in-ear/Elysian Annihilator (2023).csv	Jaytiss	711	in-ear	1
Elysian Apostle	in-ear/Elysian Apostle.csv	Jaytiss	711	in-ear	1
Elysian Diva 2023 (blue switch)	in-ear/Elysian Diva 2023 (blue switch).csv	Jaytiss	711	in-ear	1
Elysian Diva 2023 (red switch)	in-ear/Elysian Diva 2023 (red switch).csv	Jaytiss	711	in-ear	1
Elysian Diva 2023 (white switch)	in-ear/Elysian Diva 2023 (white switch).csv	Jaytiss	711	in-ear	1
Elysian Pilgrim	in-ear/Elysian Pilgrim (Jaytiss).csv	Jaytiss	711	in-ear	1
Empire Ears Triton	in-ear/Empire Ears Triton.csv	Jaytiss	711	in-ear	1
EPZ 530	in-ear/EPZ 530 (Jaytiss).csv	Jaytiss	711	in-ear	1
EPZ P50	in-ear/EPZ P50 (Jaytiss).csv	Jaytiss	711	in-ear	1
EPZ Q1 Pro	in-ear/EPZ Q1 Pro (Jaytiss).csv	Jaytiss	711	in-ear	1
EPZ Q5 v2	in-ear/EPZ Q5 v2.csv	Jaytiss	711	in-ear	1
EPZ Q5	in-ear/EPZ Q5 (Jaytiss).csv	Jaytiss	711	in-ear	1
EPZ x Tipsy Star & One	in-ear/EPZ x Tipsy Star & One.csv	Jaytiss	711	in-ear	1
Etymotic ER2SE	in-ear/Etymotic ER2SE (Jaytiss).csv	Jaytiss	711	in-ear	1
Fatfreq Grand Maestro (black module, down)	in-ear/Fatfreq Grand Maestro (black module, down).csv	Jaytiss	711	in-ear	1
Fatfreq Grand Maestro (black module, up)	in-ear/Fatfreq Grand Maestro (black module, up).csv	Jaytiss	711	in-ear	1
Fatfreq Grand Maestro (blue module, up)	in-ear/Fatfreq Grand Maestro (blue module, up).csv	Jaytiss	711	in-ear	1
Fatfreq Grand Maestro (bluemodule, down)	in-ear/Fatfreq Grand Maestro (bluemodule, down).csv	Jaytiss	711	in-ear	1
Fatfreq Maestro Mini	in-ear/Fatfreq Maestro Mini.csv	Jaytiss	711	in-ear	1
Fatfreq Maestro SE	in-ear/Fatfreq Maestro SE.csv	Jaytiss	711	in-ear	1
Fatfreq Scarlet Mini	in-ear/Fatfreq Scarlet Mini (Jaytiss).csv	Jaytiss	711	in-ear	1
Fatfreq x Effect Audio Quantum	in-ear/Fatfreq x Effect Audio Quantum.csv	Jaytiss	711	in-ear	1
Fatfreq x HBB Deuce	in-ear/Fatfreq x HBB Deuce.csv	Jaytiss	711	in-ear	1
FiiO FD15	in-ear/FiiO FD15.csv	Jaytiss	711	in-ear	1
FiiO FP3	in-ear/FiiO FP3.csv	Jaytiss	711	in-ear	1
FiiO JD1	in-ear/FiiO JD1.csv	Jaytiss	711	in-ear	1
FiiO JD10	in-ear/FiiO JD10.csv	Jaytiss	711	in-ear	1
Final Audio B3	in-ear/Final Audio B3.csv	Jaytiss	711	in-ear	1
Fir Audio e10	in-ear/Fir Audio e10.csv	Jaytiss	711	in-ear	1
Fir Audio e12	in-ear/Fir Audio e12 (Jaytiss).csv	Jaytiss	711	in-ear	1
Fir Audio Radon 6 (black module)	in-ear/Fir Audio Radon 6 (black module).csv	Jaytiss	711	in-ear	1
Fir Audio Radon 6 (gold module)	in-ear/Fir Audio Radon 6 (gold module).csv	Jaytiss	711	in-ear	1
Fir Audio Radon 6 (red module)	in-ear/Fir Audio Radon 6 (red module).csv	Jaytiss	711	in-ear	1
Fir Audio Radon 6 (silver module)	in-ear/Fir Audio Radon 6 (silver module).csv	Jaytiss	711	in-ear	1
FlipEars Aegis	in-ear/FlipEars Aegis.csv	Jaytiss	711	in-ear	1
FlipEars Legion	in-ear/FlipEars Legion.csv	Jaytiss	711	in-ear	1
HeartField Blanc	in-ear/HeartField Blanc.csv	Jaytiss	711	in-ear	1
HeartField CU8	in-ear/HeartField CU8.csv	Jaytiss	711	in-ear	1
Hidizs MP143 (gold nozzle)	in-ear/Hidizs MP143 (gold nozzle) (Jaytiss).csv	Jaytiss	711	in-ear	1
Hidizs MS3	in-ear/Hidizs MS3.csv	Jaytiss	711	in-ear	1
Hidizs ST2 Nebula	in-ear/Hidizs ST2 Nebula.csv	Jaytiss	711	in-ear	1
Hisenior Mega 5 EST	in-ear/Hisenior Mega 5 EST (Jaytiss).csv	Jaytiss	711	in-ear	1
InAwaken Dawn Ms	in-ear/InAwaken Dawn Ms (Jaytiss).csv	Jaytiss	711	in-ear	1
Intime Sora Light (2019 Edition)	in-ear/Intime Sora Light (2019 Edition).csv	Jaytiss	711	in-ear	1
INTUAURA SplendorII	in-ear/INTUAURA SplendorII.csv	Jaytiss	711	in-ear	1
IO Audio Volare	in-ear/IO Audio Volare.csv	Jaytiss	711	in-ear	1
ISN AUDIO EBC80	in-ear/ISN AUDIO EBC80.csv	Jaytiss	711	in-ear	1
Jomo Audio Nautilus	in-ear/Jomo Audio Nautilus.csv	Jaytiss	711	in-ear	1
Juzear 41T	in-ear/Juzear 41T (Jaytiss).csv	Jaytiss	711	in-ear	1
Juzear 61T	in-ear/Juzear 61T.csv	Jaytiss	711	in-ear	1
Juzear 81T	in-ear/Juzear 81T.csv	Jaytiss	711	in-ear	1
Juzear Clear	in-ear/Juzear Clear.csv	Jaytiss	711	in-ear	1
Juzear x Z Reviews Defiant	in-ear/Juzear x Z Reviews Defiant.csv	Jaytiss	711	in-ear	1
KBEAR KB02	in-ear/KBEAR KB02 (Jaytiss).csv	Jaytiss	711	in-ear	1
KEFINE Delci	in-ear/KEFINE Delci (Jaytiss).csv	Jaytiss	711	in-ear	1
Kefine Klanar	in-ear/Kefine Klanar (Jaytiss).csv	Jaytiss	711	in-ear	1
KEFINE Klean	in-ear/KEFINE Klean.csv	Jaytiss	711	in-ear	1
KEFINE Quatio (black nozzle)	in-ear/KEFINE Quatio (black nozzle).csv	Jaytiss	711	in-ear	1
KEFINE Quatio (gold nozzle)	in-ear/KEFINE Quatio (gold nozzle).csv	Jaytiss	711	in-ear	1
KEFINE Quatio (silver nozzle)	in-ear/KEFINE Quatio (silver nozzle).csv	Jaytiss	711	in-ear	1
Kinera Celest Pandamon 2.0	in-ear/Kinera Celest Pandamon 2.0.csv	Jaytiss	711	in-ear	1
Kinera Celest Phoenixcall	in-ear/Kinera Celest Phoenixcall.csv	Jaytiss	711	in-ear	1
Kinera Celest Plutus Beast	in-ear/Kinera Celest Plutus Beast (Jaytiss).csv	Jaytiss	711	in-ear	1
Kinera Celest Relentless	in-ear/Kinera Celest Relentless.csv	Jaytiss	711	in-ear	1
Kinera Celest Wyvern Abyss	in-ear/Kinera Celest Wyvern Abyss (Jaytiss).csv	Jaytiss	711	in-ear	1
Kinera Celest Wyvern Qing	in-ear/Kinera Celest Wyvern Qing.csv	Jaytiss	711	in-ear	1
Kinera Celest Yaksha	in-ear/Kinera Celest Yaksha.csv	Jaytiss	711	in-ear	1
Kinera Verdandi	in-ear/Kinera Verdandi.csv	Jaytiss	711	in-ear	1
Kiwi Ears Aether	in-ear/Kiwi Ears Aether (Jaytiss).csv	Jaytiss	711	in-ear	1
Kiwi Ears Airoso	in-ear/Kiwi Ears Airoso (Jaytiss).csv	Jaytiss	711	in-ear	1
Kiwi Ears Astral	in-ear/Kiwi Ears Astral.csv	Jaytiss	711	in-ear	1
Kiwi Ears Canta	in-ear/Kiwi Ears Canta (Jaytiss).csv	Jaytiss	711	in-ear	1
Kiwi Ears Dolce	in-ear/Kiwi Ears Dolce (Jaytiss).csv	Jaytiss	711	in-ear	1
Kiwi Ears Etude	in-ear/Kiwi Ears Etude.csv	Jaytiss	711	in-ear	1
Kiwi Ears Forteza	in-ear/Kiwi Ears Forteza.csv	Jaytiss	711	in-ear	1
Kiwi Ears KE4	in-ear/Kiwi Ears KE4 (Jaytiss).csv	Jaytiss	711	in-ear	1
Kiwi Ears Melody	in-ear/Kiwi Ears Melody (Jaytiss).csv	Jaytiss	711	in-ear	1
Kiwi Ears Quintet	in-ear/Kiwi Ears Quintet (Jaytiss).csv	Jaytiss	711	in-ear	1
Kiwi Ears Septet	in-ear/Kiwi Ears Septet.csv	Jaytiss	711	in-ear	1
Kiwi Ears x Crinacle Singolo	in-ear/Kiwi Ears x Crinacle Singolo (Jaytiss).csv	Jaytiss	711	in-ear	1
Kiwi Ears x HBB Punch	in-ear/Kiwi Ears x HBB Punch.csv	Jaytiss	711	in-ear	1
Kontinum Ulim	in-ear/Kontinum Ulim.csv	Jaytiss	711	in-ear	1
KZ EDC Pro	in-ear/KZ EDC Pro.csv	Jaytiss	711	in-ear	1
KZ Krila	in-ear/KZ Krila.csv	Jaytiss	711	in-ear	1
KZ PR3	in-ear/KZ PR3.csv	Jaytiss	711	in-ear	1
KZ PRX	in-ear/KZ PRX.csv	Jaytiss	711	in-ear	1
KZ Sonata (off-off-off-off)	in-ear/KZ Sonata (off-off-off-off).csv	Jaytiss	711	in-ear	1
KZ Sonata (off-off-on-on)	in-ear/KZ Sonata (off-off-on-on).csv	Jaytiss	711	in-ear	1
KZ Sonata (on-on-off-off)	in-ear/KZ Sonata (on-on-off-off).csv	Jaytiss	711	in-ear	1
KZ Sonata (on-on-on-on)	in-ear/KZ Sonata (on-on-on-on).csv	Jaytiss	711	in-ear	1
KZ Symphony	in-ear/KZ Symphony.csv	Jaytiss	711	in-ear	1
KZ Z10 Pro 2	in-ear/KZ Z10 Pro 2.csv	Jaytiss	711	in-ear	1
KZ ZA12 (off-off-off-off)	in-ear/KZ ZA12 (off-off-off-off) (Jaytiss).csv	Jaytiss	711	in-ear	1
KZ ZA12 (off-off-on-on)	in-ear/KZ ZA12 (off-off-on-on) (Jaytiss).csv	Jaytiss	711	in-ear	1
KZ ZA12 (on-on-off-off)	in-ear/KZ ZA12 (on-on-off-off) (Jaytiss).csv	Jaytiss	711	in-ear	1
KZ ZA12 (on-on-on-on)	in-ear/KZ ZA12 (on-on-on-on) (Jaytiss).csv	Jaytiss	711	in-ear	1
KZ Zenith (on-on-off-off)	in-ear/KZ Zenith (on-on-off-off).csv	Jaytiss	711	in-ear	1
KZ ZEX Pro	in-ear/KZ ZEX Pro (Jaytiss).csv	Jaytiss	711	in-ear	1
KZ ZEX	in-ear/KZ ZEX.csv	Jaytiss	711	in-ear	1
Lime Ears Incognita	in-ear/Lime Ears Incognita.csv	Jaytiss	711	in-ear	1
Lime Ears Maris	in-ear/Lime Ears Maris.csv	Jaytiss	711	in-ear	1
Lime Ears Terra	in-ear/Lime Ears Terra.csv	Jaytiss	711	in-ear	1
Mangird Tea	in-ear/Mangird Tea.csv	Jaytiss	711	in-ear	1
Meze Alba	in-ear/Meze Alba (Jaytiss).csv	Jaytiss	711	in-ear	1
MiM Audio Dark Magician	in-ear/MiM Audio Dark Magician (Jaytiss).csv	Jaytiss	711	in-ear	1
Moondrop Aria 2	in-ear/Moondrop Aria 2 (Jaytiss).csv	Jaytiss	711	in-ear	1
Moondrop Aria	in-ear/Moondrop Aria (Jaytiss).csv	Jaytiss	711	in-ear	1
Moondrop Blessing 3	in-ear/Moondrop Blessing 3 (Jaytiss).csv	Jaytiss	711	in-ear	1
Moondrop Concerto	in-ear/Moondrop Concerto.csv	Jaytiss	711	in-ear	1
Moondrop Darksaber	in-ear/Moondrop Darksaber.csv	Jaytiss	711	in-ear	1
Moondrop Harmon	in-ear/Moondrop Harmon.csv	Jaytiss	711	in-ear	1
Moondrop ILLUSTRIOUS	in-ear/Moondrop ILLUSTRIOUS.csv	Jaytiss	711	in-ear	1
Moondrop Kadenz	in-ear/Moondrop Kadenz.csv	Jaytiss	711	in-ear	1
Moondrop LAN	in-ear/Moondrop LAN.csv	Jaytiss	711	in-ear	1
Moondrop May	in-ear/Moondrop May.csv	Jaytiss	711	in-ear	1
Moondrop Meteor	in-ear/Moondrop Meteor.csv	Jaytiss	711	in-ear	1
Moondrop Starfield 2	in-ear/Moondrop Starfield 2.csv	Jaytiss	711	in-ear	1
Moondrop Stellaris	in-ear/Moondrop Stellaris.csv	Jaytiss	711	in-ear	1
Moondrop Variations	in-ear/Moondrop Variations (Jaytiss).csv	Jaytiss	711	in-ear	1
Moondrop x Crinacle Blessing2 Dusk	in-ear/Moondrop x Crinacle Blessing2 Dusk (Jaytiss).csv	Jaytiss	711	in-ear	1
Moondrop x Crinacle DUSK	in-ear/Moondrop x Crinacle DUSK.csv	Jaytiss	711	in-ear	1
Moritz Dragon	in-ear/Moritz Dragon (Jaytiss).csv	Jaytiss	711	in-ear	1
Moritz Paradise (off-off-off)	in-ear/Moritz Paradise (off-off-off).csv	Jaytiss	711	in-ear	1
Moritz Paradise (off-off-on)	in-ear/Moritz Paradise (off-off-on).csv	Jaytiss	711	in-ear	1
Moritz Paradise (off-on-off)	in-ear/Moritz Paradise (off-on-off).csv	Jaytiss	711	in-ear	1
Moritz Paradise (off-on-on)	in-ear/Moritz Paradise (off-on-on).csv	Jaytiss	711	in-ear	1
Moritz Paradise (on-off-off)	in-ear/Moritz Paradise (on-off-off).csv	Jaytiss	711	in-ear	1
Moritz Paradise (on-off-on)	in-ear/Moritz Paradise (on-off-on).csv	Jaytiss	711	in-ear	1
Moritz Paradise (on-on-off)	in-ear/Moritz Paradise (on-on-off).csv	Jaytiss	711	in-ear	1
Moritz Paradise (on-on-on)	in-ear/Moritz Paradise (on-on-on).csv	Jaytiss	711	in-ear	1
Moritz Paradise	in-ear/Moritz Paradise.csv	Jaytiss	711	in-ear	1
MYER-AUDIO CKLVX D62	in-ear/MYER-AUDIO CKLVX D62.csv	Jaytiss	711	in-ear	1
MYER-AUDIO CKLVX SLIIVO SLT6 (off-off)	in-ear/MYER-AUDIO CKLVX SLIIVO SLT6 (off-off).csv	Jaytiss	711	in-ear	1
MYER-AUDIO CKLVX SLIIVO SLT6 (off-on)	in-ear/MYER-AUDIO CKLVX SLIIVO SLT6 (off-on).csv	Jaytiss	711	in-ear	1
MYER-AUDIO CKLVX SLIIVO SLT6 (on-off)	in-ear/MYER-AUDIO CKLVX SLIIVO SLT6 (on-off).csv	Jaytiss	711	in-ear	1
MYER-AUDIO CKLVX SLIIVO SLT6 (on-on)	in-ear/MYER-AUDIO CKLVX SLIIVO SLT6 (on-on).csv	Jaytiss	711	in-ear	1
ND 001 Nano	in-ear/ND 001 Nano.csv	Jaytiss	711	in-ear	1
ND Planet	in-ear/ND Planet.csv	Jaytiss	711	in-ear	1
ND X12	in-ear/ND X12.csv	Jaytiss	711	in-ear	1
NF ACOUS NM20	in-ear/NF ACOUS NM20 (Jaytiss).csv	Jaytiss	711	in-ear	1
NF ACOUS RA05	in-ear/NF ACOUS RA05.csv	Jaytiss	711	in-ear	1
NF ACOUS RA15 (gold nozzle)	in-ear/NF ACOUS RA15 (gold nozzle).csv	Jaytiss	711	in-ear	1
NF ACOUS RA15 (silver nozzle)	in-ear/NF ACOUS RA15 (silver nozzle).csv	Jaytiss	711	in-ear	1
NF ACOUS RG15 x Assassin's Creed Mirage	in-ear/NF ACOUS RG15 x Assassin's Creed Mirage.csv	Jaytiss	711	in-ear	1
NF Audio NA2+	in-ear/NF Audio NA2+.csv	Jaytiss	711	in-ear	1
NF Audio NA20	in-ear/NF Audio NA20.csv	Jaytiss	711	in-ear	1
NiceHCK DB2	in-ear/NiceHCK DB2 (Jaytiss).csv	Jaytiss	711	in-ear	1
NiceHCK F1 Pro	in-ear/NiceHCK F1 Pro (Jaytiss).csv	Jaytiss	711	in-ear	1
NiceHCK NX8	in-ear/NiceHCK NX8 (Jaytiss).csv	Jaytiss	711	in-ear	1
Night Oblivion Butastur (on-off)	in-ear/Night Oblivion Butastur (on-off).csv	Jaytiss	711	in-ear	1
Nightjar Duality (switch back)	in-ear/Nightjar Duality (switch back).csv	Jaytiss	711	in-ear	1
Nightjar Duality	in-ear/Nightjar Duality.csv	Jaytiss	711	in-ear	1
Noble Audio Chronicle	in-ear/Noble Audio Chronicle.csv	Jaytiss	711	in-ear	1
Noble Audio Knight	in-ear/Noble Audio Knight.csv	Jaytiss	711	in-ear	1
Oriolus Isabellae	in-ear/Oriolus Isabellae.csv	Jaytiss	711	in-ear	1
Oriolus Monachaa	in-ear/Oriolus Monachaa.csv	Jaytiss	711	in-ear	1
Oriveti bleqk Lowmaster	in-ear/Oriveti bleqk Lowmaster.csv	Jaytiss	711	in-ear	1
Oriveti Dynabird	in-ear/Oriveti Dynabird.csv	Jaytiss	711	in-ear	1
Oriveti OD100	in-ear/Oriveti OD100.csv	Jaytiss	711	in-ear	1
Oriveti OD200	in-ear/Oriveti OD200.csv	Jaytiss	711	in-ear	1
Oriveti OH700VB (bass switch off)	in-ear/Oriveti OH700VB (bass switch off).csv	Jaytiss	711	in-ear	1
Oriveti OH700VB (bass switch on)	in-ear/Oriveti OH700VB (bass switch on).csv	Jaytiss	711	in-ear	1
Padsmith In Ear Monitors	in-ear/Padsmith In Ear Monitors.csv	Jaytiss	711	in-ear	1
Penon Fan 2	in-ear/Penon Fan 2 (Jaytiss).csv	Jaytiss	711	in-ear	1
Penon Serial	in-ear/Penon Serial (Jaytiss).csv	Jaytiss	711	in-ear	1
Penon Vortex	in-ear/Penon Vortex (Jaytiss).csv	Jaytiss	711	in-ear	1
Plunge Audio Unity IEM	in-ear/Plunge Audio Unity IEM.csv	Jaytiss	711	in-ear	1
PlusSound Sonora	in-ear/PlusSound Sonora (Jaytiss).csv	Jaytiss	711	in-ear	1
PlusSound Volta	in-ear/PlusSound Volta (Jaytiss).csv	Jaytiss	711	in-ear	1
Prisma Audio Azul	in-ear/Prisma Audio Azul.csv	Jaytiss	711	in-ear	1
PULA Anvil 114	in-ear/PULA Anvil 114.csv	Jaytiss	711	in-ear	1
PULA PA02	in-ear/PULA PA02 (Jaytiss).csv	Jaytiss	711	in-ear	1
Punch Audio Martilo	in-ear/Punch Audio Martilo.csv	Jaytiss	711	in-ear	1
Rhapsodio Return	in-ear/Rhapsodio Return.csv	Jaytiss	711	in-ear	1
Rose Technics Aurora Ultra	in-ear/Rose Technics Aurora Ultra.csv	Jaytiss	711	in-ear	1
Rose Technics QuietSea	in-ear/Rose Technics QuietSea (Jaytiss).csv	Jaytiss	711	in-ear	1
Rose Technics Star City 5	in-ear/Rose Technics Star City 5.csv	Jaytiss	711	in-ear	1
SeeAudio Bravery AE	in-ear/SeeAudio Bravery AE.csv	Jaytiss	711	in-ear	1
SeeAudio x Crinacle Yume Midnight	in-ear/SeeAudio x Crinacle Yume Midnight.csv	Jaytiss	711	in-ear	1
Sennheiser IE 200	in-ear/Sennheiser IE 200 (Jaytiss).csv	Jaytiss	711	in-ear	1
Sennheiser IE 600	in-ear/Sennheiser IE 600 (Jaytiss).csv	Jaytiss	711	in-ear	1
Shortbus Audio Fat Earth	in-ear/Shortbus Audio Fat Earth.csv	Jaytiss	711	in-ear	1
Shortbus Audio Glamdring	in-ear/Shortbus Audio Glamdring.csv	Jaytiss	711	in-ear	1
Shozy P20	in-ear/Shozy P20 (Jaytiss).csv	Jaytiss	711	in-ear	1
Shuoer Cadenza 12 2024	in-ear/Shuoer Cadenza 12 2024.csv	Jaytiss	711	in-ear	1
Shuoer Cadenza 4	in-ear/Shuoer Cadenza 4 (Jaytiss).csv	Jaytiss	711	in-ear	1
Shuoer Dx1	in-ear/Shuoer Dx1.csv	Jaytiss	711	in-ear	1
Shuoer EJ07	in-ear/Shuoer EJ07 (Jaytiss).csv	Jaytiss	711	in-ear	1
Shuoer Mystic 8	in-ear/Shuoer Mystic 8 (Jaytiss).csv	Jaytiss	711	in-ear	1
Shuoer S08	in-ear/Shuoer S08 (Jaytiss).csv	Jaytiss	711	in-ear	1
Shuoer S12 2024	in-ear/Shuoer S12 2024 (Jaytiss).csv	Jaytiss	711	in-ear	1
Shuoer S12 Pro	in-ear/Shuoer S12 Pro (Jaytiss).csv	Jaytiss	711	in-ear	1
Shuoer S15	in-ear/Shuoer S15 (Jaytiss).csv	Jaytiss	711	in-ear	1
Simgot Audio EA1000 (black nozzle)	in-ear/Simgot Audio EA1000 (black nozzle) (Jaytiss).csv	Jaytiss	711	in-ear	1
Simgot Audio EA1000 (gold nozzle)	in-ear/Simgot Audio EA1000 (gold nozzle) (Jaytiss).csv	Jaytiss	711	in-ear	1
Simgot Audio EA1000 (red nozzle)	in-ear/Simgot Audio EA1000 (red nozzle) (Jaytiss).csv	Jaytiss	711	in-ear	1
Simgot Audio EA500LM	in-ear/Simgot Audio EA500LM.csv	Jaytiss	711	in-ear	1
Simgot Audio EM10	in-ear/Simgot Audio EM10.csv	Jaytiss	711	in-ear	1
Simgot Audio EM6L	in-ear/Simgot Audio EM6L (Jaytiss).csv	Jaytiss	711	in-ear	1
Simgot Audio ET 142 (short black nozzle)	in-ear/Simgot Audio ET 142 (short black nozzle).csv	Jaytiss	711	in-ear	1
Simgot Audio ET142 (red circle nozzle)	in-ear/Simgot Audio ET142 (red circle nozzle) (Jaytiss).csv	Jaytiss	711	in-ear	1
Simgot Audio EW200	in-ear/Simgot Audio EW200 (Jaytiss).csv	Jaytiss	711	in-ear	1
Simgot Audio EW300 DSP	in-ear/Simgot Audio EW300 DSP.csv	Jaytiss	711	in-ear	1
Simgot Audio SuperMix 4	in-ear/Simgot Audio SuperMix 4 (Jaytiss).csv	Jaytiss	711	in-ear	1
Sivga Que	in-ear/Sivga Que.csv	Jaytiss	711	in-ear	1
SoftEars RS10	in-ear/SoftEars RS10.csv	Jaytiss	711	in-ear	1
SoftEars RSV	in-ear/SoftEars RSV.csv	Jaytiss	711	in-ear	1
SoftEars Studio 2	in-ear/SoftEars Studio 2.csv	Jaytiss	711	in-ear	1
SoftEars Studio 4	in-ear/SoftEars Studio 4 (Jaytiss).csv	Jaytiss	711	in-ear	1
SoftEars Twilight	in-ear/SoftEars Twilight (Jaytiss).csv	Jaytiss	711	in-ear	1
SoftEars Volume S	in-ear/SoftEars Volume S.csv	Jaytiss	711	in-ear	1
SoftEars Volume	in-ear/SoftEars Volume (Jaytiss).csv	Jaytiss	711	in-ear	1
Sony XBA-N3	in-ear/Sony XBA-N3.csv	Jaytiss	711	in-ear	1
SoundPeats Capsule3 Pro+	in-ear/SoundPeats Capsule3 Pro+.csv	Jaytiss	711	in-ear	1
SWEEAR SR11	in-ear/SWEEAR SR11.csv	Jaytiss	711	in-ear	1
Symphonium Audio Crimson	in-ear/Symphonium Audio Crimson.csv	Jaytiss	711	in-ear	1
Symphonium Audio Giant	in-ear/Symphonium Audio Giant.csv	Jaytiss	711	in-ear	1
Symphonium Audio Meteor	in-ear/Symphonium Audio Meteor (Jaytiss).csv	Jaytiss	711	in-ear	1
Symphonium Audio X Elise Audio Europa	in-ear/Symphonium Audio X Elise Audio Europa.csv	Jaytiss	711	in-ear	1
SymphonyEars Hexad	in-ear/SymphonyEars Hexad.csv	Jaytiss	711	in-ear	1
Tanchjim 4U (atmophere)	in-ear/Tanchjim 4U (atmophere).csv	Jaytiss	711	in-ear	1
Tanchjim 4U (monitoring)	in-ear/Tanchjim 4U (monitoring).csv	Jaytiss	711	in-ear	1
Tanchjim 4U (natural)	in-ear/Tanchjim 4U (natural).csv	Jaytiss	711	in-ear	1
Tanchjim 4U (pop)	in-ear/Tanchjim 4U (pop).csv	Jaytiss	711	in-ear	1
Tanchjim 4U	in-ear/Tanchjim 4U.csv	Jaytiss	711	in-ear	1
Tanchjim Bunny	in-ear/Tanchjim Bunny.csv	Jaytiss	711	in-ear	1
Tanchjim Fission Gold	in-ear/Tanchjim Fission Gold.csv	Jaytiss	711	in-ear	1
Tanchjim HANA 2021	in-ear/Tanchjim HANA 2021 (Jaytiss).csv	Jaytiss	711	in-ear	1
Tanchjim Kara	in-ear/Tanchjim Kara (Jaytiss).csv	Jaytiss	711	in-ear	1
Tanchjim Mino	in-ear/Tanchjim Mino.csv	Jaytiss	711	in-ear	1
Tanchjim Origin	in-ear/Tanchjim Origin.csv	Jaytiss	711	in-ear	1
TANGZU BaJie	in-ear/TANGZU BaJie.csv	Jaytiss	711	in-ear	1
TANGZU Wan'er 2	in-ear/TANGZU Wan'er 2.csv	Jaytiss	711	in-ear	1
TANGZU x HBB XuanNv	in-ear/TANGZU x HBB XuanNv.csv	Jaytiss	711	in-ear	1
TANGZU YuXuanJi	in-ear/TANGZU YuXuanJi.csv	Jaytiss	711	in-ear	1
TANGZU Zetian Wu	in-ear/TANGZU Zetian Wu (Jaytiss).csv	Jaytiss	711	in-ear	1
Technics EAH-TZ700	in-ear/Technics EAH-TZ700.csv	Jaytiss	711	in-ear	1
tekkusai Lucid	in-ear/tekkusai Lucid.csv	Jaytiss	711	in-ear	1
TFZ x Angelears Athena	in-ear/TFZ x Angelears Athena.csv	Jaytiss	711	in-ear	1
ThieAudio Hype 10	in-ear/ThieAudio Hype 10.csv	Jaytiss	711	in-ear	1
ThieAudio Hype 2	in-ear/ThieAudio Hype 2 (Jaytiss).csv	Jaytiss	711	in-ear	1
ThieAudio Hype 4	in-ear/ThieAudio Hype 4.csv	Jaytiss	711	in-ear	1
ThieAudio Monarch MKII	in-ear/ThieAudio Monarch MKII (Jaytiss).csv	Jaytiss	711	in-ear	1
ThieAudio Monarch MKIII	in-ear/ThieAudio Monarch MKIII (Jaytiss).csv	Jaytiss	711	in-ear	1
ThieAudio Oracle MKII	in-ear/ThieAudio Oracle MKII (Jaytiss).csv	Jaytiss	711	in-ear	1
ThieAudio Oracle	in-ear/ThieAudio Oracle.csv	Jaytiss	711	in-ear	1
ThieAudio Origin	in-ear/ThieAudio Origin.csv	Jaytiss	711	in-ear	1
ThieAudio Prestige LTD	in-ear/ThieAudio Prestige LTD (Jaytiss).csv	Jaytiss	711	in-ear	1
ThieAudio Valhalla	in-ear/ThieAudio Valhalla.csv	Jaytiss	711	in-ear	1
Tin HiFi DUDU	in-ear/Tin HiFi DUDU.csv	Jaytiss	711	in-ear	1
Tin HiFi P1 Max II	in-ear/Tin HiFi P1 Max II.csv	Jaytiss	711	in-ear	1
Tin HiFi T2 MKII	in-ear/Tin HiFi T2 MKII (Jaytiss).csv	Jaytiss	711	in-ear	1
Tin HiFi T4 Plus	in-ear/Tin HiFi T4 Plus (Jaytiss).csv	Jaytiss	711	in-ear	1
Tin HiFi T5S	in-ear/Tin HiFi T5S (Jaytiss).csv	Jaytiss	711	in-ear	1
Tipsy Dunmer Pro 4	in-ear/Tipsy Dunmer Pro 4.csv	Jaytiss	711	in-ear	1
Tipsy Spica 260	in-ear/Tipsy Spica 260.csv	Jaytiss	711	in-ear	1
TRI i3 MK3	in-ear/TRI i3 MK3.csv	Jaytiss	711	in-ear	1
Tripowin Kailua	in-ear/Tripowin Kailua (Jaytiss).csv	Jaytiss	711	in-ear	1
Tripowin Olina SE	in-ear/Tripowin Olina SE (Jaytiss).csv	Jaytiss	711	in-ear	1
TRN Medusa	in-ear/TRN Medusa.csv	Jaytiss	711	in-ear	1
Truthear Gate	in-ear/Truthear Gate (Jaytiss).csv	Jaytiss	711	in-ear	1
Truthear Hexa	in-ear/Truthear Hexa (Jaytiss).csv	Jaytiss	711	in-ear	1
Truthear Hola	in-ear/Truthear Hola (Jaytiss).csv	Jaytiss	711	in-ear	1
Truthear Nova	in-ear/Truthear Nova.csv	Jaytiss	711	in-ear	1
Truthear x Crinacle Zero Blue 2 (ohm adapter)	in-ear/Truthear x Crinacle Zero Blue 2 (ohm adapter).csv	Jaytiss	711	in-ear	1
Truthear x Crinacle Zero Blue 2	in-ear/Truthear x Crinacle Zero Blue 2.csv	Jaytiss	711	in-ear	1
Truthear x Crinacle Zero RED (Bass+)	in-ear/Truthear x Crinacle Zero RED (Bass+) (Jaytiss).csv	Jaytiss	711	in-ear	1
Truthear x Crinacle Zero RED	in-ear/Truthear x Crinacle Zero RED (Jaytiss).csv	Jaytiss	711	in-ear	1
TWISTURA Woodnote (instrumental nozzle)	in-ear/TWISTURA Woodnote (instrumental nozzle).csv	Jaytiss	711	in-ear	1
TWISTURA Woodnote (standard nozzle)	in-ear/TWISTURA Woodnote (standard nozzle).csv	Jaytiss	711	in-ear	1
TWISTURA Woodnote (vocal nozzle)	in-ear/TWISTURA Woodnote (vocal nozzle).csv	Jaytiss	711	in-ear	1
Unique Melody Jet Black	in-ear/Unique Melody Jet Black.csv	Jaytiss	711	in-ear	1
Unique Melody Stardust	in-ear/Unique Melody Stardust.csv	Jaytiss	711	in-ear	1
Vision Ears VE10	in-ear/Vision Ears VE10.csv	Jaytiss	711	in-ear	1
Xenns Mangird Tea Pro 2024	in-ear/Xenns Mangird Tea Pro 2024.csv	Jaytiss	711	in-ear	1
Xenns Mangird Tea2	in-ear/Xenns Mangird Tea2.csv	Jaytiss	711	in-ear	1
Xenns Mangird Top Pro	in-ear/Xenns Mangird Top Pro.csv	Jaytiss	711	in-ear	1
Xenns UP	in-ear/Xenns UP.csv	Jaytiss	711	in-ear	1
Yanyin Cannon II	in-ear/Yanyin Cannon II.csv	Jaytiss	711	in-ear	1
Yanyin Carmen	in-ear/Yanyin Carmen.csv	Jaytiss	711	in-ear	1
ZEMPIREAUDIO ZE51B	in-ear/ZEMPIREAUDIO ZE51B.csv	Jaytiss	711	in-ear	1
ZiiGaat Arcanis	in-ear/ZiiGaat Arcanis.csv	Jaytiss	711	in-ear	1
ZiiGaat Cincotres	in-ear/ZiiGaat Cincotres (Jaytiss).csv	Jaytiss	711	in-ear	1
ZiiGaat Cinno	in-ear/ZiiGaat Cinno (Jaytiss).csv	Jaytiss	711	in-ear	1
ZiiGaat Doscinco	in-ear/ZiiGaat Doscinco (Jaytiss).csv	Jaytiss	711	in-ear	1
ZiiGaat Luna	in-ear/ZiiGaat Luna.csv	Jaytiss	711	in-ear	1
ZiiGaat Lush	in-ear/ZiiGaat Lush.csv	Jaytiss	711	in-ear	1
ZiiGaat Nuo	in-ear/ZiiGaat Nuo (Jaytiss).csv	Jaytiss	711	in-ear	1
ZiiGaat Odyssey	in-ear/ZiiGaat Odyssey.csv	Jaytiss	711	in-ear	1
ZiiGaat x Fresh Reviews Arete	in-ear/ZiiGaat x Fresh Reviews Arete.csv	Jaytiss	711	in-ear	1
ZiiGaat x HBB Arcadia	in-ear/ZiiGaat x HBB Arcadia.csv	Jaytiss	711	in-ear	1
ZiiGaat x HBB Jupiter	in-ear/ZiiGaat x HBB Jupiter.csv	Jaytiss	711	in-ear	1
ZiiGaat x Jays Audio Estrella	in-ear/ZiiGaat x Jays Audio Estrella.csv	Jaytiss	711	in-ear	1
Nintendo Switch stock earbuds	earbud/Nintendo Switch stock earbuds.csv	Kazi	711	earbud	1
64 Audio Duo	in-ear/64 Audio Duo.csv	Kazi	711	in-ear	1
64 Audio Tia Trio	in-ear/64 Audio Tia Trio (Kazi).csv	Kazi	711	in-ear	1
64 Audio U12t	in-ear/64 Audio U12t.csv	Kazi	711	in-ear	1
ACEFAST Crystal T8	in-ear/ACEFAST Crystal T8.csv	Kazi	711	in-ear	1
AFUL Acoustics MagicOne	in-ear/AFUL Acoustics MagicOne (Kazi).csv	Kazi	711	in-ear	1
Astrotec Archimedes	in-ear/Astrotec Archimedes.csv	Kazi	711	in-ear	1
AüR Audio Aure	in-ear/AüR Audio Aure (Kazi).csv	Kazi	711	in-ear	1
BASN MTPro	in-ear/BASN MTPro (Kazi).csv	Kazi	711	in-ear	1
Beats Studio Buds +	in-ear/Beats Studio Buds + (Kazi).csv	Kazi	711	in-ear	1
Beyerdynamic Xelento Wireless	in-ear/Beyerdynamic Xelento Wireless.csv	Kazi	711	in-ear	1
BLON x HBB Z300	in-ear/BLON x HBB Z300 (Kazi).csv	Kazi	711	in-ear	1
BQEYZ Frost	in-ear/BQEYZ Frost (Kazi).csv	Kazi	711	in-ear	1
Campfire Audio Alien Brain	in-ear/Campfire Audio Alien Brain (Kazi).csv	Kazi	711	in-ear	1
Campfire Audio Bonneville	in-ear/Campfire Audio Bonneville (Kazi).csv	Kazi	711	in-ear	1
Campfire Audio Holocene	in-ear/Campfire Audio Holocene.csv	Kazi	711	in-ear	1
Campfire Audio Honeydew	in-ear/Campfire Audio Honeydew.csv	Kazi	711	in-ear	1
Campfire Audio Supermoon	in-ear/Campfire Audio Supermoon.csv	Kazi	711	in-ear	1
Creative Aurvana Ace 2	in-ear/Creative Aurvana Ace 2.csv	Kazi	711	in-ear	1
Dita Audio Project M	in-ear/Dita Audio Project M (Kazi).csv	Kazi	711	in-ear	1
DUNU DaVinci	in-ear/DUNU DaVinci.csv	Kazi	711	in-ear	1
DUNU Kima	in-ear/DUNU Kima (Kazi).csv	Kazi	711	in-ear	1
DUNU SA6 EST	in-ear/DUNU SA6 EST.csv	Kazi	711	in-ear	1
DUNU Talos	in-ear/DUNU Talos (Kazi).csv	Kazi	711	in-ear	1
DUNU Zen Pro	in-ear/DUNU Zen Pro.csv	Kazi	711	in-ear	1
DUNU Zen	in-ear/DUNU Zen.csv	Kazi	711	in-ear	1
Effect Audio x Elysian Gaea	in-ear/Effect Audio x Elysian Gaea.csv	Kazi	711	in-ear	1
Empire Ears Odyssey	in-ear/Empire Ears Odyssey.csv	Kazi	711	in-ear	1
Fatfreq Scarlet Mini	in-ear/Fatfreq Scarlet Mini (Kazi).csv	Kazi	711	in-ear	1
FiiO FD7	in-ear/FiiO FD7.csv	Kazi	711	in-ear	1
FiiO x JadeAudio JD3	in-ear/FiiO x JadeAudio JD3.csv	Kazi	711	in-ear	1
Final Audio A8000	in-ear/Final Audio A8000 (Kazi).csv	Kazi	711	in-ear	1
Final Audio E1000	in-ear/Final Audio E1000 (Kazi).csv	Kazi	711	in-ear	1
Final Audio E3000	in-ear/Final Audio E3000 (Kazi).csv	Kazi	711	in-ear	1
Final Audio E500	in-ear/Final Audio E500.csv	Kazi	711	in-ear	1
Final Audio E5000	in-ear/Final Audio E5000 (Kazi).csv	Kazi	711	in-ear	1
Final Audio VR2000	in-ear/Final Audio VR2000.csv	Kazi	711	in-ear	1
Final Audio VR3000	in-ear/Final Audio VR3000.csv	Kazi	711	in-ear	1
Final Audio ZE3000	in-ear/Final Audio ZE3000 (Kazi).csv	Kazi	711	in-ear	1
Final Audio ZE8000	in-ear/Final Audio ZE8000.csv	Kazi	711	in-ear	1
Fir Audio Radon 6	in-ear/Fir Audio Radon 6 (Kazi).csv	Kazi	711	in-ear	1
FlipEars Aether	in-ear/FlipEars Aether.csv	Kazi	711	in-ear	1
HarmonicDyne Devil	in-ear/HarmonicDyne Devil.csv	Kazi	711	in-ear	1
Hidizs MK12 (gold nozzle)	in-ear/Hidizs MK12 (gold nozzle).csv	Kazi	711	in-ear	1
Hidizs MK12 (red nozzle)	in-ear/Hidizs MK12 (red nozzle).csv	Kazi	711	in-ear	1
Hidizs MK12 (silver nozzle)	in-ear/Hidizs MK12 (silver nozzle).csv	Kazi	711	in-ear	1
Hidizs MP143	in-ear/Hidizs MP143.csv	Kazi	711	in-ear	1
Hidizs MP145	in-ear/Hidizs MP145.csv	Kazi	711	in-ear	1
Hidizs MS5 (rosegold nozzle)	in-ear/Hidizs MS5 (rosegold nozzle) (Kazi).csv	Kazi	711	in-ear	1
HIFIMAN Svanar	in-ear/HIFIMAN Svanar.csv	Kazi	711	in-ear	1
Hisenior Okavango (off-off)	in-ear/Hisenior Okavango (off-off).csv	Kazi	711	in-ear	1
Hisenior Okavango (off-on)	in-ear/Hisenior Okavango (off-on).csv	Kazi	711	in-ear	1
Hisenior Okavango (on-off)	in-ear/Hisenior Okavango (on-off).csv	Kazi	711	in-ear	1
Hisenior Okavango (on-on)	in-ear/Hisenior Okavango (on-on).csv	Kazi	711	in-ear	1
iBasso IT07	in-ear/iBasso IT07.csv	Kazi	711	in-ear	1
IMR Acoustics Na-Le	in-ear/IMR Acoustics Na-Le.csv	Kazi	711	in-ear	1
InEar ProPhile-8	in-ear/InEar ProPhile-8.csv	Kazi	711	in-ear	1
Intime Miyabi	in-ear/Intime Miyabi.csv	Kazi	711	in-ear	1
Intime Sho DD	in-ear/Intime Sho DD.csv	Kazi	711	in-ear	1
Intime Shu-Mai	in-ear/Intime Shu-Mai.csv	Kazi	711	in-ear	1
Intime Yo	in-ear/Intime Yo.csv	Kazi	711	in-ear	1
IO Audio Volare	in-ear/IO Audio Volare (Kazi).csv	Kazi	711	in-ear	1
JBL Tour Pro 2	in-ear/JBL Tour Pro 2.csv	Kazi	711	in-ear	1
JVC HA-FDX1	in-ear/JVC HA-FDX1 (Kazi).csv	Kazi	711	in-ear	1
JVC HA-FW1000T	in-ear/JVC HA-FW1000T.csv	Kazi	711	in-ear	1
JVC HA-FW1800	in-ear/JVC HA-FW1800.csv	Kazi	711	in-ear	1
KBEAR Storm	in-ear/KBEAR Storm.csv	Kazi	711	in-ear	1
Kinera Celest Phoenixcall	in-ear/Kinera Celest Phoenixcall (Kazi).csv	Kazi	711	in-ear	1
Kinera Celest Wyvern	in-ear/Kinera Celest Wyvern (Kazi).csv	Kazi	711	in-ear	1
Kinera Tyr	in-ear/Kinera Tyr.csv	Kazi	711	in-ear	1
Kinera Verdandi	in-ear/Kinera Verdandi (Kazi).csv	Kazi	711	in-ear	1
Kiwi Ears Aether	in-ear/Kiwi Ears Aether (Kazi).csv	Kazi	711	in-ear	1
Kiwi Ears KE4	in-ear/Kiwi Ears KE4 (Kazi).csv	Kazi	711	in-ear	1
Kiwi Ears Melody	in-ear/Kiwi Ears Melody (Kazi).csv	Kazi	711	in-ear	1
Kiwi Ears Orchestra Lite	in-ear/Kiwi Ears Orchestra Lite (Kazi).csv	Kazi	711	in-ear	1
Kiwi Ears Quintet	in-ear/Kiwi Ears Quintet (Kazi).csv	Kazi	711	in-ear	1
Meze Alba	in-ear/Meze Alba (Kazi).csv	Kazi	711	in-ear	1
Moondrop Chu 2	in-ear/Moondrop Chu 2 (Kazi).csv	Kazi	711	in-ear	1
Moondrop Crescent	in-ear/Moondrop Crescent.csv	Kazi	711	in-ear	1
Moondrop Jiu	in-ear/Moondrop Jiu (Kazi).csv	Kazi	711	in-ear	1
Moondrop Space Travel	in-ear/Moondrop Space Travel (Kazi).csv	Kazi	711	in-ear	1
Moondrop Starfield 2 (gray foam dampers)	in-ear/Moondrop Starfield 2 (gray foam dampers).csv	Kazi	711	in-ear	1
Moondrop Starfield 2 (tuning mesh 500)	in-ear/Moondrop Starfield 2 (tuning mesh 500).csv	Kazi	711	in-ear	1
MYER-AUDIO CKLVX D62	in-ear/MYER-AUDIO CKLVX D62 (Kazi).csv	Kazi	711	in-ear	1
NF ACOUS NA2+	in-ear/NF ACOUS NA2+ (Kazi).csv	Kazi	711	in-ear	1
NF ACOUS NM2	in-ear/NF ACOUS NM2 (Kazi).csv	Kazi	711	in-ear	1
NiceHCK F1 Pro	in-ear/NiceHCK F1 Pro (Kazi).csv	Kazi	711	in-ear	1
Queen of Audio Mimosa	in-ear/Queen of Audio Mimosa.csv	Kazi	711	in-ear	1
Radius HP-NHR11	in-ear/Radius HP-NHR11 (Kazi).csv	Kazi	711	in-ear	1
Samsung Galaxy Buds2	in-ear/Samsung Galaxy Buds2.csv	Kazi	711	in-ear	1
Sennheiser IE 200 (long nozzle)	in-ear/Sennheiser IE 200 (long nozzle) (Kazi).csv	Kazi	711	in-ear	1
Sennheiser IE 200 (short nozzle)	in-ear/Sennheiser IE 200 (short nozzle) (Kazi).csv	Kazi	711	in-ear	1
Sennheiser IE 300	in-ear/Sennheiser IE 300 (Kazi).csv	Kazi	711	in-ear	1
Sennheiser IE 600	in-ear/Sennheiser IE 600 (Kazi).csv	Kazi	711	in-ear	1
Sennheiser IE 900	in-ear/Sennheiser IE 900 (Kazi).csv	Kazi	711	in-ear	1
Shuoer Dx1	in-ear/Shuoer Dx1 (Kazi).csv	Kazi	711	in-ear	1
Shuoer EJ07M Kinda Lava Edition	in-ear/Shuoer EJ07M Kinda Lava Edition (Kazi).csv	Kazi	711	in-ear	1
Shuoer Mystic 8	in-ear/Shuoer Mystic 8 (Kazi).csv	Kazi	711	in-ear	1
Shuoer S12 Pro	in-ear/Shuoer S12 Pro (Kazi).csv	Kazi	711	in-ear	1
Simgot Audio EA1000 (black nozzle)	in-ear/Simgot Audio EA1000 (black nozzle) (Kazi).csv	Kazi	711	in-ear	1
Simgot Audio EA1000 (gold nozzle)	in-ear/Simgot Audio EA1000 (gold nozzle) (Kazi).csv	Kazi	711	in-ear	1
Simgot Audio EA1000 (red nozzle)	in-ear/Simgot Audio EA1000 (red nozzle) (Kazi).csv	Kazi	711	in-ear	1
Simgot Audio EA500 (black nozzle)	in-ear/Simgot Audio EA500 (black nozzle) (Kazi).csv	Kazi	711	in-ear	1
Simgot Audio EA500 (red nozzle)	in-ear/Simgot Audio EA500 (red nozzle) (Kazi).csv	Kazi	711	in-ear	1
Simgot Audio EA500LM (black nozzle)	in-ear/Simgot Audio EA500LM (black nozzle) (Kazi).csv	Kazi	711	in-ear	1
Simgot Audio EA500LM (gold nozzle)	in-ear/Simgot Audio EA500LM (gold nozzle) (Kazi).csv	Kazi	711	in-ear	1
Simgot Audio EA500LM (red nozzle)	in-ear/Simgot Audio EA500LM (red nozzle) (Kazi).csv	Kazi	711	in-ear	1
Simgot Audio EM10	in-ear/Simgot Audio EM10 (Kazi).csv	Kazi	711	in-ear	1
Simgot Audio EM6L	in-ear/Simgot Audio EM6L (Kazi).csv	Kazi	711	in-ear	1
Simgot Audio EN1000 (black plug)	in-ear/Simgot Audio EN1000 (black plug).csv	Kazi	711	in-ear	1
Simgot Audio EN1000 (blue plug)	in-ear/Simgot Audio EN1000 (blue plug).csv	Kazi	711	in-ear	1
Simgot Audio EN1000 (red plug)	in-ear/Simgot Audio EN1000 (red plug).csv	Kazi	711	in-ear	1
Simgot Audio ET142 (black circle nozzle)	in-ear/Simgot Audio ET142 (black circle nozzle) (Kazi).csv	Kazi	711	in-ear	1
Simgot Audio ET142 (blazed titanium transparent nozzle)	in-ear/Simgot Audio ET142 (blazed titanium transparent nozzle) (Kazi).csv	Kazi	711	in-ear	1
Simgot Audio ET142 (red circle nozzle)	in-ear/Simgot Audio ET142 (red circle nozzle) (Kazi).csv	Kazi	711	in-ear	1
Simgot Audio EW100	in-ear/Simgot Audio EW100.csv	Kazi	711	in-ear	1
Simgot Audio EW100P	in-ear/Simgot Audio EW100P (Kazi).csv	Kazi	711	in-ear	1
Simgot Audio EW200	in-ear/Simgot Audio EW200 (Kazi).csv	Kazi	711	in-ear	1
Simgot Audio EW300 DSP	in-ear/Simgot Audio EW300 DSP (Kazi).csv	Kazi	711	in-ear	1
Simgot Audio EW300	in-ear/Simgot Audio EW300.csv	Kazi	711	in-ear	1
Simgot Audio SuperMix 4	in-ear/Simgot Audio SuperMix 4 (Kazi).csv	Kazi	711	in-ear	1
SoftEars Turii Ti	in-ear/SoftEars Turii Ti.csv	Kazi	711	in-ear	1
SoftEars Turii	in-ear/SoftEars Turii.csv	Kazi	711	in-ear	1
Sony WF-1000XM5	in-ear/Sony WF-1000XM5 (Kazi).csv	Kazi	711	in-ear	1
Sony WF-C500	in-ear/Sony WF-C500.csv	Kazi	711	in-ear	1
Sony WI-C100	in-ear/Sony WI-C100.csv	Kazi	711	in-ear	1
SoundPeats Air5 Pro	in-ear/SoundPeats Air5 Pro.csv	Kazi	711	in-ear	1
SoundPeats Capsule 3 Pro	in-ear/SoundPeats Capsule 3 Pro (Kazi).csv	Kazi	711	in-ear	1
SoundPeats Engine 4	in-ear/SoundPeats Engine 4 (Kazi).csv	Kazi	711	in-ear	1
SoundPeats Opera05	in-ear/SoundPeats Opera05.csv	Kazi	711	in-ear	1
Symphonium Audio Crimson	in-ear/Symphonium Audio Crimson (Kazi).csv	Kazi	711	in-ear	1
TANGZU Wan'er S.G	in-ear/TANGZU Wan'er S.G (Kazi).csv	Kazi	711	in-ear	1
ThieAudio Hype 2	in-ear/ThieAudio Hype 2 (Kazi).csv	Kazi	711	in-ear	1
Tin HiFi T4 Plus	in-ear/Tin HiFi T4 Plus (Kazi).csv	Kazi	711	in-ear	1
Tripowin Piccolo	in-ear/Tripowin Piccolo (Kazi).csv	Kazi	711	in-ear	1
Truthear Nova	in-ear/Truthear Nova (Kazi).csv	Kazi	711	in-ear	1
Truthear x Crinacle Zero Blue 2	in-ear/Truthear x Crinacle Zero Blue 2 (Kazi).csv	Kazi	711	in-ear	1
Truthear x Crinacle Zero RED	in-ear/Truthear x Crinacle Zero RED (Kazi).csv	Kazi	711	in-ear	1
TXN Audio Dest Ti	in-ear/TXN Audio Dest Ti.csv	Kazi	711	in-ear	1
Unique Melody MEST Mk2	in-ear/Unique Melody MEST Mk2 (Kazi).csv	Kazi	711	in-ear	1
Unique Melody MEST mk3	in-ear/Unique Melody MEST mk3.csv	Kazi	711	in-ear	1
Venture Electronics Grand Duke	in-ear/Venture Electronics Grand Duke.csv	Kazi	711	in-ear	1
Vision Ears EXT MK II	in-ear/Vision Ears EXT MK II.csv	Kazi	711	in-ear	1
FiiO FF1	earbud/FiiO FF1.csv	kr0mka	KB501x + 711	earbud	1
Moondrop U-2	earbud/Moondrop U-2.csv	kr0mka	KB501x + 711	earbud	1
QianYun Qian39	earbud/QianYun Qian39.csv	kr0mka	KB501x + 711	earbud	1
Simgot Audio FLD100	earbud/Simgot Audio FLD100.csv	kr0mka	KB501x + 711	earbud	1
Yincrow X6	earbud/Yincrow X6 (kr0mka).csv	kr0mka	KB501x + 711	earbud	1
7Hz Salnotes Dioko Spring	in-ear/7Hz Salnotes Dioko Spring.csv	kr0mka	711	in-ear	1
7Hz Salnotes Dioko	in-ear/7Hz Salnotes Dioko (kr0mka).csv	kr0mka	711	in-ear	1
7Hz Timeless	in-ear/7Hz Timeless (kr0mka).csv	kr0mka	711	in-ear	1
AFUL Performer 8	in-ear/AFUL Performer 8 (kr0mka).csv	kr0mka	711	in-ear	1
Audiosense DT200	in-ear/Audiosense DT200 (kr0mka).csv	kr0mka	711	in-ear	1
Behringer SD251-BT	in-ear/Behringer SD251-BT.csv	kr0mka	711	in-ear	1
CCA C16	in-ear/CCA C16.csv	kr0mka	711	in-ear	1
CCA CRA	in-ear/CCA CRA (kr0mka).csv	kr0mka	711	in-ear	1
Fatfreq Scarlet Mini	in-ear/Fatfreq Scarlet Mini (kr0mka).csv	kr0mka	711	in-ear	1
Final Audio E1000	in-ear/Final Audio E1000 (kr0mka).csv	kr0mka	711	in-ear	1
Fonge X2 Pro	in-ear/Fonge X2 Pro.csv	kr0mka	711	in-ear	1
GK G1	in-ear/GK G1.csv	kr0mka	711	in-ear	1
Huawei Freebuds 5i (ANC off)	in-ear/Huawei Freebuds 5i (ANC off).csv	kr0mka	711	in-ear	1
Huawei Freebuds 5i (ANC off, awareness)	in-ear/Huawei Freebuds 5i (ANC off, awareness).csv	kr0mka	711	in-ear	1
Huawei Freebuds 5i (ANC off, bass boost)	in-ear/Huawei Freebuds 5i (ANC off, bass boost).csv	kr0mka	711	in-ear	1
Huawei Freebuds 5i (ANC off, treble boost)	in-ear/Huawei Freebuds 5i (ANC off, treble boost).csv	kr0mka	711	in-ear	1
Huawei Freebuds 5i (ANC on)	in-ear/Huawei Freebuds 5i (ANC on).csv	kr0mka	711	in-ear	1
Huawei Freebuds 5i (ANC on, bass boost)	in-ear/Huawei Freebuds 5i (ANC on, bass boost).csv	kr0mka	711	in-ear	1
Huawei Freebuds 5i (ANC on, treble boost)	in-ear/Huawei Freebuds 5i (ANC on, treble boost).csv	kr0mka	711	in-ear	1
JBL Tune 110	in-ear/JBL Tune 110.csv	kr0mka	711	in-ear	1
JCally AT1	in-ear/JCally AT1.csv	kr0mka	711	in-ear	1
JVC HA-FR15	in-ear/JVC HA-FR15.csv	kr0mka	711	in-ear	1
Kiwi Ears Forteza	in-ear/Kiwi Ears Forteza (kr0mka).csv	kr0mka	711	in-ear	1
KZ x Crinacle CRN	in-ear/KZ x Crinacle CRN.csv	kr0mka	711	in-ear	1
KZ ZS10 Pro	in-ear/KZ ZS10 Pro (kr0mka).csv	kr0mka	711	in-ear	1
KZ ZS10	in-ear/KZ ZS10.csv	kr0mka	711	in-ear	1
KZ ZS5v1	in-ear/KZ ZS5v1.csv	kr0mka	711	in-ear	1
Moondrop Aria	in-ear/Moondrop Aria (kr0mka).csv	kr0mka	711	in-ear	1
Moondrop Chu	in-ear/Moondrop Chu (kr0mka).csv	kr0mka	711	in-ear	1
Moondrop Golden Ages (basshead)	in-ear/Moondrop Golden Ages (basshead).csv	kr0mka	711	in-ear	1
Moondrop Golden Ages (monitor eq)	in-ear/Moondrop Golden Ages (monitor eq) (kr0mka).csv	kr0mka	711	in-ear	1
Moondrop Golden Ages (monitor)	in-ear/Moondrop Golden Ages (monitor).csv	kr0mka	711	in-ear	1
Moondrop Golden Ages (reference)	in-ear/Moondrop Golden Ages (reference).csv	kr0mka	711	in-ear	1
Moondrop Golden Ages (secret)	in-ear/Moondrop Golden Ages (secret).csv	kr0mka	711	in-ear	1
Moondrop KXXS	in-ear/Moondrop KXXS.csv	kr0mka	711	in-ear	1
Moondrop LAN	in-ear/Moondrop LAN (kr0mka).csv	kr0mka	711	in-ear	1
Moondrop Space Travel (basshead mode)	in-ear/Moondrop Space Travel (basshead mode) (kr0mka).csv	kr0mka		in-ear	1
Moondrop Space Travel (monitor mode)	in-ear/Moondrop Space Travel (monitor mode) (kr0mka).csv	kr0mka		in-ear	1
Moondrop Space Travel (reference mode)	in-ear/Moondrop Space Travel (reference mode) (kr0mka).csv	kr0mka		in-ear	1
Moondrop x Crinacle Blessing2 Dusk	in-ear/Moondrop x Crinacle Blessing2 Dusk (kr0mka).csv	kr0mka	711	in-ear	1
Night Oblivion Butastur (off-off)	in-ear/Night Oblivion Butastur (off-off).csv	kr0mka	711	in-ear	1
Night Oblivion Butastur (off-on)	in-ear/Night Oblivion Butastur (off-on).csv	kr0mka	711	in-ear	1
Night Oblivion Butastur (on-off)	in-ear/Night Oblivion Butastur (on-off) (kr0mka).csv	kr0mka	711	in-ear	1
Night Oblivion Butastur (on-on)	in-ear/Night Oblivion Butastur (on-on).csv	kr0mka	711	in-ear	1
NuForce EDC3	in-ear/NuForce EDC3 (kr0mka).csv	kr0mka	711	in-ear	1
Panasonic RP-HJE125E	in-ear/Panasonic RP-HJE125E.csv	kr0mka	711	in-ear	1
Panasonic RP-HJE270E	in-ear/Panasonic RP-HJE270E.csv	kr0mka	711	in-ear	1
Philips TAE1105	in-ear/Philips TAE1105.csv	kr0mka	711	in-ear	1
Reecho Summer	in-ear/Reecho Summer.csv	kr0mka	711	in-ear	1
Samsung EO-IC100 Type-C	in-ear/Samsung EO-IC100 Type-C.csv	kr0mka	711	in-ear	1
Samsung Galaxy Buds Pro	in-ear/Samsung Galaxy Buds Pro (kr0mka).csv	kr0mka	711	in-ear	1
Shuoer Aoshida E20 (narrow bore eartips)	in-ear/Shuoer Aoshida E20 (narrow bore eartips).csv	kr0mka	711	in-ear	1
Shuoer Aoshida E20 (wide bore eartips)	in-ear/Shuoer Aoshida E20 (wide bore eartips).csv	kr0mka	711	in-ear	1
Shuoer Cadenza 12	in-ear/Shuoer Cadenza 12 (kr0mka).csv	kr0mka	711	in-ear	1
Shuoer EJ07M (CIEM)	in-ear/Shuoer EJ07M (CIEM).csv	kr0mka	711	in-ear	1
Shuoer EJ07M	in-ear/Shuoer EJ07M (kr0mka).csv	kr0mka	711	in-ear	1
Skullcandy Inkd 2.0	in-ear/Skullcandy Inkd 2.0.csv	kr0mka	711	in-ear	1
Sony MDR-EX15LP (BGVP W01 eartips)	in-ear/Sony MDR-EX15LP (BGVP W01 eartips).csv	kr0mka	711	in-ear	1
Sony MDR-EX15LP (Moondrop KXXS)	in-ear/Sony MDR-EX15LP (Moondrop KXXS).csv	kr0mka	711	in-ear	1
Sony MDR-EX15LP (SpinFit CP100 eartips)	in-ear/Sony MDR-EX15LP (SpinFit CP100 eartips).csv	kr0mka	711	in-ear	1
Sony MDR-EX15LP	in-ear/Sony MDR-EX15LP.csv	kr0mka	711	in-ear	1
Sony MDR-XB55AP	in-ear/Sony MDR-XB55AP.csv	kr0mka	711	in-ear	1
Sound Rhyme SR5	in-ear/Sound Rhyme SR5.csv	kr0mka	711	in-ear	1
SoundPeats Mini Pro HS (ANC off)	in-ear/SoundPeats Mini Pro HS (ANC off).csv	kr0mka	711	in-ear	1
SoundPeats Mini Pro HS (ANC on)	in-ear/SoundPeats Mini Pro HS (ANC on).csv	kr0mka	711	in-ear	1
Tanchjim Ola	in-ear/Tanchjim Ola (kr0mka).csv	kr0mka	711	in-ear	1
Tanchjim One DSP	in-ear/Tanchjim One DSP (kr0mka).csv	kr0mka	711	in-ear	1
Tanchjim Tanya DSP	in-ear/Tanchjim Tanya DSP.csv	kr0mka	711	in-ear	1
TCL SOCL300	in-ear/TCL SOCL300.csv	kr0mka	711	in-ear	1
ThieAudio Hype 4	in-ear/ThieAudio Hype 4 (kr0mka).csv	kr0mka	711	in-ear	1
TRN V20	in-ear/TRN V20.csv	kr0mka	711	in-ear	1
Tronsmart Apollo Bold (ANC off)	in-ear/Tronsmart Apollo Bold (ANC off).csv	kr0mka	711	in-ear	1
Tronsmart Apollo Bold (ANC off, classic)	in-ear/Tronsmart Apollo Bold (ANC off, classic).csv	kr0mka	711	in-ear	1
Tronsmart Apollo Bold (ANC off, jazz)	in-ear/Tronsmart Apollo Bold (ANC off, jazz).csv	kr0mka	711	in-ear	1
Tronsmart Apollo Bold (ANC off, pop)	in-ear/Tronsmart Apollo Bold (ANC off, pop).csv	kr0mka	711	in-ear	1
Tronsmart Apollo Bold (ANC off, rock)	in-ear/Tronsmart Apollo Bold (ANC off, rock).csv	kr0mka	711	in-ear	1
Tronsmart Apollo Bold (ANC on)	in-ear/Tronsmart Apollo Bold (ANC on).csv	kr0mka	711	in-ear	1
Tronsmart Apollo Bold (ANC on, classic)	in-ear/Tronsmart Apollo Bold (ANC on, classic).csv	kr0mka	711	in-ear	1
Tronsmart Apollo Bold (ANC on, jazz)	in-ear/Tronsmart Apollo Bold (ANC on, jazz).csv	kr0mka	711	in-ear	1
Tronsmart Apollo Bold (ANC on, pop)	in-ear/Tronsmart Apollo Bold (ANC on, pop).csv	kr0mka	711	in-ear	1
Tronsmart Apollo Bold (ANC on, rock)	in-ear/Tronsmart Apollo Bold (ANC on, rock).csv	kr0mka	711	in-ear	1
Tronsmart Onyx Free	in-ear/Tronsmart Onyx Free.csv	kr0mka	711	in-ear	1
Tronsmart Onyx Neo	in-ear/Tronsmart Onyx Neo.csv	kr0mka	711	in-ear	1
Truthear Hexa	in-ear/Truthear Hexa (kr0mka).csv	kr0mka	711	in-ear	1
Truthear Hola	in-ear/Truthear Hola (kr0mka).csv	kr0mka	711	in-ear	1
Truthear x Crinacle Zero	in-ear/Truthear x Crinacle Zero (kr0mka).csv	kr0mka	711	in-ear	1
Yinyoo ST7	in-ear/Yinyoo ST7.csv	kr0mka	711	in-ear	1
YU9 Audio U-556	in-ear/YU9 Audio U-556.csv	kr0mka	711	in-ear	1
Abyss Diana MR	over-ear/Abyss Diana MR.csv	kr0mka	KB501x + 711	over-ear	1
Audio-Technica ATH-AD500X	over-ear/Audio-Technica ATH-AD500X.csv	kr0mka	KB501x + 711	over-ear	1
Audio-Technica ATH-AWKT	over-ear/Audio-Technica ATH-AWKT.csv	kr0mka	KB501x + 711	over-ear	1
AUNE AR5000	over-ear/AUNE AR5000 (kr0mka).csv	kr0mka	KB501x + 711	over-ear	1
Dan Clark Audio E3	over-ear/Dan Clark Audio E3.csv	kr0mka	KB501x + 711	over-ear	1
FiiO FT5 (pleather earpads)	over-ear/FiiO FT5 (pleather earpads).csv	kr0mka	KB501x + 711	over-ear	1
FiiO FT5 (suede earpads)	over-ear/FiiO FT5 (suede earpads).csv	kr0mka	KB501x + 711	over-ear	1
Final Audio D7000	over-ear/Final Audio D7000.csv	kr0mka	KB501x + 711	over-ear	1
Focal Utopia 2022	over-ear/Focal Utopia 2022.csv	kr0mka	KB501x + 711	over-ear	1
Fostex T50RP 50th Anniversary	over-ear/Fostex T50RP 50th Anniversary.csv	kr0mka	KB501x + 711	over-ear	1
Fostex TH-X00 (ZMF Universe perforated lambskin earpads)	over-ear/Fostex TH-X00 (ZMF Universe perforated lambskin earpads).csv	kr0mka	KB501x + 711	over-ear	1
Fostex TH-X00 (ZMF Universe perforated suede earpads)	over-ear/Fostex TH-X00 (ZMF Universe perforated suede earpads).csv	kr0mka	KB501x + 711	over-ear	1
Fostex TH-X00	over-ear/Fostex TH-X00.csv	kr0mka	KB501x + 711	over-ear	1
Fostex TH616	over-ear/Fostex TH616.csv	kr0mka	KB501x + 711	over-ear	1
Fostex TH900mk2	over-ear/Fostex TH900mk2 (kr0mka).csv	kr0mka	KB501x + 711	over-ear	1
Gold Planar GL2000	over-ear/Gold Planar GL2000.csv	kr0mka	KB501x + 711	over-ear	1
Grado SR325x	over-ear/Grado SR325x (kr0mka).csv	kr0mka	KB501x + 711	over-ear	1
HEDD Heddphone 2	over-ear/HEDD Heddphone 2.csv	kr0mka	KB501x + 711	over-ear	1
HEDD HEDDphone	over-ear/HEDD HEDDphone (kr0mka).csv	kr0mka	KB501x + 711	over-ear	1
HIFIMAN Ananda (V1)	over-ear/HIFIMAN Ananda (V1).csv	kr0mka	KB501x + 711	over-ear	1
HIFIMAN Arya Organic	over-ear/HIFIMAN Arya Organic.csv	kr0mka	KB501x + 711	over-ear	1
HIFIMAN HE1000se (Dekoni fenestrated sheepskin earpads)	over-ear/HIFIMAN HE1000se (Dekoni fenestrated sheepskin earpads).csv	kr0mka	KB501x + 711	over-ear	1
JBL Tune 720BT (passive)	over-ear/JBL Tune 720BT (passive) (kr0mka).csv	kr0mka	KB501x + 711	over-ear	1
JBL Tune 720BT	over-ear/JBL Tune 720BT.csv	kr0mka	KB501x + 711	over-ear	1
Koss KPH30i (Grado G Cushion earpads)	over-ear/Koss KPH30i (Grado G Cushion earpads).csv	kr0mka	KB501x + 711	over-ear	1
Koss KPH30i	over-ear/Koss KPH30i.csv	kr0mka	KB501x + 711	over-ear	1
Koss KSC75	over-ear/Koss KSC75 (kr0mka).csv	kr0mka	KB501x + 711	over-ear	1
Marshall Major III	over-ear/Marshall Major III.csv	kr0mka	KB501x + 711	over-ear	1
Meze Empyrean (alcantara earpads)	over-ear/Meze Empyrean (alcantara earpads).csv	kr0mka	KB501x + 711	over-ear	1
Meze Empyrean 2	over-ear/Meze Empyrean 2.csv	kr0mka	KB501x + 711	over-ear	1
Microsoft Xbox Wireless Headset	over-ear/Microsoft Xbox Wireless Headset.csv	kr0mka	KB501x + 711	over-ear	1
Monoprice M1570	over-ear/Monoprice M1570.csv	kr0mka	KB501x + 711	over-ear	1
Moondrop Para (fenestrated PU earpads)	over-ear/Moondrop Para (fenestrated PU earpads).csv	kr0mka	KB501x + 711	over-ear	1
Moondrop Para (hybrid earpads)	over-ear/Moondrop Para (hybrid earpads).csv	kr0mka	KB501x + 711	over-ear	1
Moondrop Para (ZMF Auteur perforated lambskin earpads)	over-ear/Moondrop Para (ZMF Auteur perforated lambskin earpads).csv	kr0mka	KB501x + 711	over-ear	1
Moondrop Para (ZMF Eikon perforated suede earpads)	over-ear/Moondrop Para (ZMF Eikon perforated suede earpads).csv	kr0mka	KB501x + 711	over-ear	1
Moondrop Para (ZMF Universeperforated suede earpads)	over-ear/Moondrop Para (ZMF Universeperforated suede earpads).csv	kr0mka	KB501x + 711	over-ear	1
Moondrop Venus	over-ear/Moondrop Venus.csv	kr0mka	KB501x + 711	over-ear	1
Moondrop Void (Poyatu hybrid perforated fabric earpads)	over-ear/Moondrop Void (Poyatu hybrid perforated fabric earpads).csv	kr0mka	KB501x + 711	over-ear	1
Moondrop Void	over-ear/Moondrop Void.csv	kr0mka	KB501x + 711	over-ear	1
Mpow HC6	over-ear/Mpow HC6.csv	kr0mka	KB501x + 711	over-ear	1
Sennheiser HD 201	over-ear/Sennheiser HD 201 (kr0mka).csv	kr0mka	KB501x + 711	over-ear	1
Sennheiser HD 580 precision	over-ear/Sennheiser HD 580 precision.csv	kr0mka	KB501x + 711	over-ear	1
Sennheiser HD 800 S	over-ear/Sennheiser HD 800 S (kr0mka).csv	kr0mka	KB501x + 711	over-ear	1
Sennheiser HD490 Pro (mixing earpads)	over-ear/Sennheiser HD490 Pro (mixing earpads) (kr0mka).csv	kr0mka	KB501x + 711	over-ear	1
Sennheiser HD490 Pro (producing earpads)	over-ear/Sennheiser HD490 Pro (producing earpads) (kr0mka).csv	kr0mka	KB501x + 711	over-ear	1
Spirit Torino Centauri	over-ear/Spirit Torino Centauri.csv	kr0mka	KB501x + 711	over-ear	1
Spirit Torino Pulsar	over-ear/Spirit Torino Pulsar.csv	kr0mka	KB501x + 711	over-ear	1
Spirit Torino Superleggera	over-ear/Spirit Torino Superleggera.csv	kr0mka	KB501x + 711	over-ear	1
Ultrasone Signature Pure	over-ear/Ultrasone Signature Pure.csv	kr0mka	KB501x + 711	over-ear	1
Ultrasone Tribute 7	over-ear/Ultrasone Tribute 7.csv	kr0mka	KB501x + 711	over-ear	1
ZMF Atrium Closed (ZMF Caldera thin lambskin earpads)	over-ear/ZMF Atrium Closed (ZMF Caldera thin lambskin earpads).csv	kr0mka	KB501x + 711	over-ear	1
ZMF Auteur Classic (ZMF Auteur perforated lambskin earpads)	over-ear/ZMF Auteur Classic (ZMF Auteur perforated lambskin earpads).csv	kr0mka	KB501x + 711	over-ear	1
ZMF Auteur Classic (ZMF Eikon perforated suede earpads)	over-ear/ZMF Auteur Classic (ZMF Eikon perforated suede earpads).csv	kr0mka	KB501x + 711	over-ear	1
ZMF Auteur Classic (ZMF Universe perforated lambskin earpads)	over-ear/ZMF Auteur Classic (ZMF Universe perforated lambskin earpads).csv	kr0mka	KB501x + 711	over-ear	1
ZMF Auteur Classic (ZMF Universe perforated suede earpads)	over-ear/ZMF Auteur Classic (ZMF Universe perforated suede earpads).csv	kr0mka	KB501x + 711	over-ear	1
ZMF Bokeh S2 (suede earpads)	over-ear/ZMF Bokeh S2 (suede earpads).csv	kr0mka	KB501x + 711	over-ear	1
ZMF Bokeh S2 (thin hybrid earpads)	over-ear/ZMF Bokeh S2 (thin hybrid earpads).csv	kr0mka	KB501x + 711	over-ear	1
ZMF Bokeh S2 (thin protein earpads)	over-ear/ZMF Bokeh S2 (thin protein earpads).csv	kr0mka	KB501x + 711	over-ear	1
ZMF Bokeh	over-ear/ZMF Bokeh.csv	kr0mka	KB501x + 711	over-ear	1
ZMF Caldera (thin lambskin earpads)	over-ear/ZMF Caldera (thin lambskin earpads).csv	kr0mka	KB501x + 711	over-ear	1
Abyss AB1-266 Phi TC	over-ear/Abyss AB1-266 Phi TC.csv	Kuulokenurkka	KB501x + 711	over-ear	1
AKG K361	over-ear/AKG K361.csv	Kuulokenurkka	KB501x + 711	over-ear	1
AKG K712 PRO	over-ear/AKG K712 PRO.csv	Kuulokenurkka	KB501x + 711	over-ear	1
AKG N9 Hybrid (ANC on)	over-ear/AKG N9 Hybrid (ANC on).csv	Kuulokenurkka	KB501x + 711	over-ear	1
AKG N9 Hybrid (ANC on, studio preset)	over-ear/AKG N9 Hybrid (ANC on, studio preset).csv	Kuulokenurkka	KB501x + 711	over-ear	1
AKG N9 Hybrid (passive)	over-ear/AKG N9 Hybrid (passive).csv	Kuulokenurkka	KB501x + 711	over-ear	1
AKG N9 Hybrid	over-ear/AKG N9 Hybrid.csv	Kuulokenurkka	KB501x + 711	over-ear	1
Anker Soundcore Life Q30	over-ear/Anker Soundcore Life Q30.csv	Kuulokenurkka	KB501x + 711	over-ear	1
Audeze LCD-2 Classic	over-ear/Audeze LCD-2 Classic (Kuulokenurkka).csv	Kuulokenurkka	KB501x + 711	over-ear	1
Audeze LCD-R (bass boost)	over-ear/Audeze LCD-R (bass boost).csv	Kuulokenurkka	KB501x + 711	over-ear	1
Audeze LCD-R	over-ear/Audeze LCD-R.csv	Kuulokenurkka	KB501x + 711	over-ear	1
Audeze LCD-X	over-ear/Audeze LCD-X (Kuulokenurkka).csv	Kuulokenurkka	KB501x + 711	over-ear	1
Audeze Maxwell (Audeze preset)	over-ear/Audeze Maxwell (Audeze preset).csv	Kuulokenurkka	KB501x + 711	over-ear	1
Audeze Maxwell (bass boost preset)	over-ear/Audeze Maxwell (bass boost preset).csv	Kuulokenurkka	KB501x + 711	over-ear	1
Audeze Maxwell (competition preset)	over-ear/Audeze Maxwell (competition preset).csv	Kuulokenurkka	KB501x + 711	over-ear	1
Audeze Maxwell (footsteps preset)	over-ear/Audeze Maxwell (footsteps preset).csv	Kuulokenurkka	KB501x + 711	over-ear	1
Audeze Maxwell (immersive preset)	over-ear/Audeze Maxwell (immersive preset).csv	Kuulokenurkka	KB501x + 711	over-ear	1
Audeze Maxwell (review eq)	over-ear/Audeze Maxwell (review eq).csv	Kuulokenurkka	KB501x + 711	over-ear	1
Audeze Maxwell (treble boost preset)	over-ear/Audeze Maxwell (treble boost preset).csv	Kuulokenurkka	KB501x + 711	over-ear	1
Audeze MM-100	over-ear/Audeze MM-100.csv	Kuulokenurkka	KB501x + 711	over-ear	1
Audeze MM-500	over-ear/Audeze MM-500.csv	Kuulokenurkka	KB501x + 711	over-ear	1
Audio-Technica ATH-HL7BT	over-ear/Audio-Technica ATH-HL7BT.csv	Kuulokenurkka	KB501x + 711	over-ear	1
Audio-Technica ATH-M50x	over-ear/Audio-Technica ATH-M50x (Kuulokenurkka).csv	Kuulokenurkka	KB501x + 711	over-ear	1
Audio-Technica ATH-R70x	over-ear/Audio-Technica ATH-R70x (Kuulokenurkka).csv	Kuulokenurkka	KB501x + 711	over-ear	1
AUNE AR5000	over-ear/AUNE AR5000 (Kuulokenurkka).csv	Kuulokenurkka	KB501x + 711	over-ear	1
Austrian Audio Hi-X20	over-ear/Austrian Audio Hi-X20.csv	Kuulokenurkka	KB501x + 711	over-ear	1
Austrian Audio The Composer	over-ear/Austrian Audio The Composer.csv	Kuulokenurkka	KB501x + 711	over-ear	1
Beyerdynamic DT 700 Pro X	over-ear/Beyerdynamic DT 700 Pro X.csv	Kuulokenurkka	KB501x + 711	over-ear	1
Beyerdynamic DT 770 Pro (32 ohm Limited Edition, pleather earpads)	over-ear/Beyerdynamic DT 770 Pro (32 ohm Limited Edition, pleather earpads).csv	Kuulokenurkka	KB501x + 711	over-ear	1
Beyerdynamic DT 770 Pro (80 Ohm)	over-ear/Beyerdynamic DT 770 Pro (80 Ohm) (Kuulokenurkka).csv	Kuulokenurkka	KB501x + 711	over-ear	1
Beyerdynamic DT 900 Pro X	over-ear/Beyerdynamic DT 900 Pro X.csv	Kuulokenurkka	KB501x + 711	over-ear	1
Beyerdynamic DT770 Pro X Limited Edition	over-ear/Beyerdynamic DT770 Pro X Limited Edition.csv	Kuulokenurkka	KB501x + 711	over-ear	1
Bose QuietComfort SE (ANC on)	over-ear/Bose QuietComfort SE (ANC on).csv	Kuulokenurkka	KB501x + 711	over-ear	1
Bose QuietComfort SE (passive)	over-ear/Bose QuietComfort SE (passive).csv	Kuulokenurkka	KB501x + 711	over-ear	1
Bose QuietComfort Ultra (ANC on)	over-ear/Bose QuietComfort Ultra (ANC on) (Kuulokenurkka).csv	Kuulokenurkka	KB501x + 711	over-ear	1
Bowers & Wilkins Px7 S2	over-ear/Bowers & Wilkins Px7 S2.csv	Kuulokenurkka	KB501x + 711	over-ear	1
Bowers & Wilkins Px7 S2e (ANC off)	over-ear/Bowers & Wilkins Px7 S2e (ANC off).csv	Kuulokenurkka	KB501x + 711	over-ear	1
Bowers & Wilkins Px7 S2e (ANC on)	over-ear/Bowers & Wilkins Px7 S2e (ANC on).csv	Kuulokenurkka	KB501x + 711	over-ear	1
Bowers & Wilkins PX7 S3 (ANC off, position1)	over-ear/Bowers & Wilkins PX7 S3 (ANC off, position1).csv	Kuulokenurkka	KB501x + 711	over-ear	1
Bowers & Wilkins PX7 S3 (ANC on, position 1)	over-ear/Bowers & Wilkins PX7 S3 (ANC on, position 1).csv	Kuulokenurkka	KB501x + 711	over-ear	1
Bowers & Wilkins PX7 S3 (ANC on, position 2)	over-ear/Bowers & Wilkins PX7 S3 (ANC on, position 2).csv	Kuulokenurkka	KB501x + 711	over-ear	1
Bowers & Wilkins PX7 S3 (ANC on, position 3)	over-ear/Bowers & Wilkins PX7 S3 (ANC on, position 3).csv	Kuulokenurkka	KB501x + 711	over-ear	1
Bowers & Wilkins PX7 S3 (ANC on, position 4)	over-ear/Bowers & Wilkins PX7 S3 (ANC on, position 4).csv	Kuulokenurkka	KB501x + 711	over-ear	1
Cambridge Audio Melomania P100 (ANC off)	over-ear/Cambridge Audio Melomania P100 (ANC off).csv	Kuulokenurkka	KB501x + 711	over-ear	1
Dan Clark Audio Stealth	over-ear/Dan Clark Audio Stealth.csv	Kuulokenurkka	KB501x + 711	over-ear	1
Defunc Mondo Freestyle	over-ear/Defunc Mondo Freestyle.csv	Kuulokenurkka	KB501x + 711	over-ear	1
Denon AH-D5200	over-ear/Denon AH-D5200.csv	Kuulokenurkka	KB501x + 711	over-ear	1
Denon AH-D9200	over-ear/Denon AH-D9200.csv	Kuulokenurkka	KB501x + 711	over-ear	1
Dyson OnTrac (ANC off, enhanced)	over-ear/Dyson OnTrac (ANC off, enhanced).csv	Kuulokenurkka	KB501x + 711	over-ear	1
Dyson OnTrac (ANC off, neutral)	over-ear/Dyson OnTrac (ANC off, neutral).csv	Kuulokenurkka	KB501x + 711	over-ear	1
Dyson OnTrac (bass boost)	over-ear/Dyson OnTrac (bass boost).csv	Kuulokenurkka	KB501x + 711	over-ear	1
Dyson OnTrac (enhanced)	over-ear/Dyson OnTrac (enhanced).csv	Kuulokenurkka	KB501x + 711	over-ear	1
Dyson OnTrac (neutral)	over-ear/Dyson OnTrac (neutral).csv	Kuulokenurkka	KB501x + 711	over-ear	1
Edifier W820NB (ANC off)	over-ear/Edifier W820NB (ANC off).csv	Kuulokenurkka	KB501x + 711	over-ear	1
Edifier W820NB (ANC on)	over-ear/Edifier W820NB (ANC on) (Kuulokenurkka).csv	Kuulokenurkka	KB501x + 711	over-ear	1
Edifier WH950NB (ANC on, classic mode)	over-ear/Edifier WH950NB (ANC on, classic mode).csv	Kuulokenurkka	KB501x + 711	over-ear	1
Edifier WH950NB (ANC on, dynamic mode)	over-ear/Edifier WH950NB (ANC on, dynamic mode).csv	Kuulokenurkka	KB501x + 711	over-ear	1
Edifier WH950NB (passive)	over-ear/Edifier WH950NB (passive) (Kuulokenurkka).csv	Kuulokenurkka	KB501x + 711	over-ear	1
EPOS Sennheiser Game Zero	over-ear/EPOS Sennheiser Game Zero.csv	Kuulokenurkka	KB501x + 711	over-ear	1
FiiO FT1 Pro	over-ear/FiiO FT1 Pro.csv	Kuulokenurkka	KB501x + 711	over-ear	1
FiiO FT3 (pleather earpads)	over-ear/FiiO FT3 (pleather earpads).csv	Kuulokenurkka	KB501x + 711	over-ear	1
FiiO FT3 (suede earpads)	over-ear/FiiO FT3 (suede earpads).csv	Kuulokenurkka	KB501x + 711	over-ear	1
FiiO FT5 (pleather earpads)	over-ear/FiiO FT5 (pleather earpads) (Kuulokenurkka).csv	Kuulokenurkka	KB501x + 711	over-ear	1
FiiO FT5 (suede earpads)	over-ear/FiiO FT5 (suede earpads) (Kuulokenurkka).csv	Kuulokenurkka	KB501x + 711	over-ear	1
FiiO FT7 (fabric earpads)	over-ear/FiiO FT7 (fabric earpads).csv	Kuulokenurkka	KB501x + 711	over-ear	1
FiiO FT7 (leather earpads)	over-ear/FiiO FT7 (leather earpads).csv	Kuulokenurkka	KB501x + 711	over-ear	1
FiiO Snowsky Wind	over-ear/FiiO Snowsky Wind.csv	Kuulokenurkka	KB501x + 711	over-ear	1
Focal Azurys	over-ear/Focal Azurys.csv	Kuulokenurkka	KB501x + 711	over-ear	1
Focal Bathys MG (dynamic preset)	over-ear/Focal Bathys MG (dynamic preset).csv	Kuulokenurkka	KB501x + 711	over-ear	1
Focal Bathys MG	over-ear/Focal Bathys MG.csv	Kuulokenurkka	KB501x + 711	over-ear	1
Focal Clear Mg	over-ear/Focal Clear Mg.csv	Kuulokenurkka	KB501x + 711	over-ear	1
Focal Hadenys	over-ear/Focal Hadenys.csv	Kuulokenurkka	KB501x + 711	over-ear	1
Focal Utopia 2022	over-ear/Focal Utopia 2022 (Kuulokenurkka).csv	Kuulokenurkka	KB501x + 711	over-ear	1
Focal Utopia	over-ear/Focal Utopia (Kuulokenurkka).csv	Kuulokenurkka	KB501x + 711	over-ear	1
Fostex TH-X00 (purpleheart)	over-ear/Fostex TH-X00 (purpleheart).csv	Kuulokenurkka	KB501x + 711	over-ear	1
Grado SR125e	over-ear/Grado SR125e.csv	Kuulokenurkka	KB501x + 711	over-ear	1
Heavys H1H (AUX power off)	over-ear/Heavys H1H (AUX power off).csv	Kuulokenurkka	KB501x + 711	over-ear	1
Heavys H1H (Hell Blocker off)	over-ear/Heavys H1H (Hell Blocker off).csv	Kuulokenurkka	KB501x + 711	over-ear	1
Heavys H1H (Hell Blocker on)	over-ear/Heavys H1H (Hell Blocker on).csv	Kuulokenurkka	KB501x + 711	over-ear	1
HEDD Heddphone 2	over-ear/HEDD Heddphone 2 (Kuulokenurkka).csv	Kuulokenurkka	KB501x + 711	over-ear	1
HIFIMAN Ananda Nano	over-ear/HIFIMAN Ananda Nano.csv	Kuulokenurkka	KB501x + 711	over-ear	1
HIFIMAN Ananda	over-ear/HIFIMAN Ananda (Kuulokenurkka).csv	Kuulokenurkka	KB501x + 711	over-ear	1
HIFIMAN Arya Organic	over-ear/HIFIMAN Arya Organic (Kuulokenurkka).csv	Kuulokenurkka	KB501x + 711	over-ear	1
HIFIMAN Arya Unveiled	over-ear/HIFIMAN Arya Unveiled.csv	Kuulokenurkka	KB501x + 711	over-ear	1
HIFIMAN Deva Pro-wired	over-ear/HIFIMAN Deva Pro-wired.csv	Kuulokenurkka	KB501x + 711	over-ear	1
HIFIMAN Edition XS	over-ear/HIFIMAN Edition XS.csv	Kuulokenurkka	KB501x + 711	over-ear	1
HIFIMAN HE-6 (6-screw, HIFIMAN FocusPad earpads)	over-ear/HIFIMAN HE-6 (6-screw, HIFIMAN FocusPad earpads).csv	Kuulokenurkka	KB501x + 711	over-ear	1
HIFIMAN HE-6 (6-screw, pleather earpads)	over-ear/HIFIMAN HE-6 (6-screw, pleather earpads).csv	Kuulokenurkka	KB501x + 711	over-ear	1
HIFIMAN HE-R9	over-ear/HIFIMAN HE-R9 (Kuulokenurkka).csv	Kuulokenurkka	KB501x + 711	over-ear	1
HIFIMAN HE1000 Unveiled	over-ear/HIFIMAN HE1000 Unveiled.csv	Kuulokenurkka	KB501x + 711	over-ear	1
HIFIMAN HE1000se	over-ear/HIFIMAN HE1000se.csv	Kuulokenurkka	KB501x + 711	over-ear	1
HIFIMAN HE400se	over-ear/HIFIMAN HE400se (Kuulokenurkka).csv	Kuulokenurkka	KB501x + 711	over-ear	1
HIFIMAN Isvarna	over-ear/HIFIMAN Isvarna.csv	Kuulokenurkka	KB501x + 711	over-ear	1
HIFIMAN Sundara (post-2020 earpads)	over-ear/HIFIMAN Sundara (post-2020 earpads) (Kuulokenurkka).csv	Kuulokenurkka	KB501x + 711	over-ear	1
HIFIMAN Sundara Closed-Back	over-ear/HIFIMAN Sundara Closed-Back (Kuulokenurkka).csv	Kuulokenurkka	KB501x + 711	over-ear	1
HIFIMAN Sundara Silver	over-ear/HIFIMAN Sundara Silver.csv	Kuulokenurkka	KB501x + 711	over-ear	1
HIFIMAN Susvara Unveiled	over-ear/HIFIMAN Susvara Unveiled.csv	Kuulokenurkka	KB501x + 711	over-ear	1
HIFIMAN Susvara	over-ear/HIFIMAN Susvara.csv	Kuulokenurkka	KB501x + 711	over-ear	1
HyperX Cloud Alpha	over-ear/HyperX Cloud Alpha.csv	Kuulokenurkka	KB501x + 711	over-ear	1
JBL Tune 770NC (ANC on)	over-ear/JBL Tune 770NC (ANC on) (Kuulokenurkka).csv	Kuulokenurkka	KB501x + 711	over-ear	1
JBL Tune 770NC (passive)	over-ear/JBL Tune 770NC (passive) (Kuulokenurkka).csv	Kuulokenurkka	KB501x + 711	over-ear	1
Kaiku Tone (passive)	over-ear/Kaiku Tone (passive).csv	Kuulokenurkka	KB501x + 711	over-ear	1
Kaiku Tone (wireless)	over-ear/Kaiku Tone (wireless).csv	Kuulokenurkka	KB501x + 711	over-ear	1
Kaiku Tone	over-ear/Kaiku Tone.csv	Kuulokenurkka	KB501x + 711	over-ear	1
Kiwi Ears Aventus (ANC off, double foam)	over-ear/Kiwi Ears Aventus (ANC off, double foam).csv	Kuulokenurkka	KB501x + 711	over-ear	1
Kiwi Ears Aventus (ANC off, thick foam)	over-ear/Kiwi Ears Aventus (ANC off, thick foam).csv	Kuulokenurkka	KB501x + 711	over-ear	1
Kiwi Ears Aventus (ANC off, thin foam)	over-ear/Kiwi Ears Aventus (ANC off, thin foam).csv	Kuulokenurkka	KB501x + 711	over-ear	1
Kiwi Ears Aventus (ANC on, double foam)	over-ear/Kiwi Ears Aventus (ANC on, double foam).csv	Kuulokenurkka	KB501x + 711	over-ear	1
Kiwi Ears Aventus (ANC on, thick foam)	over-ear/Kiwi Ears Aventus (ANC on, thick foam).csv	Kuulokenurkka	KB501x + 711	over-ear	1
Kiwi Ears Aventus (ANC on, thin foam)	over-ear/Kiwi Ears Aventus (ANC on, thin foam).csv	Kuulokenurkka	KB501x + 711	over-ear	1
Kiwi Ears Aventus (passive, double foam)	over-ear/Kiwi Ears Aventus (passive, double foam).csv	Kuulokenurkka	KB501x + 711	over-ear	1
Kiwi Ears Aventus (passive, thick foam)	over-ear/Kiwi Ears Aventus (passive, thick foam).csv	Kuulokenurkka	KB501x + 711	over-ear	1
Kiwi Ears Aventus (passive, thin foam)	over-ear/Kiwi Ears Aventus (passive, thin foam).csv	Kuulokenurkka	KB501x + 711	over-ear	1
Koss Porta Pro (Yaxi earpads)	over-ear/Koss Porta Pro (Yaxi earpads) (Kuulokenurkka).csv	Kuulokenurkka	KB501x + 711	over-ear	1
Massdrop + Grell OAE1 Signature	over-ear/Massdrop + Grell OAE1 Signature.csv	Kuulokenurkka	KB501x + 711	over-ear	1
Meze 105 Aer	over-ear/Meze 105 Aer.csv	Kuulokenurkka	KB501x + 711	over-ear	1
Meze 109 Pro (ZMF Acoustic Titan Mesh)	over-ear/Meze 109 Pro (ZMF Acoustic Titan Mesh).csv	Kuulokenurkka	KB501x + 711	over-ear	1
Meze 109 Pro	over-ear/Meze 109 Pro.csv	Kuulokenurkka	KB501x + 711	over-ear	1
Meze 99 Classics	over-ear/Meze 99 Classics (Kuulokenurkka).csv	Kuulokenurkka	KB501x + 711	over-ear	1
Meze Elite (leather earpads)	over-ear/Meze Elite (leather earpads).csv	Kuulokenurkka	KB501x + 711	over-ear	1
Meze Empyrean (alcantara earpads)	over-ear/Meze Empyrean (alcantara earpads) (Kuulokenurkka).csv	Kuulokenurkka	KB501x + 711	over-ear	1
Meze Empyrean (leather earpads)	over-ear/Meze Empyrean (leather earpads).csv	Kuulokenurkka	KB501x + 711	over-ear	1
Meze Empyrean 2 (Duo earpads)	over-ear/Meze Empyrean 2 (Duo earpads).csv	Kuulokenurkka	KB501x + 711	over-ear	1
Meze Empyrean II (alcantara earpads)	over-ear/Meze Empyrean II (alcantara earpads).csv	Kuulokenurkka	KB501x + 711	over-ear	1
Meze Empyrean II (duo earpads)	over-ear/Meze Empyrean II (duo earpads).csv	Kuulokenurkka	KB501x + 711	over-ear	1
Meze Liric 2	over-ear/Meze Liric 2.csv	Kuulokenurkka	KB501x + 711	over-ear	1
Modhouse Audio Argon Mk3 (ZMF oval pleather earpads)	over-ear/Modhouse Audio Argon Mk3 (ZMF oval pleather earpads).csv	Kuulokenurkka	KB501x + 711	over-ear	1
Modhouse Audio T60RP Argon (Xenon suede earpads)	over-ear/Modhouse Audio T60RP Argon (Xenon suede earpads).csv	Kuulokenurkka	KB501x + 711	over-ear	1
Modhouse Audio T60RP Argon (Xenon suede earpads, baffle upgrade)	over-ear/Modhouse Audio T60RP Argon (Xenon suede earpads, baffle upgrade).csv	Kuulokenurkka	KB501x + 711	over-ear	1
Modhouse Audio Tungsten (hybrid earpads)	over-ear/Modhouse Audio Tungsten (hybrid earpads).csv	Kuulokenurkka	KB501x + 711	over-ear	1
Moondrop Joker	over-ear/Moondrop Joker (Kuulokenurkka).csv	Kuulokenurkka	KB501x + 711	over-ear	1
Moondrop Venus	over-ear/Moondrop Venus (Kuulokenurkka).csv	Kuulokenurkka	KB501x + 711	over-ear	1
Moondrop x Singer Edge (ANC off)	over-ear/Moondrop x Singer Edge (ANC off).csv	Kuulokenurkka	KB501x + 711	over-ear	1
Moondrop x Singer Edge (ANC on)	over-ear/Moondrop x Singer Edge (ANC on).csv	Kuulokenurkka	KB501x + 711	over-ear	1
Noble Audio Fokus Apollo (ANC off)	over-ear/Noble Audio Fokus Apollo (ANC off).csv	Kuulokenurkka	KB501x + 711	over-ear	1
Noble Audio Fokus Apollo (ANC on)	over-ear/Noble Audio Fokus Apollo (ANC on).csv	Kuulokenurkka	KB501x + 711	over-ear	1
Noble Audio Fokus Apollo (ANC on, review eq)	over-ear/Noble Audio Fokus Apollo (ANC on, review eq).csv	Kuulokenurkka	KB501x + 711	over-ear	1
Noble Audio Fokus Apollo (passive)	over-ear/Noble Audio Fokus Apollo (passive).csv	Kuulokenurkka	KB501x + 711	over-ear	1
Ollo Audio S5X	over-ear/Ollo Audio S5X.csv	Kuulokenurkka	KB501x + 711	over-ear	1
Palma DHS-1 (closed)	over-ear/Palma DHS-1 (closed).csv	Kuulokenurkka	KB501x + 711	over-ear	1
Palma DHS-1 (open)	over-ear/Palma DHS-1 (open).csv	Kuulokenurkka	KB501x + 711	over-ear	1
QUAD ERA-1 (angled leather earpads)	over-ear/QUAD ERA-1 (angled leather earpads).csv	Kuulokenurkka	KB501x + 711	over-ear	2
QUAD ERA-1 (hybrid earpads)	over-ear/QUAD ERA-1 (hybrid earpads).csv	Kuulokenurkka	KB501x + 711	over-ear	1
RAAL SR1a (ear contact, OBC off)	over-ear/RAAL SR1a (ear contact, OBC off).csv	Kuulokenurkka	KB501x + 711	over-ear	1
RAAL SR1a (ear contact, OBC on)	over-ear/RAAL SR1a (ear contact, OBC on).csv	Kuulokenurkka	KB501x + 711	over-ear	1
RAAL SR1a (no ear contact, OBC off)	over-ear/RAAL SR1a (no ear contact, OBC off).csv	Kuulokenurkka	KB501x + 711	over-ear	1
RAAL SR1a (no ear contact, OBC on)	over-ear/RAAL SR1a (no ear contact, OBC on).csv	Kuulokenurkka	KB501x + 711	over-ear	1
RØDE NTH-100 (front dampening removed)	over-ear/RØDE NTH-100 (front dampening removed).csv	Kuulokenurkka	KB501x + 711	over-ear	1
RØDE NTH-100	over-ear/RØDE NTH-100.csv	Kuulokenurkka	KB501x + 711	over-ear	1
Sash Tres 45	over-ear/Sash Tres 45.csv	Kuulokenurkka	KB501x + 711	over-ear	1
Sash Tres SE Exclusive (leather earpads)	over-ear/Sash Tres SE Exclusive (leather earpads).csv	Kuulokenurkka	KB501x + 711	over-ear	1
Sash Tres Second Edition (closed cups, hybrid earpads)	over-ear/Sash Tres Second Edition (closed cups, hybrid earpads).csv	Kuulokenurkka	KB501x + 711	over-ear	1
Sash Tres Second Edition (closed cups, leather earpads)	over-ear/Sash Tres Second Edition (closed cups, leather earpads).csv	Kuulokenurkka	KB501x + 711	over-ear	1
Sash Tres Second Edition (closed cups, suede earpads)	over-ear/Sash Tres Second Edition (closed cups, suede earpads).csv	Kuulokenurkka	KB501x + 711	over-ear	1
Sash Tres Second Edition (honeycomb grill)	over-ear/Sash Tres Second Edition (honeycomb grill).csv	Kuulokenurkka	KB501x + 711	over-ear	1
Sash Tres Second Edition (hybrid earpads)	over-ear/Sash Tres Second Edition (hybrid earpads).csv	Kuulokenurkka	KB501x + 711	over-ear	1
Sash Tres Second Edition (leather earpads)	over-ear/Sash Tres Second Edition (leather earpads).csv	Kuulokenurkka	KB501x + 711	over-ear	1
Sash Tres Second Edition (S-style grill)	over-ear/Sash Tres Second Edition (S-style grill).csv	Kuulokenurkka	KB501x + 711	over-ear	1
Sash Tres Second Edition (suede earpads)	over-ear/Sash Tres Second Edition (suede earpads).csv	Kuulokenurkka	KB501x + 711	over-ear	1
Sennheiser HD 505 Copper Edition	over-ear/Sennheiser HD 505 Copper Edition.csv	Kuulokenurkka	KB501x + 711	over-ear	1
Sennheiser HD 560S	over-ear/Sennheiser HD 560S (Kuulokenurkka).csv	Kuulokenurkka	KB501x + 711	over-ear	1
Sennheiser HD 580 precision	over-ear/Sennheiser HD 580 precision (Kuulokenurkka).csv	Kuulokenurkka	KB501x + 711	over-ear	1
Sennheiser HD 620S	over-ear/Sennheiser HD 620S.csv	Kuulokenurkka	KB501x + 711	over-ear	1
Sennheiser HD 6XX	over-ear/Sennheiser HD 6XX (Kuulokenurkka).csv	Kuulokenurkka	KB501x + 711	over-ear	1
Sennheiser HD 800 (SDR mod)	over-ear/Sennheiser HD 800 (SDR mod).csv	Kuulokenurkka	KB501x + 711	over-ear	1
Sennheiser Momentum 4 Wireless (passive)	over-ear/Sennheiser Momentum 4 Wireless (passive).csv	Kuulokenurkka	KB501x + 711	over-ear	1
Sennheiser Momentum 4 Wireless	over-ear/Sennheiser Momentum 4 Wireless.csv	Kuulokenurkka	KB501x + 711	over-ear	1
Sineaptic SE-1 (passive, pleather earpads)	over-ear/Sineaptic SE-1 (passive, pleather earpads).csv	Kuulokenurkka	KB501x + 711	over-ear	1
Sineaptic SE-1 (wireless, pleather earpads)	over-ear/Sineaptic SE-1 (wireless, pleather earpads).csv	Kuulokenurkka	KB501x + 711	over-ear	1
Sonos Ace (ANC off)	over-ear/Sonos Ace (ANC off).csv	Kuulokenurkka	KB501x + 711	over-ear	1
Sonos Ace (ANC on)	over-ear/Sonos Ace (ANC on).csv	Kuulokenurkka	KB501x + 711	over-ear	1
Sonos Ace (ANC on, loudness on)	over-ear/Sonos Ace (ANC on, loudness on).csv	Kuulokenurkka	KB501x + 711	over-ear	1
Sony MDR-M1	over-ear/Sony MDR-M1.csv	Kuulokenurkka	KB501x + 711	over-ear	1
Sony ULT WEAR (passive)	over-ear/Sony ULT WEAR (passive).csv	Kuulokenurkka	KB501x + 711	over-ear	1
Sony ULT WEAR	over-ear/Sony ULT WEAR.csv	Kuulokenurkka	KB501x + 711	over-ear	1
Sony WH-1000XM3 (ANC off)	over-ear/Sony WH-1000XM3 (ANC off).csv	Kuulokenurkka	KB501x + 711	over-ear	1
Sony WH-1000XM3 (ANC on)	over-ear/Sony WH-1000XM3 (ANC on).csv	Kuulokenurkka	KB501x + 711	over-ear	1
Stax SR-L700	over-ear/Stax SR-L700.csv	Kuulokenurkka	KB501x + 711	over-ear	1
Stax SR-Lambda Spirit	over-ear/Stax SR-Lambda Spirit.csv	Kuulokenurkka	KB501x + 711	over-ear	1
Stax SR-X1 (weak seal)	over-ear/Stax SR-X1 (weak seal).csv	Kuulokenurkka	KB501x + 711	over-ear	1
Stax SR-X1	over-ear/Stax SR-X1.csv	Kuulokenurkka	KB501x + 711	over-ear	1
T+A Solitaire P	over-ear/T+A Solitaire P.csv	Kuulokenurkka	KB501x + 711	over-ear	1
T+A Solitaire PSE	over-ear/T+A Solitaire PSE.csv	Kuulokenurkka	KB501x + 711	over-ear	1
T+A Solitaire T (ANC on)	over-ear/T+A Solitaire T (ANC on).csv	Kuulokenurkka	KB501x + 711	over-ear	1
T+A Solitaire T (passive)	over-ear/T+A Solitaire T (passive).csv	Kuulokenurkka	KB501x + 711	over-ear	1
Valco VMK20 (ANC off)	over-ear/Valco VMK20 (ANC off).csv	Kuulokenurkka	KB501x + 711	over-ear	1
Valco VMK20 (ANC on)	over-ear/Valco VMK20 (ANC on).csv	Kuulokenurkka	KB501x + 711	over-ear	1
Valco VMK20 (passive)	over-ear/Valco VMK20 (passive).csv	Kuulokenurkka	KB501x + 711	over-ear	1
Valco VMK20 (wired, ANC on)	over-ear/Valco VMK20 (wired, ANC on).csv	Kuulokenurkka	KB501x + 711	over-ear	1
Valco VMK20 (wireled, power off)	over-ear/Valco VMK20 (wireled, power off).csv	Kuulokenurkka	KB501x + 711	over-ear	1
Valco VMK20 (wireless, ANC off)	over-ear/Valco VMK20 (wireless, ANC off).csv	Kuulokenurkka	KB501x + 711	over-ear	1
Valco VMK20 (wireless, ANC on)	over-ear/Valco VMK20 (wireless, ANC on).csv	Kuulokenurkka	KB501x + 711	over-ear	1
Valco VMK25 (ANC off)	over-ear/Valco VMK25 (ANC off).csv	Kuulokenurkka	KB501x + 711	over-ear	1
Valco VMK25 (ANC on)	over-ear/Valco VMK25 (ANC on).csv	Kuulokenurkka	KB501x + 711	over-ear	1
Valco VMK25 (passive)	over-ear/Valco VMK25 (passive).csv	Kuulokenurkka	KB501x + 711	over-ear	1
Valco VMK25 (wired, ANC off)	over-ear/Valco VMK25 (wired, ANC off).csv	Kuulokenurkka	KB501x + 711	over-ear	1
Valco VMK25 (wired, ANC on)	over-ear/Valco VMK25 (wired, ANC on).csv	Kuulokenurkka	KB501x + 711	over-ear	1
Valco VMK25 (wired, power off)	over-ear/Valco VMK25 (wired, power off).csv	Kuulokenurkka	KB501x + 711	over-ear	1
Valco VMK25 (wireless, ANC off)	over-ear/Valco VMK25 (wireless, ANC off).csv	Kuulokenurkka	KB501x + 711	over-ear	1
Valco VMK25 (wireless, ANC on)	over-ear/Valco VMK25 (wireless, ANC on).csv	Kuulokenurkka	KB501x + 711	over-ear	1
XK-Audio Avalon mk2 (alternative earpads)	over-ear/XK-Audio Avalon mk2 (alternative earpads).csv	Kuulokenurkka	KB501x + 711	over-ear	1
Yamaha YH-5000SE (leather earpads)	over-ear/Yamaha YH-5000SE (leather earpads).csv	Kuulokenurkka	KB501x + 711	over-ear	1
Yamaha YH-5000SE (suede earpads)	over-ear/Yamaha YH-5000SE (suede earpads).csv	Kuulokenurkka	KB501x + 711	over-ear	1
ZMF Aeolus (ZMF BE2 perforated suede earpads)	over-ear/ZMF Aeolus (ZMF BE2 perforated suede earpads).csv	Kuulokenurkka	KB501x + 711	over-ear	1
ZMF Aeolus (ZMF Universe perforated leather earpads)	over-ear/ZMF Aeolus (ZMF Universe perforated leather earpads).csv	Kuulokenurkka	KB501x + 711	over-ear	1
ZMF Aeolus (ZMF Universe perforated suede earpads)	over-ear/ZMF Aeolus (ZMF Universe perforated suede earpads).csv	Kuulokenurkka	KB501x + 711	over-ear	1
ZMF Atrium (ZMF Auteur perforated leather earpads)	over-ear/ZMF Atrium (ZMF Auteur perforated leather earpads).csv	Kuulokenurkka	KB501x + 711	over-ear	1
ZMF Atrium (ZMF BE2 perforated suede earpads)	over-ear/ZMF Atrium (ZMF BE2 perforated suede earpads).csv	Kuulokenurkka	KB501x + 711	over-ear	1
ZMF Atrium (ZMF Universe perforated leather earpads)	over-ear/ZMF Atrium (ZMF Universe perforated leather earpads).csv	Kuulokenurkka	KB501x + 711	over-ear	1
ZMF Atrium (ZMF Universe perforated suede earpads)	over-ear/ZMF Atrium (ZMF Universe perforated suede earpads).csv	Kuulokenurkka	KB501x + 711	over-ear	1
ZMF Atticus (ZMF Eikon suede earpads)	over-ear/ZMF Atticus (ZMF Eikon suede earpads).csv	Kuulokenurkka	KB501x + 711	over-ear	1
ZMF Atticus (ZMF Ori leather earpads)	over-ear/ZMF Atticus (ZMF Ori leather earpads).csv	Kuulokenurkka	KB501x + 711	over-ear	1
ZMF Auteur (ZMF Auteur perforated hybrid earpads)	over-ear/ZMF Auteur (ZMF Auteur perforated hybrid earpads).csv	Kuulokenurkka	KB501x + 711	over-ear	1
ZMF Auteur (ZMF Auteur perforated leather earpads)	over-ear/ZMF Auteur (ZMF Auteur perforated leather earpads).csv	Kuulokenurkka	KB501x + 711	over-ear	1
ZMF Auteur (ZMF Auteur perforated suede earpads)	over-ear/ZMF Auteur (ZMF Auteur perforated suede earpads).csv	Kuulokenurkka	KB501x + 711	over-ear	1
ZMF Auteur (ZMF Eikon perforated leather earpads)	over-ear/ZMF Auteur (ZMF Eikon perforated leather earpads).csv	Kuulokenurkka	KB501x + 711	over-ear	1
ZMF Auteur (ZMF Eikon perforated suede earpads)	over-ear/ZMF Auteur (ZMF Eikon perforated suede earpads).csv	Kuulokenurkka	KB501x + 711	over-ear	1
ZMF Auteur (ZMF Universe perforated leather earpads)	over-ear/ZMF Auteur (ZMF Universe perforated leather earpads).csv	Kuulokenurkka	KB501x + 711	over-ear	1
ZMF Auteur (ZMF Universe perforated suede earpads)	over-ear/ZMF Auteur (ZMF Universe perforated suede earpads).csv	Kuulokenurkka	KB501x + 711	over-ear	1
ZMF Auteur Classic (ZMF Auteur perforated hybrid earpads)	over-ear/ZMF Auteur Classic (ZMF Auteur perforated hybrid earpads).csv	Kuulokenurkka	KB501x + 711	over-ear	1
ZMF Auteur Classic (ZMF Auteur perforated leather earpads)	over-ear/ZMF Auteur Classic (ZMF Auteur perforated leather earpads).csv	Kuulokenurkka	KB501x + 711	over-ear	1
ZMF Auteur Classic (ZMF Auteur perforated suede earpads)	over-ear/ZMF Auteur Classic (ZMF Auteur perforated suede earpads).csv	Kuulokenurkka	KB501x + 711	over-ear	1
ZMF Auteur Classic (ZMF BE2 perforated suede earpads)	over-ear/ZMF Auteur Classic (ZMF BE2 perforated suede earpads).csv	Kuulokenurkka	KB501x + 711	over-ear	1
ZMF Auteur Classic (ZMF Eikon perforated leather earpads)	over-ear/ZMF Auteur Classic (ZMF Eikon perforated leather earpads).csv	Kuulokenurkka	KB501x + 711	over-ear	1
ZMF Auteur Classic (ZMF Eikon perforated suede earpads)	over-ear/ZMF Auteur Classic (ZMF Eikon perforated suede earpads) (Kuulokenurkka).csv	Kuulokenurkka	KB501x + 711	over-ear	1
ZMF Auteur Classic (ZMF Universe perforated leather earpads)	over-ear/ZMF Auteur Classic (ZMF Universe perforated leather earpads).csv	Kuulokenurkka	KB501x + 711	over-ear	1
ZMF Auteur Classic (ZMF Universe perforated suede earpads)	over-ear/ZMF Auteur Classic (ZMF Universe perforated suede earpads) (Kuulokenurkka).csv	Kuulokenurkka	KB501x + 711	over-ear	1
ZMF Bokeh (hybrid earpads, burst mesh)	over-ear/ZMF Bokeh (hybrid earpads, burst mesh).csv	Kuulokenurkka	KB501x + 711	over-ear	1
ZMF Bokeh (hybrid earpads, no mesh)	over-ear/ZMF Bokeh (hybrid earpads, no mesh).csv	Kuulokenurkka	KB501x + 711	over-ear	1
ZMF Bokeh (hybrid earpads, solid mesh)	over-ear/ZMF Bokeh (hybrid earpads, solid mesh).csv	Kuulokenurkka	KB501x + 711	over-ear	1
ZMF Bokeh (protein earpads, burst mesh)	over-ear/ZMF Bokeh (protein earpads, burst mesh).csv	Kuulokenurkka	KB501x + 711	over-ear	1
ZMF Bokeh (protein earpads, no mesh)	over-ear/ZMF Bokeh (protein earpads, no mesh).csv	Kuulokenurkka	KB501x + 711	over-ear	1
ZMF Bokeh (suede earpads, no mesh)	over-ear/ZMF Bokeh (suede earpads, no mesh).csv	Kuulokenurkka	KB501x + 711	over-ear	1
ZMF Caldera (cowhide earpads)	over-ear/ZMF Caldera (cowhide earpads).csv	Kuulokenurkka	KB501x + 711	over-ear	1
ZMF Caldera (lambskin earpads)	over-ear/ZMF Caldera (lambskin earpads).csv	Kuulokenurkka	KB501x + 711	over-ear	1
ZMF Caldera (suede earpads)	over-ear/ZMF Caldera (suede earpads).csv	Kuulokenurkka	KB501x + 711	over-ear	1
ZMF Caldera (thick earpads)	over-ear/ZMF Caldera (thick earpads).csv	Kuulokenurkka	KB501x + 711	over-ear	1
ZMF Eikon (ZMF Auteur leather earpads)	over-ear/ZMF Eikon (ZMF Auteur leather earpads).csv	Kuulokenurkka	KB501x + 711	over-ear	1
ZMF Eikon (ZMF Eikon leather earpads)	over-ear/ZMF Eikon (ZMF Eikon leather earpads).csv	Kuulokenurkka	KB501x + 711	over-ear	1
ZMF Eikon (ZMF Eikon suede earpads)	over-ear/ZMF Eikon (ZMF Eikon suede earpads).csv	Kuulokenurkka	KB501x + 711	over-ear	1
ZMF Eikon (ZMF Universe leather earpads)	over-ear/ZMF Eikon (ZMF Universe leather earpads).csv	Kuulokenurkka	KB501x + 711	over-ear	1
ZMF Verite (ZMF Auteur perforated hybrid earpads)	over-ear/ZMF Verite (ZMF Auteur perforated hybrid earpads).csv	Kuulokenurkka	KB501x + 711	over-ear	1
ZMF Verite (ZMF BE2 perforated hybrid earpads)	over-ear/ZMF Verite (ZMF BE2 perforated hybrid earpads).csv	Kuulokenurkka	KB501x + 711	over-ear	1
ZMF Verite (ZMF BE2 perforated leather earpads)	over-ear/ZMF Verite (ZMF BE2 perforated leather earpads).csv	Kuulokenurkka	KB501x + 711	over-ear	1
ZMF Verite (ZMF Universe perforated leather earpads)	over-ear/ZMF Verite (ZMF Universe perforated leather earpads).csv	Kuulokenurkka	KB501x + 711	over-ear	1
ZMF Verite (ZMF Universe perforated suede earpads)	over-ear/ZMF Verite (ZMF Universe perforated suede earpads).csv	Kuulokenurkka	KB501x + 711	over-ear	1
ZMF Verite Closed (ZMF Auteur hybrid earpads)	over-ear/ZMF Verite Closed (ZMF Auteur hybrid earpads).csv	Kuulokenurkka	KB501x + 711	over-ear	1
ZMF Verite Closed (ZMF Auteur leather earpads)	over-ear/ZMF Verite Closed (ZMF Auteur leather earpads).csv	Kuulokenurkka	KB501x + 711	over-ear	1
ZMF Verite Closed (ZMF Eikon leather earpads)	over-ear/ZMF Verite Closed (ZMF Eikon leather earpads).csv	Kuulokenurkka	KB501x + 711	over-ear	1
ZMF Verite Closed (ZMF Eikon suede earpads)	over-ear/ZMF Verite Closed (ZMF Eikon suede earpads).csv	Kuulokenurkka	KB501x + 711	over-ear	1
ZMF Verite Closed (ZMF Universe hybrid earpads)	over-ear/ZMF Verite Closed (ZMF Universe hybrid earpads).csv	Kuulokenurkka	KB501x + 711	over-ear	1
ZMF Verite Closed (ZMF Universe leather earpads)	over-ear/ZMF Verite Closed (ZMF Universe leather earpads).csv	Kuulokenurkka	KB501x + 711	over-ear	1
écoute Audio TH1 (ANC off, Harman curve)	over-ear/écoute Audio TH1 (ANC off, Harman curve).csv	Kuulokenurkka	KB501x + 711	over-ear	1
écoute Audio TH1 (ANC on, Harman curve)	over-ear/écoute Audio TH1 (ANC on, Harman curve).csv	Kuulokenurkka	KB501x + 711	over-ear	1
écoute Audio TH1 (passive)	over-ear/écoute Audio TH1 (passive).csv	Kuulokenurkka	KB501x + 711	over-ear	1
Apple AirPods (1st generation)	earbud/Apple AirPods (1st generation).csv	oratory1990	GRAS 43AC	earbud	1
Sony XEA20 Xperia Ear Duo	earbud/Sony XEA20 Xperia Ear Duo.csv	oratory1990	GRAS 43AG	earbud	1
1MORE Quad Driver	in-ear/1MORE Quad Driver (oratory1990).csv	oratory1990	GRAS 43AC	in-ear	1
1MORE Single Driver	in-ear/1MORE Single Driver.csv	oratory1990	GRAS 43AC	in-ear	1
1MORE Triple Driver LTNG	in-ear/1MORE Triple Driver LTNG.csv	oratory1990	GRAS 43AC	in-ear	1
64 Audio A12t (m15 Apex module)	in-ear/64 Audio A12t (m15 Apex module) (oratory1990).csv	oratory1990	GRAS 43AC	in-ear	1
64 Audio A12t (m20 Apex module)	in-ear/64 Audio A12t (m20 Apex module) (oratory1990).csv	oratory1990	GRAS 43AC	in-ear	1
7Hz Salnotes Dioko	in-ear/7Hz Salnotes Dioko (oratory1990).csv	oratory1990	GRAS 43AC	in-ear	1
7Hz Salnotes Zero	in-ear/7Hz Salnotes Zero (oratory1990).csv	oratory1990	GRAS 43AC	in-ear	1
7Hz Timeless	in-ear/7Hz Timeless (oratory1990).csv	oratory1990	GRAS 43AC	in-ear	1
AKG K3003	in-ear/AKG K3003.csv	oratory1990	GRAS 43AC	in-ear	1
AKG N20	in-ear/AKG N20.csv	oratory1990	GRAS 43AC	in-ear	1
AKG N400	in-ear/AKG N400 (oratory1990).csv	oratory1990	GRAS 43AC	in-ear	1
AKG N5005	in-ear/AKG N5005.csv	oratory1990	GRAS 43AC	in-ear	1
Akoustyx R-220	in-ear/Akoustyx R-220.csv	oratory1990	GRAS 43AC	in-ear	1
Amazon Echo Buds	in-ear/Amazon Echo Buds.csv	oratory1990	GRAS 43AC	in-ear	1
Anker Soundcore Liberty 2 Pro	in-ear/Anker Soundcore Liberty 2 Pro.csv	oratory1990	GRAS 43AC	in-ear	1
Anker Soundcore Liberty Air 2	in-ear/Anker Soundcore Liberty Air 2.csv	oratory1990	GRAS 45BC	in-ear	1
Apple ME186 In-Ear Headphones	in-ear/Apple ME186 In-Ear Headphones.csv	oratory1990	GRAS 43AC	in-ear	1
Audeze Euclid	in-ear/Audeze Euclid.csv	oratory1990	GRAS 45BC	in-ear	1
Audeze iSINE 10	in-ear/Audeze iSINE 10 (oratory1990).csv	oratory1990	GRAS 43AC	in-ear	1
Audeze iSINE 20	in-ear/Audeze iSINE 20 (oratory1990).csv	oratory1990	GRAS 43AC	in-ear	1
Audio-Technica ATH-CKN50	in-ear/Audio-Technica ATH-CKN50.csv	oratory1990	GRAS 43AC	in-ear	1
AudioQuest NightHawk (Brainwavz HM5 hybrid earpads)	in-ear/AudioQuest NightHawk (Brainwavz HM5 hybrid earpads).csv	oratory1990	GRAS 43AC	in-ear	1
AudioQuest NightHawk (Shure SRH1540 alcantara earpads)	in-ear/AudioQuest NightHawk (Shure SRH1540 alcantara earpads).csv	oratory1990	GRAS 43AC	in-ear	1
Beats Powerbeats Pro	in-ear/Beats Powerbeats Pro (oratory1990).csv	oratory1990	GRAS 43AC	in-ear	1
Beats Studio Buds	in-ear/Beats Studio Buds.csv	oratory1990	GRAS 43AC	in-ear	1
Beyerdynamic Blue Byrd	in-ear/Beyerdynamic Blue Byrd.csv	oratory1990	GRAS 43AC	in-ear	1
Beyerdynamic Xelento	in-ear/Beyerdynamic Xelento (oratory1990).csv	oratory1990	GRAS 43AC	in-ear	1
BGVP DMG (foam eartips)	in-ear/BGVP DMG (foam eartips).csv	oratory1990	GRAS 43AC	in-ear	1
BGVP DMG	in-ear/BGVP DMG.csv	oratory1990	GRAS 43AC	in-ear	1
BLON BL-01	in-ear/BLON BL-01 (oratory1990).csv	oratory1990	GRAS 43AC	in-ear	1
BLON BL-03	in-ear/BLON BL-03 (oratory1990).csv	oratory1990	GRAS 43AC	in-ear	1
Bose Q25 (ANC off)	in-ear/Bose Q25 (ANC off).csv	oratory1990	GRAS 45BC-10	in-ear	1
Bose QuietComfort 20 (passive)	in-ear/Bose QuietComfort 20 (passive).csv	oratory1990	GRAS 43AC	in-ear	1
Bose QuietComfort 20	in-ear/Bose QuietComfort 20.csv	oratory1990	GRAS 43AC	in-ear	1
Bose SoundSport Free	in-ear/Bose SoundSport Free (oratory1990).csv	oratory1990	GRAS 43AC	in-ear	1
Bose SoundSport Wireless	in-ear/Bose SoundSport Wireless.csv	oratory1990	GRAS 43AC	in-ear	1
Bowers & Wilkins C5 Series 2	in-ear/Bowers & Wilkins C5 Series 2.csv	oratory1990	GRAS 43AC	in-ear	1
Brainwavz M5	in-ear/Brainwavz M5.csv	oratory1990	GRAS 45BC	in-ear	1
Campfire Audio Andromeda	in-ear/Campfire Audio Andromeda (oratory1990).csv	oratory1990	GRAS 43AC	in-ear	1
Campfire Audio Comet	in-ear/Campfire Audio Comet.csv	oratory1990	GRAS 43AC	in-ear	1
Campfire Audio Dorado 2020	in-ear/Campfire Audio Dorado 2020.csv	oratory1990	GRAS 43AC	in-ear	1
Campfire Audio Holocene	in-ear/Campfire Audio Holocene (oratory1990).csv	oratory1990	GRAS 43AC	in-ear	1
Campfire Audio Honeydew	in-ear/Campfire Audio Honeydew (oratory1990).csv	oratory1990	GRAS 43AC	in-ear	1
Campfire Audio Polaris	in-ear/Campfire Audio Polaris.csv	oratory1990	GRAS 43AC	in-ear	1
Campfire Audio Vega (foam eartips)	in-ear/Campfire Audio Vega (foam eartips).csv	oratory1990	GRAS 43AC	in-ear	1
Cosmic Ears CE6B	in-ear/Cosmic Ears CE6B.csv	oratory1990	GRAS 43AC	in-ear	1
Creative Aurvana Ace	in-ear/Creative Aurvana Ace.csv	oratory1990	GRAS 45BC-10	in-ear	1
EarFun Free Pro (Oluv Edition)	in-ear/EarFun Free Pro (Oluv Edition).csv	oratory1990	GRAS 43AC	in-ear	1
Etymotic ER2SE	in-ear/Etymotic ER2SE (oratory1990).csv	oratory1990	GRAS 43AC	in-ear	1
Etymotic ER2XR	in-ear/Etymotic ER2XR (oratory1990).csv	oratory1990	GRAS 43AC	in-ear	1
Etymotic ER3SE	in-ear/Etymotic ER3SE.csv	oratory1990	GRAS 43AC	in-ear	1
Etymotic ER3XR	in-ear/Etymotic ER3XR (oratory1990).csv	oratory1990	GRAS 43AC	in-ear	1
Etymotic ER4SR	in-ear/Etymotic ER4SR (oratory1990).csv	oratory1990	GRAS 43AC	in-ear	1
Etymotic ER4XR	in-ear/Etymotic ER4XR (oratory1990).csv	oratory1990	GRAS 43AC	in-ear	1
Etymotic EVO	in-ear/Etymotic EVO.csv	oratory1990	GRAS 43AC	in-ear	1
Etymotic hf5	in-ear/Etymotic hf5 (oratory1990).csv	oratory1990	GRAS 43AC	in-ear	1
FiiO F3	in-ear/FiiO F3.csv	oratory1990	GRAS 43AC	in-ear	1
FiiO FA7	in-ear/FiiO FA7.csv	oratory1990	GRAS 43AC	in-ear	1
FiiO FA9	in-ear/FiiO FA9.csv	oratory1990	GRAS 43AC	in-ear	1
FiiO FH5	in-ear/FiiO FH5 (oratory1990).csv	oratory1990	GRAS 43AC	in-ear	1
FiiO FH7S	in-ear/FiiO FH7S.csv	oratory1990	GRAS 43AC	in-ear	1
Final Audio A8000	in-ear/Final Audio A8000 (oratory1990).csv	oratory1990	GRAS 43AC	in-ear	1
Final Audio Adagio III	in-ear/Final Audio Adagio III (oratory1990).csv	oratory1990	GRAS 43AC	in-ear	1
Final Audio E1000	in-ear/Final Audio E1000 (oratory1990).csv	oratory1990	GRAS 43AC	in-ear	1
Final Audio E3000	in-ear/Final Audio E3000 (oratory1990).csv	oratory1990	GRAS 43AC	in-ear	1
Final Audio E4000	in-ear/Final Audio E4000 (oratory1990).csv	oratory1990	GRAS 43AC	in-ear	1
Final Audio E500	in-ear/Final Audio E500 (oratory1990).csv	oratory1990	GRAS 43AC	in-ear	1
Final Audio E5000	in-ear/Final Audio E5000 (oratory1990).csv	oratory1990	GRAS 43AC	in-ear	1
Final Audio F3100	in-ear/Final Audio F3100.csv	oratory1990	GRAS 43AC	in-ear	1
Final Audio Heaven IV	in-ear/Final Audio Heaven IV.csv	oratory1990	GRAS 43AC	in-ear	1
Final Audio Heaven V	in-ear/Final Audio Heaven V.csv	oratory1990	GRAS 43AC	in-ear	1
Grado GT220	in-ear/Grado GT220.csv	oratory1990	GRAS 43AC	in-ear	1
Hidition Viento (bass)	in-ear/Hidition Viento (bass).csv	oratory1990	GRAS 45BC	in-ear	1
HIFIMAN RE600S	in-ear/HIFIMAN RE600S.csv	oratory1990	GRAS 43AC	in-ear	1
Huawei Freebuds 4i	in-ear/Huawei Freebuds 4i.csv	oratory1990	GRAS 43AC	in-ear	1
Huawei Freebuds Pro 2	in-ear/Huawei Freebuds Pro 2 (oratory1990).csv	oratory1990	GRAS 43AC	in-ear	1
IKKO OH1	in-ear/IKKO OH1.csv	oratory1990	GRAS 43AC	in-ear	1
IKKO OH10	in-ear/IKKO OH10 (oratory1990).csv	oratory1990	GRAS 43AC	in-ear	1
InEar ProPhile-8	in-ear/InEar ProPhile-8 (oratory1990).csv	oratory1990	GRAS 43AC	in-ear	1
Jabra Elite 7 Pro	in-ear/Jabra Elite 7 Pro.csv	oratory1990	GRAS 43AC	in-ear	1
Jabra Elite 75t	in-ear/Jabra Elite 75t.csv	oratory1990	GRAS 43AC	in-ear	1
Jabra Evolve 75e	in-ear/Jabra Evolve 75e.csv	oratory1990	GRAS 43AC	in-ear	1
JBL Free X	in-ear/JBL Free X.csv	oratory1990	GRAS GRAS 43AC	in-ear	1
JBL T200A	in-ear/JBL T200A.csv	oratory1990	GRAS 43AC	in-ear	1
JVC HA-FW01	in-ear/JVC HA-FW01 (oratory1990).csv	oratory1990	GRAS 43AC	in-ear	1
JVC HA-FW10000	in-ear/JVC HA-FW10000.csv	oratory1990	GRAS 43AC	in-ear	1
JVC HA-FW1800	in-ear/JVC HA-FW1800 (oratory1990).csv	oratory1990	GRAS 45BC	in-ear	1
JVC HA-FX7	in-ear/JVC HA-FX7.csv	oratory1990	GRAS 43AC	in-ear	1
Kiwi Ears Orchestra Lite	in-ear/Kiwi Ears Orchestra Lite (oratory1990).csv	oratory1990	GRAS 43AC	in-ear	1
KZ ATE	in-ear/KZ ATE.csv	oratory1990	GRAS 43AC	in-ear	1
KZ EDSE	in-ear/KZ EDSE.csv	oratory1990	GRAS 43AC	in-ear	1
KZ ES4	in-ear/KZ ES4.csv	oratory1990	GRAS 43AC	in-ear	1
KZ ZS10	in-ear/KZ ZS10 (oratory1990).csv	oratory1990	GRAS 43AC	in-ear	1
KZ ZSN Pro X	in-ear/KZ ZSN Pro X.csv	oratory1990	GRAS 43AC	in-ear	1
KZ ZST	in-ear/KZ ZST.csv	oratory1990	GRAS 43AC	in-ear	1
Light Harmonic Mera	in-ear/Light Harmonic Mera.csv	oratory1990	GRAS 43AC	in-ear	1
LZ Hi-Fi Audio Z05A	in-ear/LZ Hi-Fi Audio Z05A.csv	oratory1990	GRAS 43AC	in-ear	1
Mackie MP-360	in-ear/Mackie MP-360.csv	oratory1990	GRAS 43AC	in-ear	1
Massdrop Plus Universal IEM	in-ear/Massdrop Plus Universal IEM.csv	oratory1990	GRAS 43AC	in-ear	1
Meze Rai Penta	in-ear/Meze Rai Penta (oratory1990).csv	oratory1990	GRAS 43AC	in-ear	1
Meze Rai Solo	in-ear/Meze Rai Solo.csv	oratory1990	GRAS 43AC	in-ear	1
Monoprice M350	in-ear/Monoprice M350.csv	oratory1990	GRAS 43AC	in-ear	1
Moondrop Aria	in-ear/Moondrop Aria (oratory1990).csv	oratory1990	GRAS 43AC	in-ear	1
Moondrop Blessing 2	in-ear/Moondrop Blessing 2 (oratory1990).csv	oratory1990	GRAS 43AC	in-ear	1
Moondrop Blessing	in-ear/Moondrop Blessing.csv	oratory1990	GRAS 43AC	in-ear	1
Moondrop Chu	in-ear/Moondrop Chu (oratory1990).csv	oratory1990	GRAS 43AC	in-ear	1
Moondrop Crescent	in-ear/Moondrop Crescent (oratory1990).csv	oratory1990	GRAS 43AC	in-ear	1
Moondrop Quarks DSP	in-ear/Moondrop Quarks DSP (oratory1990).csv	oratory1990	GRAS 43AC	in-ear	1
Moondrop Quarks	in-ear/Moondrop Quarks (oratory1990).csv	oratory1990	GRAS 43AC	in-ear	1
Moondrop Starfield	in-ear/Moondrop Starfield (oratory1990).csv	oratory1990	GRAS 43AC	in-ear	1
Moondrop Variations	in-ear/Moondrop Variations (oratory1990).csv	oratory1990	GRAS 43AC	in-ear	1
Moondrop x Crinacle Blessing2 Dusk	in-ear/Moondrop x Crinacle Blessing2 Dusk (oratory1990).csv	oratory1990	GRAS 43AC	in-ear	1
Noble Audio K10 CIEM	in-ear/Noble Audio K10 CIEM.csv	oratory1990	GRAS 43AC	in-ear	1
Noble Audio XM-1	in-ear/Noble Audio XM-1.csv	oratory1990	GRAS 43AC	in-ear	1
NS Audio NS3	in-ear/NS Audio NS3 (oratory1990).csv	oratory1990	GRAS 43AC	in-ear	1
NuForce EDC3	in-ear/NuForce EDC3 (oratory1990).csv	oratory1990	GRAS 43AC	in-ear	1
NuForce Stride	in-ear/NuForce Stride.csv	oratory1990	GRAS 43AC	in-ear	1
Oppo Enco X	in-ear/Oppo Enco X.csv	oratory1990	GRAS 43AC	in-ear	1
Oppo Enco X2	in-ear/Oppo Enco X2.csv	oratory1990	GRAS 43AC	in-ear	1
Panasonic RP-HJE120	in-ear/Panasonic RP-HJE120 (oratory1990).csv	oratory1990	GRAS 43AC	in-ear	1
Periodic Audio Be	in-ear/Periodic Audio Be (oratory1990).csv	oratory1990	GRAS 43AC	in-ear	1
Periodic Audio Carbon	in-ear/Periodic Audio Carbon.csv	oratory1990	GRAS 43ACB	in-ear	1
Philips SHE3855	in-ear/Philips SHE3855.csv	oratory1990	GRAS 43AC	in-ear	1
Philips SHS8000	in-ear/Philips SHS8000.csv	oratory1990	GRAS 43AC	in-ear	1
QKZ VK4	in-ear/QKZ VK4.csv	oratory1990	GRAS 43AC	in-ear	1
Qudelix Qx-over	in-ear/Qudelix Qx-over.csv	oratory1990	GRAS 43AC	in-ear	1
Raptgo Hook-X	in-ear/Raptgo Hook-X.csv	oratory1990	GRAS 43AC	in-ear	1
Rock Zircon	in-ear/Rock Zircon.csv	oratory1990	GRAS 43AC	in-ear	1
Samsung AKG EO-IG955	in-ear/Samsung AKG EO-IG955 (oratory1990).csv	oratory1990	GRAS 43AC	in-ear	1
Samsung EO-IC500 ANC Type-C	in-ear/Samsung EO-IC500 ANC Type-C.csv	oratory1990	GRAS 43AC	in-ear	1
Samsung Galaxy Buds Pro	in-ear/Samsung Galaxy Buds Pro (oratory1990).csv	oratory1990	GRAS 43AC	in-ear	1
Samsung Galaxy Buds	in-ear/Samsung Galaxy Buds.csv	oratory1990	GRAS 43AC	in-ear	1
Samsung Galaxy Buds2 Pro	in-ear/Samsung Galaxy Buds2 Pro (oratory1990).csv	oratory1990	GRAS 43AC	in-ear	1
Samsung Galaxy Buds2	in-ear/Samsung Galaxy Buds2 (oratory1990).csv	oratory1990	GRAS 43AC	in-ear	1
Sennheiser CX 2.00	in-ear/Sennheiser CX 2.00 (oratory1990).csv	oratory1990	GRAS 43AC	in-ear	1
Sennheiser CX 3.00	in-ear/Sennheiser CX 3.00.csv	oratory1990	GRAS 43AC	in-ear	1
Sennheiser CX 400BT	in-ear/Sennheiser CX 400BT.csv	oratory1990	GRAS 43AC	in-ear	1
Sennheiser IE 200	in-ear/Sennheiser IE 200 (oratory1990).csv	oratory1990	GRAS 43AC	in-ear	1
Sennheiser IE 4	in-ear/Sennheiser IE 4.csv	oratory1990	GRAS 43AC	in-ear	1
Sennheiser IE 40 Pro	in-ear/Sennheiser IE 40 Pro.csv	oratory1990	GRAS 43AC	in-ear	1
Sennheiser IE 400 Pro	in-ear/Sennheiser IE 400 Pro.csv	oratory1990	GRAS 45BC-10	in-ear	1
Sennheiser IE 600	in-ear/Sennheiser IE 600 (oratory1990).csv	oratory1990	GRAS 43AC	in-ear	1
Sennheiser IE 80 S	in-ear/Sennheiser IE 80 S.csv	oratory1990	GRAS 43AC	in-ear	1
Sennheiser IE 800 S	in-ear/Sennheiser IE 800 S (oratory1990).csv	oratory1990	GRAS 43AC	in-ear	1
Sennheiser IE 800	in-ear/Sennheiser IE 800 (oratory1990).csv	oratory1990	GRAS 43AC	in-ear	1
Sennheiser IE 900	in-ear/Sennheiser IE 900 (oratory1990).csv	oratory1990	GRAS 43AC	in-ear	1
Sennheiser Momentum In-Ear	in-ear/Sennheiser Momentum In-Ear (oratory1990).csv	oratory1990	GRAS 43AC	in-ear	1
Sennheiser Momentum True Wireless 2	in-ear/Sennheiser Momentum True Wireless 2 (oratory1990).csv	oratory1990	GRAS 43AC	in-ear	1
Sennheiser Momentum True Wireless 3	in-ear/Sennheiser Momentum True Wireless 3 (oratory1990).csv	oratory1990	GRAS 43AC	in-ear	1
Sennheiser MOMENTUM True Wireless 4	in-ear/Sennheiser MOMENTUM True Wireless 4.csv	oratory1990	GRAS 43AC	in-ear	1
Sennheiser Momentum True Wireless	in-ear/Sennheiser Momentum True Wireless.csv	oratory1990	GRAS 43AC	in-ear	1
Sennheiser OCX 685	in-ear/Sennheiser OCX 685.csv	oratory1990	GRAS 43AC	in-ear	1
Shuoer S12 Pro	in-ear/Shuoer S12 Pro (oratory1990).csv	oratory1990	GRAS 45BC-10	in-ear	1
Shuoer S12	in-ear/Shuoer S12 (oratory1990).csv	oratory1990	GRAS 43ACB	in-ear	1
Shuoer Tape	in-ear/Shuoer Tape.csv	oratory1990	GRAS 43AC	in-ear	1
Shure KSE1200	in-ear/Shure KSE1200.csv	oratory1990	GRAS 43AC	in-ear	1
Shure KSE1500	in-ear/Shure KSE1500 (oratory1990).csv	oratory1990	GRAS 43AC	in-ear	1
Shure SE112	in-ear/Shure SE112.csv	oratory1990	GRAS 43AC	in-ear	1
Shure SE215	in-ear/Shure SE215 (oratory1990).csv	oratory1990	GRAS 43AC	in-ear	1
Shure SE535	in-ear/Shure SE535 (oratory1990).csv	oratory1990	GRAS 43AC	in-ear	1
Shure SE846 (white)	in-ear/Shure SE846 (white) (oratory1990).csv	oratory1990	GRAS 43AC	in-ear	1
Shure SE846	in-ear/Shure SE846.csv	oratory1990	GRAS 43AC	in-ear	1
Simgot Audio EW100P	in-ear/Simgot Audio EW100P (oratory1990).csv	oratory1990	GRAS 43AC	in-ear	1
Sony IER-M7	in-ear/Sony IER-M7.csv	oratory1990	GRAS 43AC	in-ear	1
Sony IER-M9	in-ear/Sony IER-M9 (oratory1990).csv	oratory1990	GRAS 43AC	in-ear	1
Sony IER-Z1R	in-ear/Sony IER-Z1R (oratory1990).csv	oratory1990	GRAS 43AC	in-ear	1
Sony MDR-7550	in-ear/Sony MDR-7550 (oratory1990).csv	oratory1990	GRAS 43AC	in-ear	1
Sony MDR-EX10	in-ear/Sony MDR-EX10.csv	oratory1990	GRAS 43AC	in-ear	1
Sony MDR-EX15LP	in-ear/Sony MDR-EX15LP (oratory1990).csv	oratory1990	GRAS 43AC	in-ear	1
Sony MDR-XB50	in-ear/Sony MDR-XB50.csv	oratory1990	GRAS 43AC	in-ear	1
Sony MDR-XB80BS	in-ear/Sony MDR-XB80BS.csv	oratory1990	GRAS 43AC	in-ear	1
Sony MH1	in-ear/Sony MH1.csv	oratory1990	GRAS 43AC	in-ear	1
Sony MH750	in-ear/Sony MH750.csv	oratory1990	GRAS 43AC	in-ear	1
Sony MH755	in-ear/Sony MH755 (oratory1990).csv	oratory1990	GRAS 43AC	in-ear	1
Sony PULSE Explore	in-ear/Sony PULSE Explore.csv	oratory1990	GRAS 43AC	in-ear	1
Sony WF-1000X	in-ear/Sony WF-1000X.csv	oratory1990	GRAS 43AC	in-ear	1
Sony WF-1000XM3	in-ear/Sony WF-1000XM3 (oratory1990).csv	oratory1990	GRAS 43AC	in-ear	1
Sony WF-1000XM4	in-ear/Sony WF-1000XM4 (oratory1990).csv	oratory1990	GRAS 45BC	in-ear	1
Sony WF-1000XM5	in-ear/Sony WF-1000XM5 (oratory1990).csv	oratory1990	GRAS 45BC-10	in-ear	1
Sony WF-C500	in-ear/Sony WF-C500 (oratory1990).csv	oratory1990	GRAS 43AC	in-ear	1
Sony WF-XB700	in-ear/Sony WF-XB700.csv	oratory1990	GRAS 45BC	in-ear	1
Sony WI-1000X	in-ear/Sony WI-1000X.csv	oratory1990	GRAS 43AC	in-ear	1
Sony XBA-H3	in-ear/Sony XBA-H3.csv	oratory1990	GRAS 43AC	in-ear	1
Sony XBA-N1	in-ear/Sony XBA-N1.csv	oratory1990	GRAS 43AC	in-ear	1
Sony XBA-N3	in-ear/Sony XBA-N3 (oratory1990).csv	oratory1990	GRAS 43AC	in-ear	1
SoundMAGIC E50C	in-ear/SoundMAGIC E50C.csv	oratory1990	GRAS 43AC	in-ear	1
Spiral Ear SE 5-Way Ultimate	in-ear/Spiral Ear SE 5-Way Ultimate.csv	oratory1990	GRAS 43AC	in-ear	1
Stax SR-003MK2 (CES-A1)	in-ear/Stax SR-003MK2 (CES-A1).csv	oratory1990	GRAS 45BC	in-ear	1
Stax SR-003MK2	in-ear/Stax SR-003MK2.csv	oratory1990	GRAS 45BC	in-ear	1
TFZ T2 Galaxy	in-ear/TFZ T2 Galaxy.csv	oratory1990	GRAS 43AC	in-ear	1
ThieAudio Monarch	in-ear/ThieAudio Monarch.csv	oratory1990	GRAS 43AC	in-ear	1
Tin HiFi P1	in-ear/Tin HiFi P1.csv	oratory1990	GRAS 43AC	in-ear	1
Tin HiFi T2 (foam eartips)	in-ear/Tin HiFi T2 (foam eartips).csv	oratory1990	GRAS 43AC	in-ear	1
Tin HiFi T2 (front vent mod)	in-ear/Tin HiFi T2 (front vent mod).csv	oratory1990	GRAS 43AC	in-ear	1
Tin HiFi T2 Plus	in-ear/Tin HiFi T2 Plus (oratory1990).csv	oratory1990	GRAS 43AC	in-ear	1
Tin HiFi T2	in-ear/Tin HiFi T2 (oratory1990).csv	oratory1990	GRAS 43AC	in-ear	1
Tin HiFi T3	in-ear/Tin HiFi T3.csv	oratory1990	GRAS 43AC	in-ear	1
Tripowin Olina	in-ear/Tripowin Olina.csv	oratory1990	GRAS 43AC	in-ear	1
Truthear Gate	in-ear/Truthear Gate (oratory1990).csv	oratory1990	GRAS 43AC	in-ear	1
Truthear Hexa	in-ear/Truthear Hexa (oratory1990).csv	oratory1990	GRAS 43AC	in-ear	1
Truthear Nova	in-ear/Truthear Nova (oratory1990).csv	oratory1990	GRAS 43AC	in-ear	1
Truthear x Crinacle Zero RED	in-ear/Truthear x Crinacle Zero RED (oratory1990).csv	oratory1990	GRAS 43ACB	in-ear	1
Truthear x Crinacle Zero	in-ear/Truthear x Crinacle Zero (oratory1990).csv	oratory1990	GRAS 43ACB	in-ear	1
Ultimate Ears Reference Monitor	in-ear/Ultimate Ears Reference Monitor.csv	oratory1990	GRAS 43AC	in-ear	1
V-MODA Zn	in-ear/V-MODA Zn.csv	oratory1990	GRAS 43AC	in-ear	1
Vision Ears Elysium	in-ear/Vision Ears Elysium (oratory1990).csv	oratory1990	GRAS 43AC	in-ear	1
Vision Ears Erlkönig	in-ear/Vision Ears Erlkönig.csv	oratory1990	GRAS 43AC	in-ear	1
Vivo XE800	in-ear/Vivo XE800.csv	oratory1990	GRAS 43AC	in-ear	1
VSonic VS7	in-ear/VSonic VS7.csv	oratory1990	GRAS 43AC	in-ear	1
Westone UM3X	in-ear/Westone UM3X.csv	oratory1990	GRAS 43AC	in-ear	1
Westone W10	in-ear/Westone W10 (oratory1990).csv	oratory1990	GRAS 45BC	in-ear	1
Xiaomi Mi ANC	in-ear/Xiaomi Mi ANC.csv	oratory1990	GRAS 43AC	in-ear	1
1MORE SonoFlow	over-ear/1MORE SonoFlow.csv	oratory1990	GRAS 45BC-10	over-ear	1
1MORE Triple Driver Over Ear	over-ear/1MORE Triple Driver Over Ear (oratory1990).csv	oratory1990	GRAS 45BC	over-ear	1
Abyss AB1-266 Phi TC	over-ear/Abyss AB1-266 Phi TC (oratory1990).csv	oratory1990	GRAS 45BC-10	over-ear	1
Adam SP-5	over-ear/Adam SP-5.csv	oratory1990	GRAS 43AG	over-ear	1
Advanced GT-R	over-ear/Advanced GT-R.csv	oratory1990	GRAS 43AG	over-ear	1
Aiaiai TMA-2 HD Wireless	over-ear/Aiaiai TMA-2 HD Wireless.csv	oratory1990	GRAS 43AG	over-ear	1
AKG K240 MKII	over-ear/AKG K240 MKII (oratory1990).csv	oratory1990	GRAS 45BC-10	over-ear	1
AKG K240 Sextett (Dekoni Choice Leather DT earpads)	over-ear/AKG K240 Sextett (Dekoni Choice Leather DT earpads).csv	oratory1990	GRAS 45BC	over-ear	1
AKG K240 Sextett	over-ear/AKG K240 Sextett (oratory1990).csv	oratory1990	GRAS 43AG	over-ear	1
AKG K240 Studio	over-ear/AKG K240 Studio.csv	oratory1990	GRAS 45BC	over-ear	1
AKG K250	over-ear/AKG K250.csv	oratory1990	GRAS 45BC	over-ear	1
AKG K267	over-ear/AKG K267.csv	oratory1990	GRAS 45BC-10	over-ear	1
AKG K271 MKII	over-ear/AKG K271 MKII (oratory1990).csv	oratory1990	GRAS 45BC-10	over-ear	1
AKG K280 Parabolic	over-ear/AKG K280 Parabolic.csv	oratory1990	GRAS 43AG	over-ear	1
AKG K361	over-ear/AKG K361 (oratory1990).csv	oratory1990	GRAS 45BC-10	over-ear	1
AKG K371 (Brainwavz oval earpads)	over-ear/AKG K371 (Brainwavz oval earpads).csv	oratory1990	GRAS 45BC	over-ear	1
AKG K371	over-ear/AKG K371 (oratory1990).csv	oratory1990	GRAS 45BC	over-ear	1
AKG K52	over-ear/AKG K52 (oratory1990).csv	oratory1990	GRAS 45BC-10	over-ear	1
AKG K553	over-ear/AKG K553.csv	oratory1990	GRAS 45BC-10	over-ear	1
AKG K601 (Dekoni sheepskin earpads)	over-ear/AKG K601 (Dekoni sheepskin earpads).csv	oratory1990	GRAS 43AG	over-ear	1
AKG K601 (K701 earpads)	over-ear/AKG K601 (K701 earpads).csv	oratory1990	GRAS 45BC	over-ear	1
AKG K601	over-ear/AKG K601 (oratory1990).csv	oratory1990	GRAS 43AG	over-ear	1
AKG K612	over-ear/AKG K612 (oratory1990).csv	oratory1990	GRAS 45BC-10	over-ear	1
AKG K701	over-ear/AKG K701 (oratory1990).csv	oratory1990	GRAS 45BC-10	over-ear	1
AKG K702 (Brainwavz XL earpads)	over-ear/AKG K702 (Brainwavz XL earpads).csv	oratory1990	GRAS 45BC-10	over-ear	1
AKG K702 (Geekria earpads)	over-ear/AKG K702 (Geekria earpads).csv	oratory1990	GRAS 45BC-10	over-ear	1
AKG K702 65th Anniversary Edition	over-ear/AKG K702 65th Anniversary Edition (oratory1990).csv	oratory1990	GRAS 43AG	over-ear	1
AKG K702	over-ear/AKG K702 (oratory1990).csv	oratory1990	GRAS 45BC-10	over-ear	1
AKG K712 (Dekoni sheepskin earpads)	over-ear/AKG K712 (Dekoni sheepskin earpads).csv	oratory1990	GRAS 43AG	over-ear	1
AKG K712	over-ear/AKG K712 (oratory1990).csv	oratory1990	GRAS 45BC	over-ear	1
AKG K72	over-ear/AKG K72.csv	oratory1990	GRAS 45BC-10	over-ear	1
AKG K7XX	over-ear/AKG K7XX (oratory1990).csv	oratory1990	GRAS 45BC	over-ear	1
AKG K812	over-ear/AKG K812 (oratory1990).csv	oratory1990	GRAS 45BC-10	over-ear	1
AKG K872	over-ear/AKG K872.csv	oratory1990	GRAS 45BC-10	over-ear	1
AKG K92	over-ear/AKG K92.csv	oratory1990	GRAS 45BC-10	over-ear	1
AKG N60 NC Wireless	over-ear/AKG N60 NC Wireless.csv	oratory1990	GRAS 43AG	over-ear	1
AKG N700NC M2	over-ear/AKG N700NC M2.csv	oratory1990	GRAS 45BC-10	over-ear	1
AKG Q701	over-ear/AKG Q701.csv	oratory1990	GRAS 45BC-10	over-ear	1
AKG Y50BT	over-ear/AKG Y50BT.csv	oratory1990	GRAS 43AG	over-ear	1
Allen & Heath XD-53	over-ear/Allen & Heath XD-53.csv	oratory1990	GRAS 45BC	over-ear	1
Andover Audio PM-50 (medium squared earpads)	over-ear/Andover Audio PM-50 (medium squared earpads).csv	oratory1990	GRAS 45BC	over-ear	1
Andover Audio PM-50 (small rounded earpads)	over-ear/Andover Audio PM-50 (small rounded earpads).csv	oratory1990	GRAS 45BC	over-ear	1
Anker Soundcore Life Q30 (ANC off)	over-ear/Anker Soundcore Life Q30 (ANC off).csv	oratory1990	GRAS 45BC	over-ear	1
Anker Soundcore Life Q30 (ANC on)	over-ear/Anker Soundcore Life Q30 (ANC on).csv	oratory1990	GRAS 45BC	over-ear	1
Anker Soundcore Life Q35 (ANC off)	over-ear/Anker Soundcore Life Q35 (ANC off).csv	oratory1990	GRAS 45BC-10	over-ear	1
Anker Soundcore Life Q35 (ANC on)	over-ear/Anker Soundcore Life Q35 (ANC on).csv	oratory1990	GRAS 45BC-10	over-ear	1
Anker Soundcore Life Q35 (wired, passive)	over-ear/Anker Soundcore Life Q35 (wired, passive).csv	oratory1990	GRAS 45BC-10	over-ear	1
Anker Soundcore Space One	over-ear/Anker Soundcore Space One.csv	oratory1990	GRAS 45BC-10	over-ear	1
Anker Soundcore Space Q45 (ANC on)	over-ear/Anker Soundcore Space Q45 (ANC on).csv	oratory1990	GRAS 45BC-10	over-ear	1
Anker Soundcore Space Q45 (wired, passive)	over-ear/Anker Soundcore Space Q45 (wired, passive).csv	oratory1990	GRAS 45BC-10	over-ear	1
Apple AirPods Max (3rd party pleather earpads)	over-ear/Apple AirPods Max (3rd party pleather earpads).csv	oratory1990	GRAS 45BC-10	over-ear	1
Apple AirPods Max	over-ear/Apple AirPods Max.csv	oratory1990	GRAS 45BC-10	over-ear	1
Audeze CRBN	over-ear/Audeze CRBN.csv	oratory1990	GRAS 45BC-10	over-ear	1
Audeze LCD-1	over-ear/Audeze LCD-1.csv	oratory1990	GRAS 45BC-10	over-ear	1
Audeze LCD-2 (Fazor)	over-ear/Audeze LCD-2 (Fazor) (oratory1990).csv	oratory1990	GRAS 43AG	over-ear	1
Audeze LCD-2 (pre-2017)	over-ear/Audeze LCD-2 (pre-2017).csv	oratory1990	GRAS 45BC-10	over-ear	1
Audeze LCD-2 Classic	over-ear/Audeze LCD-2 Classic (oratory1990).csv	oratory1990	GRAS 45BC	over-ear	1
Audeze LCD-2 Closed Back	over-ear/Audeze LCD-2 Closed Back.csv	oratory1990	GRAS 45BC	over-ear	1
Audeze LCD-2	over-ear/Audeze LCD-2 (oratory1990).csv	oratory1990	GRAS 43AG	over-ear	1
Audeze LCD-24	over-ear/Audeze LCD-24.csv	oratory1990	GRAS 45BC	over-ear	1
Audeze LCD-3	over-ear/Audeze LCD-3 (oratory1990).csv	oratory1990	GRAS 45BC-10	over-ear	1
Audeze LCD-4	over-ear/Audeze LCD-4 (oratory1990).csv	oratory1990	GRAS 45BC-10	over-ear	1
Audeze LCD-4z	over-ear/Audeze LCD-4z (oratory1990).csv	oratory1990	GRAS 45BC	over-ear	1
Audeze LCD-5	over-ear/Audeze LCD-5.csv	oratory1990	GRAS 43AG	over-ear	1
Audeze LCD-GX	over-ear/Audeze LCD-GX (oratory1990).csv	oratory1990	GRAS 45BC-10	over-ear	1
Audeze LCD-MX4	over-ear/Audeze LCD-MX4.csv	oratory1990	GRAS 45BC	over-ear	1
Audeze LCD-R	over-ear/Audeze LCD-R (oratory1990).csv	oratory1990	GRAS 45BC-10	over-ear	1
Audeze LCD-X (2021)	over-ear/Audeze LCD-X (2021).csv	oratory1990	GRAS 45BC	over-ear	1
Audeze LCD-X (Dekoni sheepskin Earpads)	over-ear/Audeze LCD-X (Dekoni sheepskin Earpads).csv	oratory1990	GRAS 45BC-10	over-ear	1
Audeze LCD-X (pre-2021)	over-ear/Audeze LCD-X (pre-2021).csv	oratory1990	GRAS 45BC	over-ear	1
Audeze LCD-XC (pre-2021)	over-ear/Audeze LCD-XC (pre-2021).csv	oratory1990	GRAS 45BC	over-ear	1
Audeze LCD-XC	over-ear/Audeze LCD-XC (oratory1990).csv	oratory1990	GRAS 45BC-10	over-ear	1
Audeze MM-100	over-ear/Audeze MM-100 (oratory1990).csv	oratory1990	GRAS 45BC-10	over-ear	1
Audeze MM-500	over-ear/Audeze MM-500 (oratory1990).csv	oratory1990	GRAS 45BC-10	over-ear	1
Audeze Mobius (default preset)	over-ear/Audeze Mobius (default preset).csv	oratory1990	GRAS 45BC	over-ear	1
Audeze SINE (Cipher cable)	over-ear/Audeze SINE (Cipher cable).csv	oratory1990	GRAS 45BC	over-ear	1
Audeze SINE (MSR-7 earpads)	over-ear/Audeze SINE (MSR-7 earpads).csv	oratory1990	GRAS 45BC	over-ear	1
Audeze SINE	over-ear/Audeze SINE (oratory1990).csv	oratory1990	GRAS 45BC-10	over-ear	1
Audio Zenith PMx2 (v1)	over-ear/Audio Zenith PMx2 (v1) (oratory1990).csv	oratory1990	GRAS 45BC	over-ear	1
Audio Zenith PMx2 (v2)	over-ear/Audio Zenith PMx2 (v2).csv	oratory1990	GRAS 45BC	over-ear	1
Audio-Technica ATH-A2000Z	over-ear/Audio-Technica ATH-A2000Z (oratory1990).csv	oratory1990	GRAS 45BC	over-ear	1
Audio-Technica ATH-AD500X	over-ear/Audio-Technica ATH-AD500X (oratory1990).csv	oratory1990	GRAS 45BC-10	over-ear	1
Audio-Technica ATH-AD700X	over-ear/Audio-Technica ATH-AD700X.csv	oratory1990	GRAS 45BC-10	over-ear	1
Audio-Technica ATH-ADX5000	over-ear/Audio-Technica ATH-ADX5000.csv	oratory1990	GRAS 45BC-10	over-ear	1
Audio-Technica ATH-AWKT	over-ear/Audio-Technica ATH-AWKT (oratory1990).csv	oratory1990	GRAS 45BC-10	over-ear	1
Audio-Technica ATH-M20x	over-ear/Audio-Technica ATH-M20x.csv	oratory1990	GRAS 45BC-10	over-ear	1
Audio-Technica ATH-M40x	over-ear/Audio-Technica ATH-M40x (oratory1990).csv	oratory1990	GRAS 45BC-10	over-ear	1
Audio-Technica ATH-M50x (Dekoni sheepskin earpads)	over-ear/Audio-Technica ATH-M50x (Dekoni sheepskin earpads).csv	oratory1990	GRAS 43AG	over-ear	1
Audio-Technica ATH-M50x (Massdrop velours earpads)	over-ear/Audio-Technica ATH-M50x (Massdrop velours earpads).csv	oratory1990	GRAS 43AG	over-ear	1
Audio-Technica ATH-M50x	over-ear/Audio-Technica ATH-M50x (oratory1990).csv	oratory1990	GRAS 45BC-10	over-ear	1
Audio-Technica ATH-M60x	over-ear/Audio-Technica ATH-M60x.csv	oratory1990	GRAS 43AG	over-ear	1
Audio-Technica ATH-M70x	over-ear/Audio-Technica ATH-M70x (oratory1990).csv	oratory1990	GRAS 45BC-10	over-ear	1
Audio-Technica ATH-MSR7b	over-ear/Audio-Technica ATH-MSR7b.csv	oratory1990	GRAS 45BC	over-ear	1
Audio-Technica ATH-R50x	over-ear/Audio-Technica ATH-R50x.csv	oratory1990	GRAS 45BC-10	over-ear	1
Audio-Technica ATH-R70x	over-ear/Audio-Technica ATH-R70x (oratory1990).csv	oratory1990	GRAS 45BC-10	over-ear	1
Audio-Technica ATH-R70xa	over-ear/Audio-Technica ATH-R70xa.csv	oratory1990	GRAS 45BC-10	over-ear	1
AudioQuest NightHawk	over-ear/AudioQuest NightHawk (oratory1990).csv	oratory1990	GRAS 45BC	over-ear	1
AudioQuest NightOwl	over-ear/AudioQuest NightOwl (oratory1990).csv	oratory1990	GRAS 45BC	over-ear	1
AUNE AR5000	over-ear/AUNE AR5000 (oratory1990).csv	oratory1990	GRAS 45BC-10	over-ear	1
Aurorus Borealis	over-ear/Aurorus Borealis.csv	oratory1990	GRAS 45BC	over-ear	1
Austrian Audio Hi-X15	over-ear/Austrian Audio Hi-X15.csv	oratory1990	GRAS 45BC-10	over-ear	1
Austrian Audio Hi-X55	over-ear/Austrian Audio Hi-X55.csv	oratory1990	GRAS 45BC	over-ear	1
Austrian Audio Hi-X60	over-ear/Austrian Audio Hi-X60 (oratory1990).csv	oratory1990	GRAS 45BC-10	over-ear	1
Austrian Audio Hi-X65	over-ear/Austrian Audio Hi-X65.csv	oratory1990	GRAS 45BC-10	over-ear	1
Austrian Audio The Composer (minimal setting)	over-ear/Austrian Audio The Composer (minimal setting).csv	oratory1990	GRAS 45BC-10	over-ear	1
Austrian Audio The Composer (standard setting)	over-ear/Austrian Audio The Composer (standard setting).csv	oratory1990	GRAS 45BC-10	over-ear	1
Avantone Planar	over-ear/Avantone Planar.csv	oratory1990	GRAS 45BC	over-ear	1
Bang & Olufsen Beoplay H9	over-ear/Bang & Olufsen Beoplay H9.csv	oratory1990	GRAS 43AG	over-ear	1
Bang & Olufsen Beoplay H95	over-ear/Bang & Olufsen Beoplay H95.csv	oratory1990	GRAS 45BC	over-ear	1
Bang & Olufsen Beoplay H9i	over-ear/Bang & Olufsen Beoplay H9i.csv	oratory1990	GRAS 43AG	over-ear	1
Beats Pro	over-ear/Beats Pro (oratory1990).csv	oratory1990	GRAS 43AG	over-ear	1
Beats Solo Pro	over-ear/Beats Solo Pro.csv	oratory1990	GRAS 45BC	over-ear	1
Beats Studio3 Wireless	over-ear/Beats Studio3 Wireless (oratory1990).csv	oratory1990	GRAS 45BC-10	over-ear	1
Beyerdynamic Amiron Home	over-ear/Beyerdynamic Amiron Home.csv	oratory1990	GRAS 45BC	over-ear	1
Beyerdynamic Amiron Wireless (Bluetooth)	over-ear/Beyerdynamic Amiron Wireless (Bluetooth).csv	oratory1990	GRAS 45BC-10	over-ear	1
Beyerdynamic Amiron Wireless (wired)	over-ear/Beyerdynamic Amiron Wireless (wired).csv	oratory1990	GRAS 45BC-10	over-ear	1
Beyerdynamic Aventho Wireless	over-ear/Beyerdynamic Aventho Wireless.csv	oratory1990	GRAS 45BC	over-ear	1
Beyerdynamic Custom One Pro Plus (step 3)	over-ear/Beyerdynamic Custom One Pro Plus (step 3).csv	oratory1990	GRAS 45BC	over-ear	1
Beyerdynamic DT 1770 (leatherette earpads)	over-ear/Beyerdynamic DT 1770 (leatherette earpads).csv	oratory1990	GRAS 45BC-10	over-ear	1
Beyerdynamic DT 1770 (velour earpads)	over-ear/Beyerdynamic DT 1770 (velour earpads).csv	oratory1990	GRAS 45BC-10	over-ear	1
Beyerdynamic DT 177X Go (leather earpads)	over-ear/Beyerdynamic DT 177X Go (leather earpads).csv	oratory1990	GRAS 43AG	over-ear	1
Beyerdynamic DT 177X Go (velour earpads)	over-ear/Beyerdynamic DT 177X Go (velour earpads).csv	oratory1990	GRAS 43AG	over-ear	1
Beyerdynamic DT 1990 (analytic earpads)	over-ear/Beyerdynamic DT 1990 (analytic earpads).csv	oratory1990	GRAS 45BC	over-ear	1
Beyerdynamic DT 1990 (balanced earpads)	over-ear/Beyerdynamic DT 1990 (balanced earpads).csv	oratory1990	GRAS 45BC	over-ear	1
Beyerdynamic DT 240	over-ear/Beyerdynamic DT 240.csv	oratory1990	GRAS 45BC-10	over-ear	1
Beyerdynamic DT 250 (250 Ohm)	over-ear/Beyerdynamic DT 250 (250 Ohm) (oratory1990).csv	oratory1990	GRAS 43AG	over-ear	1
Beyerdynamic DT 250 (80 Ohm)	over-ear/Beyerdynamic DT 250 (80 Ohm).csv	oratory1990	GRAS 45BC	over-ear	1
Beyerdynamic DT 700 Pro X	over-ear/Beyerdynamic DT 700 Pro X (oratory1990).csv	oratory1990	GRAS 45BC-10	over-ear	1
Beyerdynamic DT 770 (Alpha earpads)	over-ear/Beyerdynamic DT 770 (Alpha earpads).csv	oratory1990	GRAS 45BC-10	over-ear	1
Beyerdynamic DT 770 M	over-ear/Beyerdynamic DT 770 M.csv	oratory1990	GRAS 45BC	over-ear	1
Beyerdynamic DT 770 Pro (Dekoni hybrid earpads)	over-ear/Beyerdynamic DT 770 Pro (Dekoni hybrid earpads).csv	oratory1990	GRAS 45BC	over-ear	1
Beyerdynamic DT 770 Pro (worn earpads)	over-ear/Beyerdynamic DT 770 Pro (worn earpads).csv	oratory1990	GRAS 45BC	over-ear	1
Beyerdynamic DT 770 Pro	over-ear/Beyerdynamic DT 770 Pro (oratory1990).csv	oratory1990	GRAS 45BC	over-ear	1
Beyerdynamic DT 880 (worn earpads)	over-ear/Beyerdynamic DT 880 (worn earpads).csv	oratory1990	GRAS 43AG	over-ear	1
Beyerdynamic DT 880 2003 Edition	over-ear/Beyerdynamic DT 880 2003 Edition.csv	oratory1990	GRAS 45BC-10	over-ear	1
Beyerdynamic DT 880 Black Edition	over-ear/Beyerdynamic DT 880 Black Edition.csv	oratory1990	GRAS 43AG	over-ear	1
Beyerdynamic DT 880 Edition (600 Ohm)	over-ear/Beyerdynamic DT 880 Edition (600 Ohm).csv	oratory1990	GRAS 45BC-10	over-ear	1
Beyerdynamic DT 880	over-ear/Beyerdynamic DT 880 (oratory1990).csv	oratory1990	GRAS 45BC-10	over-ear	1
Beyerdynamic DT 900 Pro X	over-ear/Beyerdynamic DT 900 Pro X (oratory1990).csv	oratory1990	GRAS 45BC-10	over-ear	1
Beyerdynamic DT 990 (fresh earpads)	over-ear/Beyerdynamic DT 990 (fresh earpads).csv	oratory1990	GRAS 45BC	over-ear	1
Beyerdynamic DT 990 (worn earpads)	over-ear/Beyerdynamic DT 990 (worn earpads).csv	oratory1990	GRAS 43AG	over-ear	1
Beyerdynamic DT 990 Pro	over-ear/Beyerdynamic DT 990 Pro (oratory1990).csv	oratory1990	GRAS 43AG	over-ear	1
Beyerdynamic DT1990 (Dekoni Elite velour earpads)	over-ear/Beyerdynamic DT1990 (Dekoni Elite velour earpads).csv	oratory1990	GRAS 45BC	over-ear	1
Beyerdynamic DT770 Pro X Limited Edition	over-ear/Beyerdynamic DT770 Pro X Limited Edition (oratory1990).csv	oratory1990	GRAS 45BC-10	over-ear	1
Beyerdynamic DTX 350p	over-ear/Beyerdynamic DTX 350p.csv	oratory1990	GRAS 43AG	over-ear	1
Beyerdynamic ET1000	over-ear/Beyerdynamic ET1000.csv	oratory1990	GRAS 43AG	over-ear	1
Beyerdynamic Lagoon	over-ear/Beyerdynamic Lagoon.csv	oratory1990	GRAS 45BC	over-ear	1
Beyerdynamic MMX 300 (Dekoni Choice leather earpads)	over-ear/Beyerdynamic MMX 300 (Dekoni Choice leather earpads).csv	oratory1990	GRAS 45BC	over-ear	1
Beyerdynamic MMX 300	over-ear/Beyerdynamic MMX 300.csv	oratory1990	GRAS 45BC	over-ear	1
Beyerdynamic MMX100	over-ear/Beyerdynamic MMX100.csv	oratory1990	GRAS 45BC-10	over-ear	1
Beyerdynamic MMX150	over-ear/Beyerdynamic MMX150.csv	oratory1990	GRAS 45BC-10	over-ear	1
Beyerdynamic T1 (2nd Gen)	over-ear/Beyerdynamic T1 (2nd Gen).csv	oratory1990	GRAS 43AG	over-ear	1
Beyerdynamic T1 (3rd Gen)	over-ear/Beyerdynamic T1 (3rd Gen).csv	oratory1990	GRAS 43AG	over-ear	1
Beyerdynamic T5 (3rd Gen)	over-ear/Beyerdynamic T5 (3rd Gen).csv	oratory1990	GRAS 45BC	over-ear	1
Beyerdynamic T70	over-ear/Beyerdynamic T70 (oratory1990).csv	oratory1990	GRAS 45BC-10	over-ear	1
Beyerdynamic TYGR 300	over-ear/Beyerdynamic TYGR 300.csv	oratory1990	GRAS 45BC-10	over-ear	1
Bose Noise Cancelling Headphones 700	over-ear/Bose Noise Cancelling Headphones 700.csv	oratory1990	GRAS 45BC	over-ear	1
Bose QuietComfort 25	over-ear/Bose QuietComfort 25 (oratory1990).csv	oratory1990	GRAS 43AG	over-ear	1
Bose QuietComfort 45	over-ear/Bose QuietComfort 45.csv	oratory1990	GRAS 45BC-10	over-ear	1
Bowers & Wilkins P5	over-ear/Bowers & Wilkins P5 (oratory1990).csv	oratory1990	GRAS 43AG	over-ear	1
Bowers & Wilkins Px7 S2	over-ear/Bowers & Wilkins Px7 S2 (oratory1990).csv	oratory1990	GRAS 45BC-10	over-ear	1
Bowers & Wilkins Px7 S2e	over-ear/Bowers & Wilkins Px7 S2e.csv	oratory1990	GRAS 45BC-10	over-ear	1
Bowers & Wilkins Px8	over-ear/Bowers & Wilkins Px8.csv	oratory1990	GRAS 45BC-10	over-ear	1
Cleer Next	over-ear/Cleer Next.csv	oratory1990	GRAS 43AG	over-ear	1
Cooler Master MH752	over-ear/Cooler Master MH752.csv	oratory1990	GRAS 45BC	over-ear	1
Creative Aurvana Live! 2	over-ear/Creative Aurvana Live! 2 (oratory1990).csv	oratory1990	GRAS 45BC-10	over-ear	1
Creative Aurvana Live!	over-ear/Creative Aurvana Live! (oratory1990).csv	oratory1990	GRAS 45BC	over-ear	1
Creative Sound Blasterx H6 (analog input)	over-ear/Creative Sound Blasterx H6 (analog input).csv	oratory1990	GRAS 45BC	over-ear	1
Dali IO-4	over-ear/Dali IO-4.csv	oratory1990	GRAS 45BC	over-ear	1
Dali IO-6	over-ear/Dali IO-6.csv	oratory1990	GRAS 45BC	over-ear	1
Dan Clark Audio Aeon 2 Closed (perforated earpads)	over-ear/Dan Clark Audio Aeon 2 Closed (perforated earpads).csv	oratory1990	GRAS 45BC	over-ear	1
Dan Clark Audio Aeon 2 Closed	over-ear/Dan Clark Audio Aeon 2 Closed (oratory1990).csv	oratory1990	GRAS 45BC	over-ear	1
Dan Clark Audio Aeon 2 Noire	over-ear/Dan Clark Audio Aeon 2 Noire.csv	oratory1990	GRAS 45BC-10	over-ear	1
Dan Clark Audio Aeon 2 Open	over-ear/Dan Clark Audio Aeon 2 Open (oratory1990).csv	oratory1990	GRAS 45BC	over-ear	1
Dan Clark Audio Aeon Closed RT	over-ear/Dan Clark Audio Aeon Closed RT.csv	oratory1990	GRAS 45BC	over-ear	1
Dan Clark Audio Aeon Flow Closed	over-ear/Dan Clark Audio Aeon Flow Closed (oratory1990).csv	oratory1990	GRAS 45BC	over-ear	1
Dan Clark Audio Aeon Open	over-ear/Dan Clark Audio Aeon Open.csv	oratory1990	GRAS 45BC	over-ear	1
Dan Clark Audio Aeon X Closed	over-ear/Dan Clark Audio Aeon X Closed.csv	oratory1990	GRAS 45BC	over-ear	1
Dan Clark Audio Aeon X Open	over-ear/Dan Clark Audio Aeon X Open.csv	oratory1990	GRAS 45BC-10	over-ear	1
Dan Clark Audio E3	over-ear/Dan Clark Audio E3 (oratory1990).csv	oratory1990	GRAS 45BC-10	over-ear	1
Dan Clark Audio Ether 2	over-ear/Dan Clark Audio Ether 2 (oratory1990).csv	oratory1990	GRAS 45BC	over-ear	1
Dan Clark Audio Ether C Flow 1.1	over-ear/Dan Clark Audio Ether C Flow 1.1.csv	oratory1990	GRAS 45BC	over-ear	1
Dan Clark Audio Ether C Flow	over-ear/Dan Clark Audio Ether C Flow.csv	oratory1990	GRAS 43AG	over-ear	1
Dan Clark Audio Ether C	over-ear/Dan Clark Audio Ether C.csv	oratory1990	GRAS 45BC	over-ear	1
Dan Clark Audio Ether CX	over-ear/Dan Clark Audio Ether CX.csv	oratory1990	GRAS 45BC-10	over-ear	1
Dan Clark Audio Ether Flow 1.1	over-ear/Dan Clark Audio Ether Flow 1.1.csv	oratory1990	GRAS 45BC-10	over-ear	1
Dan Clark Audio Ether Flow	over-ear/Dan Clark Audio Ether Flow (oratory1990).csv	oratory1990	GRAS 43AG	over-ear	1
Dan Clark Audio EXPANSE	over-ear/Dan Clark Audio EXPANSE.csv	oratory1990	GRAS 45BC-10	over-ear	1
Dan Clark Audio Noire X	over-ear/Dan Clark Audio Noire X.csv	oratory1990	GRAS 45BC-10	over-ear	1
Dan Clark Audio Stealth	over-ear/Dan Clark Audio Stealth (oratory1990).csv	oratory1990	GRAS 45BC	over-ear	1
Denon AH-D5200	over-ear/Denon AH-D5200 (oratory1990).csv	oratory1990	GRAS 45BC-10	over-ear	1
Denon AH-D7200	over-ear/Denon AH-D7200.csv	oratory1990	GRAS 45BC-10	over-ear	1
Denon AH-D9200	over-ear/Denon AH-D9200 (oratory1990).csv	oratory1990	GRAS 45BC-10	over-ear	1
Dyson Zone	over-ear/Dyson Zone.csv	oratory1990	GRAS 45BC-10	over-ear	1
E-Mu Teak	over-ear/E-Mu Teak.csv	oratory1990	GRAS 43AG	over-ear	1
EarFun Wave	over-ear/EarFun Wave.csv	oratory1990	GRAS 43AG	over-ear	1
Emotiva Airmotiv GR1	over-ear/Emotiva Airmotiv GR1.csv	oratory1990	GRAS 45BC	over-ear	1
ETA Mini Closed	over-ear/ETA Mini Closed.csv	oratory1990	GRAS 45BC-10	over-ear	1
ETA Mini Semi-Closed (with ring dampeners installed)	over-ear/ETA Mini Semi-Closed (with ring dampeners installed).csv	oratory1990	GRAS 45BC-10	over-ear	1
ETA Mini Semi-Closed	over-ear/ETA Mini Semi-Closed.csv	oratory1990	GRAS 45BC-10	over-ear	1
Fairphone Fairbuds XL	over-ear/Fairphone Fairbuds XL.csv	oratory1990	GRAS 45BC-10	over-ear	1
FiiO FT1 Pro	over-ear/FiiO FT1 Pro (oratory1990).csv	oratory1990	GRAS 45BC-10	over-ear	1
FiiO FT1	over-ear/FiiO FT1.csv	oratory1990	GRAS 45BC-10	over-ear	1
FiiO FT3 (pleather earpads)	over-ear/FiiO FT3 (pleather earpads) (oratory1990).csv	oratory1990	GRAS 45BC-10	over-ear	1
FiiO FT3 (suede earpads)	over-ear/FiiO FT3 (suede earpads) (oratory1990).csv	oratory1990	GRAS 45BC-10	over-ear	1
FiiO FT5 (pleather earpads)	over-ear/FiiO FT5 (pleather earpads) (oratory1990).csv	oratory1990	GRAS 45BC-10	over-ear	1
FiiO FT5 (suede earpads)	over-ear/FiiO FT5 (suede earpads) (oratory1990).csv	oratory1990	GRAS 45BC-10	over-ear	1
Final Audio D8000 Pro Edition	over-ear/Final Audio D8000 Pro Edition.csv	oratory1990	GRAS 45BC	over-ear	1
Final Audio Sonorous IV (A-type earpads)	over-ear/Final Audio Sonorous IV (A-type earpads).csv	oratory1990	GRAS 45BC	over-ear	1
Final Audio UX3000 (Bluetooth, ANC on)	over-ear/Final Audio UX3000 (Bluetooth, ANC on).csv	oratory1990	GRAS 45BC-10	over-ear	1
Focal Azurys	over-ear/Focal Azurys (oratory1990).csv	oratory1990	GRAS 45BC-10	over-ear	1
Focal Bathys	over-ear/Focal Bathys.csv	oratory1990	GRAS 45BC-10	over-ear	1
Focal Celestee	over-ear/Focal Celestee.csv	oratory1990	GRAS 45BC	over-ear	1
Focal Clear Mg	over-ear/Focal Clear Mg (oratory1990).csv	oratory1990	GRAS 45BC-10	over-ear	1
Focal Clear	over-ear/Focal Clear (oratory1990).csv	oratory1990	GRAS 45BC-10	over-ear	1
Focal Elear	over-ear/Focal Elear (oratory1990).csv	oratory1990	GRAS 45BC-10	over-ear	1
Focal Elegia	over-ear/Focal Elegia (oratory1990).csv	oratory1990	GRAS 45BC	over-ear	1
Focal Elex	over-ear/Focal Elex.csv	oratory1990	GRAS 45BC	over-ear	1
Focal Hadenys	over-ear/Focal Hadenys (oratory1990).csv	oratory1990	GRAS 45BC-10	over-ear	1
Focal Radiance	over-ear/Focal Radiance.csv	oratory1990	GRAS 45BC-10	over-ear	1
Focal Spirit Classic	over-ear/Focal Spirit Classic.csv	oratory1990	GRAS 43AG	over-ear	1
Focal Stellia	over-ear/Focal Stellia (oratory1990).csv	oratory1990	GRAS 45BC-10	over-ear	1
Focal Utopia (Dekoni fenestrated Sheepskin Earpads)	over-ear/Focal Utopia (Dekoni fenestrated Sheepskin Earpads).csv	oratory1990	GRAS 45BC	over-ear	1
Focal Utopia (Dekoni sheepskin Earpads)	over-ear/Focal Utopia (Dekoni sheepskin Earpads).csv	oratory1990	GRAS 45BC	over-ear	1
Focal Utopia 2022	over-ear/Focal Utopia 2022 (oratory1990).csv	oratory1990	GRAS 45BC-10	over-ear	1
Focal Utopia	over-ear/Focal Utopia (oratory1990).csv	oratory1990	GRAS 45BC-10	over-ear	1
Focusrite HP60 (Scarlett Studio)	over-ear/Focusrite HP60 (Scarlett Studio).csv	oratory1990	GRAS 43AG	over-ear	1
Fostex T-X0	over-ear/Fostex T-X0.csv	oratory1990	GRAS 43AG	over-ear	1
Fostex T40RP Mk3	over-ear/Fostex T40RP Mk3 (oratory1990).csv	oratory1990	GRAS 45BC-10	over-ear	1
Fostex TH-X00 (ebony)	over-ear/Fostex TH-X00 (ebony).csv	oratory1990	GRAS 43AG	over-ear	1
Fostex TH-X00 (mahogany)	over-ear/Fostex TH-X00 (mahogany).csv	oratory1990	GRAS 43AG	over-ear	1
Fostex TH-X00 (purpleheart)	over-ear/Fostex TH-X00 (purpleheart) (oratory1990).csv	oratory1990	GRAS 45BC	over-ear	1
Fostex TH500RP	over-ear/Fostex TH500RP.csv	oratory1990	GRAS 45BC	over-ear	1
Fostex TH610 (Dekoni fenestrated Sheepskin Earpads)	over-ear/Fostex TH610 (Dekoni fenestrated Sheepskin Earpads).csv	oratory1990	GRAS 45BC-10	over-ear	1
Fostex TH900mk2 (anniversary tuning)	over-ear/Fostex TH900mk2 (anniversary tuning).csv	oratory1990	GRAS 45BC-10	over-ear	1
Fostex TH900mk2	over-ear/Fostex TH900mk2 (oratory1990).csv	oratory1990	GRAS 45BC-10	over-ear	1
Fostex TH909	over-ear/Fostex TH909.csv	oratory1990	GRAS 45BC	over-ear	1
Gold Planar GL2000	over-ear/Gold Planar GL2000 (oratory1990).csv	oratory1990	GRAS 45BC	over-ear	1
Grado GW100	over-ear/Grado GW100.csv	oratory1990	GRAS 45BC-10	over-ear	1
Grado Hemp	over-ear/Grado Hemp.csv	oratory1990	GRAS 45BC-10	over-ear	1
Grado SR325x	over-ear/Grado SR325x (oratory1990).csv	oratory1990	GRAS 45BC-10	over-ear	1
Grado SR60e	over-ear/Grado SR60e (oratory1990).csv	oratory1990	GRAS 45BC	over-ear	1
Grado SR60x	over-ear/Grado SR60x (oratory1990).csv	oratory1990	GRAS 45BC-10	over-ear	1
HarmonicDyne G200 (velour earpads)	over-ear/HarmonicDyne G200 (velour earpads).csv	oratory1990	GRAS 45BC-10	over-ear	1
HarmonicDyne Zeus	over-ear/HarmonicDyne Zeus.csv	oratory1990	GRAS 45BC	over-ear	1
HEDD Heddphone 2	over-ear/HEDD Heddphone 2 (oratory1990).csv	oratory1990	GRAS 45BC-10	over-ear	1
HEDD HEDDphone	over-ear/HEDD HEDDphone (oratory1990).csv	oratory1990	GRAS 45BC-10	over-ear	1
HIFIMAN Ananda Nano	over-ear/HIFIMAN Ananda Nano (oratory1990).csv	oratory1990	GRAS 45BC-10	over-ear	1
HIFIMAN Ananda Stealth	over-ear/HIFIMAN Ananda Stealth.csv	oratory1990	GRAS 45BC-10	over-ear	1
HIFIMAN Ananda	over-ear/HIFIMAN Ananda (oratory1990).csv	oratory1990	GRAS 43AG	over-ear	1
HIFIMAN Arya Organic	over-ear/HIFIMAN Arya Organic (oratory1990).csv	oratory1990	GRAS 45BC-10	over-ear	1
HIFIMAN Arya Stealth Magnet Version	over-ear/HIFIMAN Arya Stealth Magnet Version.csv	oratory1990	GRAS 45BC-10	over-ear	1
HIFIMAN Arya	over-ear/HIFIMAN Arya (oratory1990).csv	oratory1990	GRAS 45BC-10	over-ear	1
HIFIMAN Audivina	over-ear/HIFIMAN Audivina.csv	oratory1990	GRAS 45BC-10	over-ear	1
HIFIMAN Deva (wired)	over-ear/HIFIMAN Deva (wired).csv	oratory1990	GRAS 45BC	over-ear	1
HIFIMAN Deva (wireless)	over-ear/HIFIMAN Deva (wireless).csv	oratory1990	GRAS 43AG	over-ear	1
HIFIMAN Deva Pro	over-ear/HIFIMAN Deva Pro (oratory1990).csv	oratory1990	GRAS 45BC-10	over-ear	1
HIFIMAN Edition S (closed back)	over-ear/HIFIMAN Edition S (closed back).csv	oratory1990	GRAS 45BC	over-ear	1
HIFIMAN Edition S (open back)	over-ear/HIFIMAN Edition S (open back).csv	oratory1990	GRAS 45BC	over-ear	1
HIFIMAN Edition X V2	over-ear/HIFIMAN Edition X V2 (oratory1990).csv	oratory1990	GRAS 43AG	over-ear	1
HIFIMAN Edition X	over-ear/HIFIMAN Edition X (oratory1990).csv	oratory1990	GRAS 43AG	over-ear	1
HIFIMAN Edition XS	over-ear/HIFIMAN Edition XS (oratory1990).csv	oratory1990	GRAS 45BC-10	over-ear	1
HIFIMAN Edition XX	over-ear/HIFIMAN Edition XX.csv	oratory1990	GRAS 43AG	over-ear	1
HIFIMAN HE-R9	over-ear/HIFIMAN HE-R9 (oratory1990).csv	oratory1990	GRAS 45BC-10	over-ear	1
HIFIMAN HE-X4	over-ear/HIFIMAN HE-X4.csv	oratory1990	GRAS 45BC-10	over-ear	1
HIFIMAN HE1000 Stealth	over-ear/HIFIMAN HE1000 Stealth.csv	oratory1990	GRAS 45BC-10	over-ear	1
HIFIMAN HE1000 V2	over-ear/HIFIMAN HE1000 V2.csv	oratory1990	GRAS 45BC-10	over-ear	1
HIFIMAN HE1000se	over-ear/HIFIMAN HE1000se (oratory1990).csv	oratory1990	GRAS 45BC	over-ear	1
HIFIMAN HE350	over-ear/HIFIMAN HE350.csv	oratory1990	GRAS 43AG	over-ear	1
HIFIMAN HE35X	over-ear/HIFIMAN HE35X.csv	oratory1990	GRAS 43AG	over-ear	1
HIFIMAN HE400i (2016)	over-ear/HIFIMAN HE400i (2016).csv	oratory1990	GRAS 45BC	over-ear	1
HIFIMAN HE400i (2020)	over-ear/HIFIMAN HE400i (2020).csv	oratory1990	GRAS 45BC	over-ear	1
HIFIMAN HE400se	over-ear/HIFIMAN HE400se (oratory1990).csv	oratory1990	GRAS 45BC-10	over-ear	1
HIFIMAN HE4XX	over-ear/HIFIMAN HE4XX (oratory1990).csv	oratory1990	GRAS 45BC	over-ear	1
HIFIMAN HE560	over-ear/HIFIMAN HE560.csv	oratory1990	GRAS 45BC-10	over-ear	1
HIFIMAN HE5XX	over-ear/HIFIMAN HE5XX.csv	oratory1990	GRAS 45BC	over-ear	1
HIFIMAN HE6	over-ear/HIFIMAN HE6 (oratory1990).csv	oratory1990	GRAS 45BC	over-ear	1
HIFIMAN HE6se V2	over-ear/HIFIMAN HE6se V2.csv	oratory1990	GRAS 45BC-10	over-ear	1
HIFIMAN HE6se	over-ear/HIFIMAN HE6se.csv	oratory1990	GRAS 45BC	over-ear	1
HIFIMAN Jade II	over-ear/HIFIMAN Jade II.csv	oratory1990	GRAS 45BC-10	over-ear	1
HIFIMAN Shangri-La Jr	over-ear/HIFIMAN Shangri-La Jr.csv	oratory1990	GRAS 45BC-10	over-ear	1
HIFIMAN Shangri-La	over-ear/HIFIMAN Shangri-La.csv	oratory1990	GRAS 43AG	over-ear	1
HIFIMAN Sundara (Dekoni sheepskin Earpads)	over-ear/HIFIMAN Sundara (Dekoni sheepskin Earpads).csv	oratory1990	GRAS 45BC-10	over-ear	1
HIFIMAN Sundara (post-2020 earpads)	over-ear/HIFIMAN Sundara (post-2020 earpads) (oratory1990).csv	oratory1990	GRAS 45BC-10	over-ear	1
HIFIMAN Sundara (pre-2020 earpads)	over-ear/HIFIMAN Sundara (pre-2020 earpads).csv	oratory1990	GRAS 45BC	over-ear	1
HIFIMAN Sundara Closed-Back	over-ear/HIFIMAN Sundara Closed-Back (oratory1990).csv	oratory1990	GRAS 45BC-10	over-ear	1
House of Marley Positive Vibration 2	over-ear/House of Marley Positive Vibration 2.csv	oratory1990	GRAS 45BC-10	over-ear	1
HyperX Cloud Alpha	over-ear/HyperX Cloud Alpha (oratory1990).csv	oratory1990	GRAS 45BC	over-ear	1
HyperX Cloud II	over-ear/HyperX Cloud II (oratory1990).csv	oratory1990	GRAS 45BC-10	over-ear	1
Jabra Evolve 40	over-ear/Jabra Evolve 40.csv	oratory1990	GRAS 43AC	over-ear	1
JBL Duet NC (ANC Off)	over-ear/JBL Duet NC (ANC Off).csv	oratory1990	GRAS 43AG	over-ear	1
JBL Duet NC (ANC On)	over-ear/JBL Duet NC (ANC On).csv	oratory1990	GRAS 43AG	over-ear	1
JBL T450BT	over-ear/JBL T450BT.csv	oratory1990	GRAS 45BC-10	over-ear	1
Kennerton Magister	over-ear/Kennerton Magister (oratory1990).csv	oratory1990	GRAS 43AG	over-ear	1
Kingsound KS-H04	over-ear/Kingsound KS-H04.csv	oratory1990	GRAS 45BC	over-ear	1
KLH Ultimate One	over-ear/KLH Ultimate One.csv	oratory1990	GRAS 43AG	over-ear	1
Koss ESP95X	over-ear/Koss ESP95X.csv	oratory1990	GRAS 45BC	over-ear	1
Koss KPH30i (Grado GS1000 earpads)	over-ear/Koss KPH30i (Grado GS1000 earpads).csv	oratory1990	GRAS 45BC	over-ear	1
Koss KPH30i	over-ear/Koss KPH30i (oratory1990).csv	oratory1990	GRAS 45BC-10	over-ear	1
Koss KPH40	over-ear/Koss KPH40.csv	oratory1990	GRAS 45BC-10	over-ear	1
Koss KSC75	over-ear/Koss KSC75 (oratory1990).csv	oratory1990	GRAS 45BC	over-ear	1
Koss KSC75X (Yaxi earpads)	over-ear/Koss KSC75X (Yaxi earpads).csv	oratory1990	GRAS 45BC	over-ear	1
Koss Porta Pro (Yaxi earpads)	over-ear/Koss Porta Pro (Yaxi earpads) (oratory1990).csv	oratory1990	GRAS 45BC	over-ear	1
Koss Porta Pro	over-ear/Koss Porta Pro (oratory1990).csv	oratory1990	GRAS 45BC	over-ear	1
Lindy HF-100	over-ear/Lindy HF-100.csv	oratory1990	GRAS 45BC	over-ear	1
Lioncast X55	over-ear/Lioncast X55.csv	oratory1990	GRAS 45BC	over-ear	1
Logitech G433	over-ear/Logitech G433.csv	oratory1990	GRAS 43AG	over-ear	1
Logitech G930	over-ear/Logitech G930.csv	oratory1990	GRAS 43AG	over-ear	1
Mackie MC-250	over-ear/Mackie MC-250.csv	oratory1990	GRAS 45BC-10	over-ear	1
Mark Levinson No 5909	over-ear/Mark Levinson No 5909.csv	oratory1990	GRAS 45BC-10	over-ear	1
Massdrop Panda	over-ear/Massdrop Panda.csv	oratory1990	GRAS 45BC	over-ear	1
Master & Dynamic MH40	over-ear/Master & Dynamic MH40 (oratory1990).csv	oratory1990	GRAS 45BC	over-ear	1
Meze 105 Aer	over-ear/Meze 105 Aer (oratory1990).csv	oratory1990	GRAS 45BC-10	over-ear	1
Meze 109 Pro	over-ear/Meze 109 Pro (oratory1990).csv	oratory1990	GRAS 45BC-10	over-ear	1
Meze 99 Classics (Brainwavz memory foam hybrid earpads)	over-ear/Meze 99 Classics (Brainwavz memory foam hybrid earpads).csv	oratory1990	GRAS 43AG	over-ear	1
Meze 99 Classics	over-ear/Meze 99 Classics (oratory1990).csv	oratory1990	GRAS 43AG	over-ear	1
Meze 99 Neo	over-ear/Meze 99 Neo (oratory1990).csv	oratory1990	GRAS 45BC-10	over-ear	1
Meze 99 Noir	over-ear/Meze 99 Noir.csv	oratory1990	GRAS 45BC	over-ear	1
Meze Elite (alcantara earpads)	over-ear/Meze Elite (alcantara earpads).csv	oratory1990	GRAS 45BC-10	over-ear	1
Meze Elite (hybrid earpads)	over-ear/Meze Elite (hybrid earpads).csv	oratory1990	GRAS 45BC-10	over-ear	1
Meze Empyrean (alcantara earpads)	over-ear/Meze Empyrean (alcantara earpads) (oratory1990).csv	oratory1990	GRAS 45BC	over-ear	1
Meze Empyrean (leather earpads)	over-ear/Meze Empyrean (leather earpads) (oratory1990).csv	oratory1990	GRAS 45BC	over-ear	1
Meze Empyrean 2 (Duo earpads)	over-ear/Meze Empyrean 2 (Duo earpads) (oratory1990).csv	oratory1990	GRAS 45BC-10	over-ear	1
Meze Liric 2	over-ear/Meze Liric 2 (oratory1990).csv	oratory1990	GRAS 45BC-10	over-ear	1
Meze Liric	over-ear/Meze Liric.csv	oratory1990	GRAS 45BC-10	over-ear	1
Microsoft Surface Headphones	over-ear/Microsoft Surface Headphones.csv	oratory1990	GRAS 43AG	over-ear	1
Modhouse Audio Tungsten (hybrid earpads)	over-ear/Modhouse Audio Tungsten (hybrid earpads) (oratory1990).csv	oratory1990	GRAS 45BC-10	over-ear	1
Modhouse Audio Tungsten (perforated earpads)	over-ear/Modhouse Audio Tungsten (perforated earpads).csv	oratory1990	GRAS 45BC-10	over-ear	1
Monoprice M1060	over-ear/Monoprice M1060 (oratory1990).csv	oratory1990	GRAS 43AG	over-ear	1
Monoprice M1570 (leather earpads)	over-ear/Monoprice M1570 (leather earpads).csv	oratory1990	GRAS 45BC	over-ear	1
Monoprice M1570 (velour earpads)	over-ear/Monoprice M1570 (velour earpads).csv	oratory1990	GRAS 45BC	over-ear	1
Monoprice M1570C (leather earpads)	over-ear/Monoprice M1570C (leather earpads).csv	oratory1990	GRAS 45BC-10	over-ear	1
Monoprice M1570C (velours earpads)	over-ear/Monoprice M1570C (velours earpads).csv	oratory1990	GRAS 45BC-10	over-ear	1
Monoprice M650	over-ear/Monoprice M650.csv	oratory1990	GRAS 43AG	over-ear	1
Monoprice Modern Retro (Dekoni elite hybrid earpads)	over-ear/Monoprice Modern Retro (Dekoni elite hybrid earpads).csv	oratory1990	GRAS 45BC	over-ear	1
Monoprice Modern Retro	over-ear/Monoprice Modern Retro.csv	oratory1990	GRAS 45BC	over-ear	1
Moondrop Para	over-ear/Moondrop Para.csv	oratory1990	GRAS 45BC-10	over-ear	1
Moondrop Venus	over-ear/Moondrop Venus (oratory1990).csv	oratory1990	GRAS 45BC-10	over-ear	1
NAD VISO HP50	over-ear/NAD VISO HP50 (oratory1990).csv	oratory1990	GRAS 45BC	over-ear	1
Nectar Hive	over-ear/Nectar Hive.csv	oratory1990	GRAS 45BC-10	over-ear	1
Neumann NDH20	over-ear/Neumann NDH20 (oratory1990).csv	oratory1990	GRAS 45BC	over-ear	1
Neumann NDH30	over-ear/Neumann NDH30 (oratory1990).csv	oratory1990	GRAS 45BC-10	over-ear	1
OLLO S4R 1.1	over-ear/OLLO S4R 1.1.csv	oratory1990	GRAS 45BC-10	over-ear	1
OLLO S4R	over-ear/OLLO S4R.csv	oratory1990	GRAS 45BC	over-ear	1
Onkyo A800	over-ear/Onkyo A800.csv	oratory1990	GRAS 45BC-10	over-ear	1
Oppo PM2	over-ear/Oppo PM2 (oratory1990).csv	oratory1990	GRAS 45BC	over-ear	1
Oppo PM3 (Aliexpress earpads)	over-ear/Oppo PM3 (Aliexpress earpads).csv	oratory1990	GRAS 45BC	over-ear	1
Oppo PM3 (Aliexpress leather earpads)	over-ear/Oppo PM3 (Aliexpress leather earpads).csv	oratory1990	GRAS 45BC-10	over-ear	1
Oppo PM3	over-ear/Oppo PM3 (oratory1990).csv	oratory1990	GRAS 45BC-10	over-ear	1
ORA GrapheneQ	over-ear/ORA GrapheneQ.csv	oratory1990	GRAS 45BC	over-ear	1
Peerless MB PMB 85 Double Action	over-ear/Peerless MB PMB 85 Double Action.csv	oratory1990	GRAS 45BC	over-ear	1
Philips Fidelio L2	over-ear/Philips Fidelio L2.csv	oratory1990	GRAS 45BC	over-ear	1
Philips Fidelio M1	over-ear/Philips Fidelio M1 (oratory1990).csv	oratory1990	GRAS 43AG	over-ear	1
Philips Fidelio M2L	over-ear/Philips Fidelio M2L.csv	oratory1990	GRAS 43AG	over-ear	1
Philips Fidelio NC1	over-ear/Philips Fidelio NC1.csv	oratory1990	GRAS 43AG	over-ear	1
Philips Fidelio X2HR	over-ear/Philips Fidelio X2HR (oratory1990).csv	oratory1990	GRAS 45BC-10	over-ear	1
Philips Fidelio X3	over-ear/Philips Fidelio X3.csv	oratory1990	GRAS 45BC	over-ear	1
Philips SHP9500	over-ear/Philips SHP9500 (oratory1990).csv	oratory1990	GRAS 45BC-10	over-ear	1
Plantronics 325T	over-ear/Plantronics 325T.csv	oratory1990	GRAS 45BC	over-ear	1
Ploopy Ploopy Headphones	over-ear/Ploopy Ploopy Headphones.csv	oratory1990	GRAS 45BC-10	over-ear	1
PSB M4U 8	over-ear/PSB M4U 8.csv	oratory1990	GRAS 45BC	over-ear	1
QUAD Era-1	over-ear/QUAD Era-1.csv	oratory1990	GRAS 43AG	over-ear	1
RAAL CA1a (open earpads)	over-ear/RAAL CA1a (open earpads).csv	oratory1990	GRAS 45BC-10	over-ear	1
RAAL SR1a	over-ear/RAAL SR1a.csv	oratory1990	GRAS 45BC	over-ear	1
Ritmix RH-508	over-ear/Ritmix RH-508.csv	oratory1990	GRAS 43AG	over-ear	1
Rosson Audio Design RAD-0	over-ear/Rosson Audio Design RAD-0.csv	oratory1990	GRAS 45BC	over-ear	1
RØDE NTH-100	over-ear/RØDE NTH-100 (oratory1990).csv	oratory1990	GRAS 45BC-10	over-ear	1
Sash Tres 45 (closed back, leather earpads)	over-ear/Sash Tres 45 (closed back, leather earpads).csv	oratory1990	GRAS 45BC-10	over-ear	1
Sash Tres 45 (open back, leather earpads)	over-ear/Sash Tres 45 (open back, leather earpads).csv	oratory1990	GRAS 45BC-10	over-ear	1
Sash Tres 45 (perforated leather earpads)	over-ear/Sash Tres 45 (perforated leather earpads).csv	oratory1990	GRAS 45BC-10	over-ear	1
Sash Tres 45 (velour earpads)	over-ear/Sash Tres 45 (velour earpads).csv	oratory1990	GRAS 45BC-10	over-ear	1
Sendy Aiva	over-ear/Sendy Aiva (oratory1990).csv	oratory1990	GRAS 45BC-10	over-ear	1
Sendy Peacock	over-ear/Sendy Peacock.csv	oratory1990	GRAS 45BC	over-ear	1
Sennheiser ACCENTUM Plus	over-ear/Sennheiser ACCENTUM Plus.csv	oratory1990	GRAS 45BC-10	over-ear	1
Sennheiser ACCENTUM	over-ear/Sennheiser ACCENTUM (oratory1990).csv	oratory1990	GRAS 45BC-10	over-ear	1
Sennheiser GAME ONE	over-ear/Sennheiser GAME ONE.csv	oratory1990	GRAS 45BC-10	over-ear	1
Sennheiser HD 280 Pro	over-ear/Sennheiser HD 280 Pro (oratory1990).csv	oratory1990	GRAS 45BC-10	over-ear	1
Sennheiser HD 4.50 BTNC	over-ear/Sennheiser HD 4.50 BTNC.csv	oratory1990	GRAS 45BC-10	over-ear	1
Sennheiser HD 450BT	over-ear/Sennheiser HD 450BT.csv	oratory1990	GRAS 45BC-10	over-ear	1
Sennheiser HD 505	over-ear/Sennheiser HD 505.csv	oratory1990	GRAS 45BC-10	over-ear	1
Sennheiser HD 515	over-ear/Sennheiser HD 515.csv	oratory1990	GRAS 45BC-10	over-ear	1
Sennheiser HD 518	over-ear/Sennheiser HD 518 (oratory1990).csv	oratory1990	GRAS 45BC	over-ear	1
Sennheiser HD 540 reference-II	over-ear/Sennheiser HD 540 reference-II.csv	oratory1990	GRAS 43AG	over-ear	1
Sennheiser HD 550	over-ear/Sennheiser HD 550.csv	oratory1990	GRAS 45BC-10	over-ear	1
Sennheiser HD 555	over-ear/Sennheiser HD 555 (oratory1990).csv	oratory1990	GRAS 43AG	over-ear	1
Sennheiser HD 559	over-ear/Sennheiser HD 559.csv	oratory1990	GRAS 45BC-10	over-ear	1
Sennheiser HD 560S	over-ear/Sennheiser HD 560S (oratory1990).csv	oratory1990	GRAS 45BC-10	over-ear	1
Sennheiser HD 569	over-ear/Sennheiser HD 569 (oratory1990).csv	oratory1990	GRAS 45BC-10	over-ear	1
Sennheiser HD 580 precision	over-ear/Sennheiser HD 580 precision (oratory1990).csv	oratory1990	GRAS 45BC	over-ear	1
Sennheiser HD 58X (Brainwavz microsuede oval earpads)	over-ear/Sennheiser HD 58X (Brainwavz microsuede oval earpads).csv	oratory1990	GRAS 45BC	over-ear	1
Sennheiser HD 58X	over-ear/Sennheiser HD 58X (oratory1990).csv	oratory1990	GRAS 45BC-10	over-ear	1
Sennheiser HD 598 CS	over-ear/Sennheiser HD 598 CS.csv	oratory1990	GRAS 45BC	over-ear	1
Sennheiser HD 598	over-ear/Sennheiser HD 598 (oratory1990).csv	oratory1990	GRAS 45BC	over-ear	1
Sennheiser HD 599	over-ear/Sennheiser HD 599.csv	oratory1990	GRAS 45BC-10	over-ear	1
Sennheiser HD 600	over-ear/Sennheiser HD 600 (oratory1990).csv	oratory1990	GRAS 45BC-10	over-ear	1
Sennheiser HD 620S	over-ear/Sennheiser HD 620S (oratory1990).csv	oratory1990	GRAS 45BC-10	over-ear	1
Sennheiser HD 630VB	over-ear/Sennheiser HD 630VB.csv	oratory1990	GRAS 45BC-10	over-ear	1
Sennheiser HD 650	over-ear/Sennheiser HD 650 (oratory1990).csv	oratory1990	GRAS 45BC-10	over-ear	1
Sennheiser HD 660 S	over-ear/Sennheiser HD 660 S (oratory1990).csv	oratory1990	GRAS 45BC-10	over-ear	1
Sennheiser HD 660S (Dekoni Fenestrated Sheepskin Earpads)	over-ear/Sennheiser HD 660S (Dekoni Fenestrated Sheepskin Earpads).csv	oratory1990	GRAS 45BC	over-ear	1
Sennheiser HD 660S2	over-ear/Sennheiser HD 660S2 (oratory1990).csv	oratory1990	GRAS 45BC-10	over-ear	1
Sennheiser HD 6XX	over-ear/Sennheiser HD 6XX (oratory1990).csv	oratory1990	GRAS 45BC-10	over-ear	1
Sennheiser HD 700 (Dekoni elite velours earpads)	over-ear/Sennheiser HD 700 (Dekoni elite velours earpads).csv	oratory1990	GRAS 45BC-10	over-ear	1
Sennheiser HD 700	over-ear/Sennheiser HD 700 (oratory1990).csv	oratory1990	GRAS 45BC-10	over-ear	1
Sennheiser HD 800 (SDR mod)	over-ear/Sennheiser HD 800 (SDR mod) (oratory1990).csv	oratory1990	GRAS 45BC-10	over-ear	1
Sennheiser HD 800 (SDR mod, Dekoni fenestrated sheepskin earpads)	over-ear/Sennheiser HD 800 (SDR mod, Dekoni fenestrated sheepskin earpads).csv	oratory1990	GRAS 45BC-10	over-ear	1
Sennheiser HD 800 S (Dekoni fenestrated sheepskin earpads)	over-ear/Sennheiser HD 800 S (Dekoni fenestrated sheepskin earpads).csv	oratory1990	GRAS 45BC	over-ear	1
Sennheiser HD 800 S (ZMF sheepskin earpads)	over-ear/Sennheiser HD 800 S (ZMF sheepskin earpads).csv	oratory1990	GRAS 45BC-10	over-ear	1
Sennheiser HD 800 S	over-ear/Sennheiser HD 800 S (oratory1990).csv	oratory1990	GRAS 45BC	over-ear	1
Sennheiser HD 800	over-ear/Sennheiser HD 800 (oratory1990).csv	oratory1990	GRAS 45BC	over-ear	1
Sennheiser HD 820	over-ear/Sennheiser HD 820 (oratory1990).csv	oratory1990	GRAS 45BC	over-ear	1
Sennheiser HD 8XX	over-ear/Sennheiser HD 8XX.csv	oratory1990	GRAS 45BC-10	over-ear	1
Sennheiser HD25-1 II (bad seal)	over-ear/Sennheiser HD25-1 II (bad seal).csv	oratory1990	GRAS 45BC	over-ear	1
Sennheiser HD25-1 II	over-ear/Sennheiser HD25-1 II.csv	oratory1990	GRAS 45BC	over-ear	1
Sennheiser HD490 Pro (mixing earpads)	over-ear/Sennheiser HD490 Pro (mixing earpads) (oratory1990).csv	oratory1990	GRAS 45BC-10	over-ear	1
Sennheiser HD490 Pro (producing earpads)	over-ear/Sennheiser HD490 Pro (producing earpads) (oratory1990).csv	oratory1990	GRAS 45BC-10	over-ear	1
Sennheiser HE 1 Orpheus 2	over-ear/Sennheiser HE 1 Orpheus 2.csv	oratory1990	GRAS 45BC-10	over-ear	1
Sennheiser HE 90 Orpheus	over-ear/Sennheiser HE 90 Orpheus.csv	oratory1990	GRAS 45BC	over-ear	1
Sennheiser Momentum 2.0 (wireless)	over-ear/Sennheiser Momentum 2.0 (wireless) (oratory1990).csv	oratory1990	GRAS 45BC	over-ear	1
Sennheiser Momentum 3 Wireless	over-ear/Sennheiser Momentum 3 Wireless.csv	oratory1990	GRAS 45BC	over-ear	1
Sennheiser Momentum 4 Wireless	over-ear/Sennheiser Momentum 4 Wireless (oratory1990).csv	oratory1990	GRAS 45BC-10	over-ear	1
Sennheiser PC 373D	over-ear/Sennheiser PC 373D.csv	oratory1990	GRAS 45BC-10	over-ear	1
Sennheiser PC37X	over-ear/Sennheiser PC37X.csv	oratory1990	GRAS 45BC-10	over-ear	1
Sennheiser PC38X (velour earpads)	over-ear/Sennheiser PC38X (velour earpads) (oratory1990).csv	oratory1990	GRAS 45BC-10	over-ear	1
Sennheiser PC38X	over-ear/Sennheiser PC38X.csv	oratory1990	GRAS 45BC-10	over-ear	1
Sennheiser PX 100 II	over-ear/Sennheiser PX 100 II (oratory1990).csv	oratory1990	GRAS 45BC	over-ear	1
Sennheiser PXC 550-II Wireless	over-ear/Sennheiser PXC 550-II Wireless.csv	oratory1990	GRAS 45BC	over-ear	1
Shure AONIC 50	over-ear/Shure AONIC 50.csv	oratory1990	GRAS 45BC-10	over-ear	1
Shure SRH1540	over-ear/Shure SRH1540 (oratory1990).csv	oratory1990	GRAS 45BC	over-ear	1
Shure SRH1840	over-ear/Shure SRH1840 (oratory1990).csv	oratory1990	GRAS 45BC-10	over-ear	1
Shure SRH440	over-ear/Shure SRH440 (oratory1990).csv	oratory1990	GRAS 45BC-10	over-ear	1
Shure SRH440A	over-ear/Shure SRH440A.csv	oratory1990	GRAS 45BC-10	over-ear	1
Shure SRH840	over-ear/Shure SRH840 (oratory1990).csv	oratory1990	GRAS 45BC	over-ear	1
Shure SRH840A	over-ear/Shure SRH840A.csv	oratory1990	GRAS 45BC-10	over-ear	1
Sivga Audio Phoenix	over-ear/Sivga Audio Phoenix.csv	oratory1990	GRAS 45BC	over-ear	1
Sivga Audio Robin	over-ear/Sivga Audio Robin (oratory1990).csv	oratory1990	GRAS 45BC-10	over-ear	1
Sivga Luan	over-ear/Sivga Luan (oratory1990).csv	oratory1990	GRAS 45BC-10	over-ear	1
Sivga Oriole	over-ear/Sivga Oriole (oratory1990).csv	oratory1990	GRAS 45BC-10	over-ear	1
Skullcandy Grind Wireless	over-ear/Skullcandy Grind Wireless.csv	oratory1990	GRAS 45BC-10	over-ear	1
Sony MDR-1000X	over-ear/Sony MDR-1000X.csv	oratory1990	GRAS 45BC-10	over-ear	1
Sony MDR-7506	over-ear/Sony MDR-7506 (oratory1990).csv	oratory1990	GRAS 45BC-10	over-ear	1
Sony MDR-CD900ST	over-ear/Sony MDR-CD900ST.csv	oratory1990	GRAS 45BC-10	over-ear	1
Sony MDR-F1	over-ear/Sony MDR-F1.csv	oratory1990	GRAS 45BC	over-ear	1
Sony MDR-MA900	over-ear/Sony MDR-MA900.csv	oratory1990	GRAS 45BC	over-ear	1
Sony MDR-MV1	over-ear/Sony MDR-MV1.csv	oratory1990	GRAS 45BC-10	over-ear	1
Sony MDR-R10	over-ear/Sony MDR-R10.csv	oratory1990	GRAS 45BC-10	over-ear	1
Sony MDR-Z1R	over-ear/Sony MDR-Z1R (oratory1990).csv	oratory1990	GRAS 45BC-10	over-ear	1
Sony MDR-Z7	over-ear/Sony MDR-Z7 (oratory1990).csv	oratory1990	GRAS 45BC-10	over-ear	1
Sony MDR-Z7M2	over-ear/Sony MDR-Z7M2 (oratory1990).csv	oratory1990	GRAS 45BC-10	over-ear	1
Sony MDR-ZX310	over-ear/Sony MDR-ZX310.csv	oratory1990	GRAS 45BC-10	over-ear	1
Sony PULSE 3D	over-ear/Sony PULSE 3D.csv	oratory1990	GRAS 45BC-10	over-ear	1
Sony Pulse Elite	over-ear/Sony Pulse Elite.csv	oratory1990	GRAS 45BC-10	over-ear	1
Sony WH-1000XM2	over-ear/Sony WH-1000XM2.csv	oratory1990	GRAS 45BC-10	over-ear	1
Sony WH-1000XM3	over-ear/Sony WH-1000XM3.csv	oratory1990	GRAS 45BC-10	over-ear	1
Sony WH-1000XM4	over-ear/Sony WH-1000XM4.csv	oratory1990	GRAS 45BC-10	over-ear	1
Sony WH-1000XM5	over-ear/Sony WH-1000XM5.csv	oratory1990	GRAS 45BC-10	over-ear	1
Sony WH-CH510	over-ear/Sony WH-CH510.csv	oratory1990	GRAS 45BC-10	over-ear	1
Sony WH-H900N	over-ear/Sony WH-H900N.csv	oratory1990	GRAS 45BC	over-ear	1
Status Audio BT One (wired)	over-ear/Status Audio BT One (wired).csv	oratory1990	GRAS 43AG	over-ear	1
Status Audio BT One (wireless)	over-ear/Status Audio BT One (wireless).csv	oratory1990	GRAS 43AG	over-ear	1
Stax Lambda Nova Basic	over-ear/Stax Lambda Nova Basic.csv	oratory1990	GRAS 43AG	over-ear	1
Stax SR Lambda Pro Classic (bad seal)	over-ear/Stax SR Lambda Pro Classic (bad seal).csv	oratory1990	GRAS 45BC	over-ear	1
Stax SR-007	over-ear/Stax SR-007 (oratory1990).csv	oratory1990	GRAS 45BC	over-ear	1
Stax SR-007A v2.9 (blu-tac mod)	over-ear/Stax SR-007A v2.9 (blu-tac mod).csv	oratory1990	GRAS 45BC	over-ear	1
Stax SR-007A v2.9	over-ear/Stax SR-007A v2.9.csv	oratory1990	GRAS 45BC	over-ear	1
Stax SR-009	over-ear/Stax SR-009 (oratory1990).csv	oratory1990	GRAS 45BC	over-ear	1
Stax SR-009S	over-ear/Stax SR-009S.csv	oratory1990	GRAS 45BC-10	over-ear	1
Stax SR-404 (with perfect seal)	over-ear/Stax SR-404 (with perfect seal).csv	oratory1990	GRAS 45BC-10	over-ear	1
Stax SR-404	over-ear/Stax SR-404.csv	oratory1990	GRAS 43AG	over-ear	1
Stax SR-404LE (with perfect seal)	over-ear/Stax SR-404LE (with perfect seal).csv	oratory1990	GRAS 45BC	over-ear	1
Stax SR-404LE	over-ear/Stax SR-404LE.csv	oratory1990	GRAS 45BC	over-ear	1
Stax SR-5 Gold	over-ear/Stax SR-5 Gold.csv	oratory1990	GRAS 43AG	over-ear	1
Stax SR-L300 LTD (L700 earpads)	over-ear/Stax SR-L300 LTD (L700 earpads).csv	oratory1990	GRAS 43AG	over-ear	1
Stax SR-L300 LTD	over-ear/Stax SR-L300 LTD.csv	oratory1990	GRAS 43AG	over-ear	1
Stax SR-L500 (blu-tac mod)	over-ear/Stax SR-L500 (blu-tac mod).csv	oratory1990	GRAS 43AG	over-ear	1
Stax SR-L500 (Vesper earpads)	over-ear/Stax SR-L500 (Vesper earpads).csv	oratory1990	GRAS 43AG	over-ear	1
Stax SR-L500	over-ear/Stax SR-L500.csv	oratory1990	GRAS 45BC-10	over-ear	1
Stax SR-L700 (blu-tac mod)	over-ear/Stax SR-L700 (blu-tac mod).csv	oratory1990	GRAS 43AG	over-ear	1
Stax SR-L700	over-ear/Stax SR-L700 (oratory1990).csv	oratory1990	GRAS 45BC-10	over-ear	1
Stax SR-Lambda Pro Classic	over-ear/Stax SR-Lambda Pro Classic.csv	oratory1990	GRAS 45BC	over-ear	1
Stax SR-Lambda Pro	over-ear/Stax SR-Lambda Pro.csv	oratory1990	GRAS 43AG	over-ear	1
Stax SR-X1	over-ear/Stax SR-X1 (oratory1990).csv	oratory1990	GRAS 45BC-10	over-ear	1
Stax SR-X9000	over-ear/Stax SR-X9000.csv	oratory1990	GRAS 45BC-10	over-ear	1
SteelSeries Arctis Nova Pro Wireless (Bluetooth, ANC off)	over-ear/SteelSeries Arctis Nova Pro Wireless (Bluetooth, ANC off).csv	oratory1990	GRAS 45BC-10	over-ear	1
SteelSeries Arctis Nova Pro Wireless (Bluetooth, ANC on)	over-ear/SteelSeries Arctis Nova Pro Wireless (Bluetooth, ANC on).csv	oratory1990	GRAS 45BC-10	over-ear	1
SteelSeries Arctis Nova Pro Wireless (wired)	over-ear/SteelSeries Arctis Nova Pro Wireless (wired).csv	oratory1990	GRAS 45BC-10	over-ear	1
Steven Slate Audio VSX (passive plugin inactive))	over-ear/Steven Slate Audio VSX (passive plugin inactive)).csv	oratory1990	GRAS 45BC-10	over-ear	1
Superlux HD 651	over-ear/Superlux HD 651.csv	oratory1990	GRAS 43AG	over-ear	1
Superlux HD 660 Pro 150 Ohm	over-ear/Superlux HD 660 Pro 150 Ohm.csv	oratory1990	GRAS 45BC	over-ear	1
Superlux HD 660	over-ear/Superlux HD 660.csv	oratory1990	GRAS 43AG	over-ear	1
Superlux HD 662F (Brainwavz round XL pleather earpads)	over-ear/Superlux HD 662F (Brainwavz round XL pleather earpads).csv	oratory1990	GRAS 45BC	over-ear	1
Superlux HD 662F	over-ear/Superlux HD 662F.csv	oratory1990	GRAS 45BC	over-ear	1
Superlux HD 668B (velour earpads)	over-ear/Superlux HD 668B (velour earpads).csv	oratory1990	GRAS 45BC	over-ear	1
Superlux HD 668B	over-ear/Superlux HD 668B (oratory1990).csv	oratory1990	GRAS 45BC	over-ear	1
Superlux HD 681 (velour earpads)	over-ear/Superlux HD 681 (velour earpads).csv	oratory1990	GRAS 45BC	over-ear	1
Superlux HD 681	over-ear/Superlux HD 681 (oratory1990).csv	oratory1990	GRAS 45BC	over-ear	1
Superlux Hd 681B (Brainwavz round hybrid earpads)	over-ear/Superlux Hd 681B (Brainwavz round hybrid earpads).csv	oratory1990	GRAS 45BC	over-ear	1
Superlux HD 681B (pleather earpads)	over-ear/Superlux HD 681B (pleather earpads).csv	oratory1990	GRAS 45BC	over-ear	1
Superlux HD 681B (velour earpads)	over-ear/Superlux HD 681B (velour earpads).csv	oratory1990	GRAS 45BC	over-ear	1
T+A Solitaire P	over-ear/T+A Solitaire P (oratory1990).csv	oratory1990	GRAS 45BC-10	over-ear	1
T+A Solitaire PSE	over-ear/T+A Solitaire PSE (oratory1990).csv	oratory1990	GRAS 45BC-10	over-ear	1
Takstar Pro 82	over-ear/Takstar Pro 82.csv	oratory1990	GRAS 45BC	over-ear	1
Teufel Real Z	over-ear/Teufel Real Z.csv	oratory1990	GRAS 45BC	over-ear	1
ThieAudio ghost	over-ear/ThieAudio ghost (oratory1990).csv	oratory1990	GRAS 45BC-10	over-ear	1
Thinksound ov21	over-ear/Thinksound ov21.csv	oratory1990	GRAS 45BC-10	over-ear	1
Ultrasone Tribute 7	over-ear/Ultrasone Tribute 7 (oratory1990).csv	oratory1990	GRAS 45BC-10	over-ear	1
V-MODA Crossfade LP2	over-ear/V-MODA Crossfade LP2 (oratory1990).csv	oratory1990	GRAS 45BC	over-ear	1
V-MODA M-200	over-ear/V-MODA M-200.csv	oratory1990	GRAS 45BC-10	over-ear	1
Valco VMK20	over-ear/Valco VMK20.csv	oratory1990	GRAS 45BC-10	over-ear	1
Verum One (leather earpads)	over-ear/Verum One (leather earpads).csv	oratory1990	GRAS 43AG	over-ear	1
Verum One (ZMF Ori earpads)	over-ear/Verum One (ZMF Ori earpads).csv	oratory1990	GRAS 43AG	over-ear	1
Verum One	over-ear/Verum One.csv	oratory1990	GRAS 43AG	over-ear	1
Warwick Acoustics Aperio	over-ear/Warwick Acoustics Aperio.csv	oratory1990	GRAS 43AG	over-ear	1
Warwick Acoustics Bravura	over-ear/Warwick Acoustics Bravura.csv	oratory1990	GRAS 45BC-10	over-ear	1
Warwick Acoustics Sonoma Model One	over-ear/Warwick Acoustics Sonoma Model One (oratory1990).csv	oratory1990	GRAS 45BC-10	over-ear	1
Yamaha HPH-200	over-ear/Yamaha HPH-200.csv	oratory1990	GRAS 45BC-10	over-ear	1
Yamaha RH5Ma	over-ear/Yamaha RH5Ma.csv	oratory1990	GRAS 45BC-10	over-ear	1
Yamaha YH-5000SE	over-ear/Yamaha YH-5000SE.csv	oratory1990	GRAS 45BC-10	over-ear	1
Yamaha YH-E700A (ANC on)	over-ear/Yamaha YH-E700A (ANC on).csv	oratory1990	GRAS 45BC	over-ear	1
ZMF Atticus	over-ear/ZMF Atticus (oratory1990).csv	oratory1990	GRAS 45BC	over-ear	1
ZMF Eikon (Protein earpads)	over-ear/ZMF Eikon (Protein earpads).csv	oratory1990	GRAS 43AG	over-ear	1
ZMF Verite	over-ear/ZMF Verite.csv	oratory1990	GRAS 45BC-10	over-ear	1
Anker Soundcore Aerofit Pro	earbud/Anker Soundcore Aerofit Pro.csv	Regan Cipher	KB500x + 711	earbud	1
Apple AirPod 4 (transparency)	earbud/Apple AirPod 4 (transparency).csv	Regan Cipher	711	earbud	1
Apple AirPods 4 (ANC on)	earbud/Apple AirPods 4 (ANC on).csv	Regan Cipher	711	earbud	1
FIIL GS (ANC off)	earbud/FIIL GS (ANC off).csv	Regan Cipher	711	earbud	1
Huawei FreeArc (ANC off)	earbud/Huawei FreeArc (ANC off).csv	Regan Cipher	711	earbud	1
Huawei Freebuds 5	earbud/Huawei Freebuds 5.csv	Regan Cipher	711	earbud	1
Oladance OWS Sport (ANC off)	earbud/Oladance OWS Sport (ANC off).csv	Regan Cipher	711	earbud	1
OneOdio OpenRock Pro	earbud/OneOdio OpenRock Pro.csv	Regan Cipher	KB500x + 711	earbud	1
OneOdio OpenRock S	earbud/OneOdio OpenRock S.csv	Regan Cipher	KB500x + 711	earbud	1
OneOdio OpenRock X (ANC off)	earbud/OneOdio OpenRock X (ANC off).csv	Regan Cipher	711	earbud	1
OneOdio OpenRock X	earbud/OneOdio OpenRock X.csv	Regan Cipher	711	earbud	1
Oppo Enco Air3	earbud/Oppo Enco Air3.csv	Regan Cipher	KB500x + 711	earbud	1
QCY Crossky C30	earbud/QCY Crossky C30.csv	Regan Cipher	711	earbud	1
Samsung Galaxy Buds 3 (ANC off)	earbud/Samsung Galaxy Buds 3 (ANC off).csv	Regan Cipher	711	earbud	1
Samsung Galaxy Buds 3 (ANC on)	earbud/Samsung Galaxy Buds 3 (ANC on).csv	Regan Cipher	711	earbud	1
Samsung Galaxy Buds Live	earbud/Samsung Galaxy Buds Live (Regan Cipher).csv	Regan Cipher	711	earbud	1
Shokz OpenFit Air (ANC off)	earbud/Shokz OpenFit Air (ANC off).csv	Regan Cipher	711	earbud	1
SoundPeats Breezy (ANC off)	earbud/SoundPeats Breezy (ANC off).csv	Regan Cipher	711	earbud	1
SoundPeats GoFree 2	earbud/SoundPeats GoFree 2.csv	Regan Cipher	711	earbud	1
SoundPeats RunFree Lite	earbud/SoundPeats RunFree Lite.csv	Regan Cipher	KB500x + 711	earbud	1
SoundPeats RunFree	earbud/SoundPeats RunFree.csv	Regan Cipher	KB500x + 711	earbud	1
SoundPeats Wings2	earbud/SoundPeats Wings2.csv	Regan Cipher	KB500x + 711	earbud	1
TrueFree 01	earbud/TrueFree 01.csv	Regan Cipher	KB500x + 711	earbud	1
TrueFree T3	earbud/TrueFree T3.csv	Regan Cipher	KB500x + 711	earbud	1
1MORE Fit Open Earbuds S50	in-ear/1MORE Fit Open Earbuds S50 (Regan Cipher).csv	Regan Cipher	711	in-ear	1
1MORE Omthing Airfree 2	in-ear/1MORE Omthing Airfree 2.csv	Regan Cipher	711	in-ear	1
1MORE PistonBuds Pro Q30	in-ear/1MORE PistonBuds Pro Q30.csv	Regan Cipher	711	in-ear	1
7Hz x Crinacle Zero 2	in-ear/7Hz x Crinacle Zero 2 (Regan Cipher).csv	Regan Cipher	711	in-ear	1
Alpha & Delta KS100	in-ear/Alpha & Delta KS100.csv	Regan Cipher	711	in-ear	1
Anker Life P2i	in-ear/Anker Life P2i.csv	Regan Cipher	711	in-ear	1
Anker P3i	in-ear/Anker P3i.csv	Regan Cipher	711	in-ear	1
Anker Soundcore Liberty 3 Pro	in-ear/Anker Soundcore Liberty 3 Pro (Regan Cipher).csv	Regan Cipher	711	in-ear	1
Anker Soundcore Liberty 4 NC	in-ear/Anker Soundcore Liberty 4 NC (Regan Cipher).csv	Regan Cipher	711	in-ear	1
Anker Soundcore Space A40	in-ear/Anker Soundcore Space A40.csv	Regan Cipher	711	in-ear	1
Baseus AirGo AS01	in-ear/Baseus AirGo AS01.csv	Regan Cipher	711	in-ear	1
Baseus M2s	in-ear/Baseus M2s.csv	Regan Cipher	711	in-ear	1
BASN MMCX	in-ear/BASN MMCX.csv	Regan Cipher	711	in-ear	1
Boltune BT-BH024	in-ear/Boltune BT-BH024.csv	Regan Cipher	711	in-ear	1
CCA CRA	in-ear/CCA CRA (Regan Cipher).csv	Regan Cipher	711	in-ear	1
CCZ Emerald	in-ear/CCZ Emerald.csv	Regan Cipher	711	in-ear	1
CMF by Nothing Buds 2 Plus (ANC off, pop)	in-ear/CMF by Nothing Buds 2 Plus (ANC off, pop).csv	Regan Cipher	711	in-ear	1
CMF by Nothing Buds 2 Plus (ANC on, pop)	in-ear/CMF by Nothing Buds 2 Plus (ANC on, pop).csv	Regan Cipher	711	in-ear	1
Creative Aurvana Ace 2 (ANC Off)	in-ear/Creative Aurvana Ace 2 (ANC Off) (Regan Cipher).csv	Regan Cipher	711	in-ear	1
Creative Aurvana Ace 2 (ANC On)	in-ear/Creative Aurvana Ace 2 (ANC On) (Regan Cipher).csv	Regan Cipher	711	in-ear	1
Creative Aurvana Ace 2	in-ear/Creative Aurvana Ace 2 (Regan Cipher).csv	Regan Cipher	711	in-ear	1
Creative Aurvana Mimi (ANC off)	in-ear/Creative Aurvana Mimi (ANC off).csv	Regan Cipher	711	in-ear	1
Creative Aurvana Mimi (ANC on)	in-ear/Creative Aurvana Mimi (ANC on).csv	Regan Cipher	711	in-ear	1
Creative Outlier Free Pro Plus	in-ear/Creative Outlier Free Pro Plus.csv	Regan Cipher	711	in-ear	1
Creative Outlier Pro	in-ear/Creative Outlier Pro.csv	Regan Cipher	711	in-ear	1
Creative Sensemore Air	in-ear/Creative Sensemore Air.csv	Regan Cipher	711	in-ear	1
DUNU DK3001 BD	in-ear/DUNU DK3001 BD (Regan Cipher).csv	Regan Cipher	711	in-ear	1
DUNU Falcon Ultra (blue nozzle)	in-ear/DUNU Falcon Ultra (blue nozzle) (Regan Cipher).csv	Regan Cipher	711	in-ear	1
DUNU Falcon Ultra (gold nozzle)	in-ear/DUNU Falcon Ultra (gold nozzle) (Regan Cipher).csv	Regan Cipher	711	in-ear	1
DUNU Kima 2	in-ear/DUNU Kima 2 (Regan Cipher).csv	Regan Cipher	711	in-ear	1
DUNU Titan S2	in-ear/DUNU Titan S2 (Regan Cipher).csv	Regan Cipher	711	in-ear	1
EarFun Air 2 NC (ANC off)	in-ear/EarFun Air 2 NC (ANC off).csv	Regan Cipher	711	in-ear	1
EarFun Air 2 NC (ANC on)	in-ear/EarFun Air 2 NC (ANC on).csv	Regan Cipher	711	in-ear	1
EarFun Air Pro 3	in-ear/EarFun Air Pro 3 (Regan Cipher).csv	Regan Cipher	711	in-ear	1
EarFun Air Pro 4 (ANC off)	in-ear/EarFun Air Pro 4 (ANC off).csv	Regan Cipher	711	in-ear	1
EarFun Air Pro 4 (ANC on)	in-ear/EarFun Air Pro 4 (ANC on).csv	Regan Cipher	711	in-ear	1
Edifier NeoBuds Pro 2	in-ear/Edifier NeoBuds Pro 2.csv	Regan Cipher	711	in-ear	1
Edifier NeoBuds Pro	in-ear/Edifier NeoBuds Pro.csv	Regan Cipher	711	in-ear	1
Edifier X3 Lite	in-ear/Edifier X3 Lite.csv	Regan Cipher	711	in-ear	1
EPZ G10	in-ear/EPZ G10 (Regan Cipher).csv	Regan Cipher	711	in-ear	1
EPZ Q1 Pro	in-ear/EPZ Q1 Pro (Regan Cipher).csv	Regan Cipher	711	in-ear	1
EPZ Q1	in-ear/EPZ Q1 (Regan Cipher).csv	Regan Cipher	711	in-ear	1
EPZ Q5	in-ear/EPZ Q5 (Regan Cipher).csv	Regan Cipher	711	in-ear	1
EPZ x Tipsy Star & One	in-ear/EPZ x Tipsy Star & One (Regan Cipher).csv	Regan Cipher	711	in-ear	1
FIIL Key Pro (ANC off)	in-ear/FIIL Key Pro (ANC off).csv	Regan Cipher	711	in-ear	1
FIIL Key Pro (ANC on)	in-ear/FIIL Key Pro (ANC on).csv	Regan Cipher	711	in-ear	1
FIIL Key	in-ear/FIIL Key.csv	Regan Cipher	711	in-ear	1
Haylou PurFree Buds	in-ear/Haylou PurFree Buds.csv	Regan Cipher	711	in-ear	1
Haylou S30 (wired)	in-ear/Haylou S30 (wired).csv	Regan Cipher	711	in-ear	1
Haylou S35 ANC	in-ear/Haylou S35 ANC.csv	Regan Cipher	711	in-ear	1
Haylou W1 ANC	in-ear/Haylou W1 ANC.csv	Regan Cipher	711	in-ear	1
Hidizs MS3 (red nozzle)	in-ear/Hidizs MS3 (red nozzle) (Regan Cipher).csv	Regan Cipher	711	in-ear	1
Hidizs MS3 (rosegold nozzle)	in-ear/Hidizs MS3 (rosegold nozzle) (Regan Cipher).csv	Regan Cipher	711	in-ear	1
Hidizs MS3 (silver nozzle)	in-ear/Hidizs MS3 (silver nozzle) (Regan Cipher).csv	Regan Cipher	711	in-ear	1
Huawei Freebuds Pro (ANC off)	in-ear/Huawei Freebuds Pro (ANC off).csv	Regan Cipher	711	in-ear	1
Huawei Freebuds Pro (ANC on)	in-ear/Huawei Freebuds Pro (ANC on).csv	Regan Cipher	711	in-ear	1
Huawei FreeBuds Pro 4 (ANC off)	in-ear/Huawei FreeBuds Pro 4 (ANC off).csv	Regan Cipher	711	in-ear	1
Huawei FreeBuds Pro 4 (ANC on)	in-ear/Huawei FreeBuds Pro 4 (ANC on).csv	Regan Cipher	711	in-ear	1
Huawei Freebuds Pro	in-ear/Huawei Freebuds Pro.csv	Regan Cipher	711	in-ear	1
IKKO ActiveBuds	in-ear/IKKO ActiveBuds.csv	Regan Cipher	711	in-ear	1
IKKO OH300	in-ear/IKKO OH300.csv	Regan Cipher	711	in-ear	1
KBEAR KS1	in-ear/KBEAR KS1.csv	Regan Cipher	711	in-ear	1
KBEAR Lark	in-ear/KBEAR Lark (Regan Cipher).csv	Regan Cipher	711	in-ear	1
KEFINE Delci AE (ANC off, gold nozzle)	in-ear/KEFINE Delci AE (ANC off, gold nozzle).csv	Regan Cipher	711	in-ear	1
KEFINE Delci AE (ANC off, silver nozzle)	in-ear/KEFINE Delci AE (ANC off, silver nozzle).csv	Regan Cipher	711	in-ear	1
KEFINE Delci	in-ear/KEFINE Delci (Regan Cipher).csv	Regan Cipher	711	in-ear	1
KEFINE Klean (ANC off, black nozzle)	in-ear/KEFINE Klean (ANC off, black nozzle).csv	Regan Cipher	711	in-ear	1
KEFINE Klean (ANC off, silver nozzle)	in-ear/KEFINE Klean (ANC off, silver nozzle).csv	Regan Cipher	711	in-ear	1
Kiwi Ears Quintet	in-ear/Kiwi Ears Quintet (Regan Cipher).csv	Regan Cipher	711	in-ear	1
KZ Carol (ANC off)	in-ear/KZ Carol (ANC off).csv	Regan Cipher	711	in-ear	1
KZ Carol (ANC on)	in-ear/KZ Carol (ANC on).csv	Regan Cipher	711	in-ear	1
KZ Carol Pro (ANC off)	in-ear/KZ Carol Pro (ANC off).csv	Regan Cipher	711	in-ear	1
KZ Carol Pro (ANC on)	in-ear/KZ Carol Pro (ANC on).csv	Regan Cipher	711	in-ear	1
KZ Saga	in-ear/KZ Saga.csv	Regan Cipher	711	in-ear	1
KZ SKS	in-ear/KZ SKS.csv	Regan Cipher	711	in-ear	1
KZ Xtra (ANC off)	in-ear/KZ Xtra (ANC off).csv	Regan Cipher	711	in-ear	1
KZ Xtra (ANC on)	in-ear/KZ Xtra (ANC on).csv	Regan Cipher	711	in-ear	1
KZ Zenith (ANC off)	in-ear/KZ Zenith (ANC off).csv	Regan Cipher	711	in-ear	1
Moondrop BLOCK	in-ear/Moondrop BLOCK (Regan Cipher).csv	Regan Cipher	711	in-ear	1
Moondrop Chu	in-ear/Moondrop Chu (Regan Cipher).csv	Regan Cipher	711	in-ear	1
Moondrop Moca (ANC off, reference)	in-ear/Moondrop Moca (ANC off, reference).csv	Regan Cipher	711	in-ear	1
Moondrop Moca (ANC on, reference)	in-ear/Moondrop Moca (ANC on, reference).csv	Regan Cipher	711	in-ear	1
Moondrop Space Travel 2 (ANC on)	in-ear/Moondrop Space Travel 2 (ANC on).csv	Regan Cipher	711	in-ear	1
Moondrop Space Travel	in-ear/Moondrop Space Travel (Regan Cipher).csv	Regan Cipher	711	in-ear	1
Moondrop Ultrasonic (ANC on, reference)	in-ear/Moondrop Ultrasonic (ANC on, reference).csv	Regan Cipher	711	in-ear	1
OnePlus Buds 3 (ANC on)	in-ear/OnePlus Buds 3 (ANC on).csv	Regan Cipher	711	in-ear	1
OnePlus Buds 3	in-ear/OnePlus Buds 3 (Regan Cipher).csv	Regan Cipher	711	in-ear	1
OnePlus Buds Pro	in-ear/OnePlus Buds Pro.csv	Regan Cipher	711	in-ear	1
Oppo Enco X2	in-ear/Oppo Enco X2 (Regan Cipher).csv	Regan Cipher	711	in-ear	1
QCY G1	in-ear/QCY G1.csv	Regan Cipher	711	in-ear	1
QCY HT05 Melobuds (ANC off)	in-ear/QCY HT05 Melobuds (ANC off).csv	Regan Cipher	711	in-ear	1
QCY HT05 Melobuds (ANC on)	in-ear/QCY HT05 Melobuds (ANC on).csv	Regan Cipher	711	in-ear	1
QCY HT05 Melobuds	in-ear/QCY HT05 Melobuds.csv	Regan Cipher	711	in-ear	1
QCY HT07 Arcbuds	in-ear/QCY HT07 Arcbuds.csv	Regan Cipher	711	in-ear	1
QCY HT10 AilyBuds Pro+ (ANC off)	in-ear/QCY HT10 AilyBuds Pro+ (ANC off).csv	Regan Cipher	711	in-ear	1
QCY HT10 AilyBuds Pro+ (ANC on)	in-ear/QCY HT10 AilyBuds Pro+ (ANC on).csv	Regan Cipher	711	in-ear	1
QCY Melobuds Pro (ANC off)	in-ear/QCY Melobuds Pro (ANC off).csv	Regan Cipher	711	in-ear	1
QCY Melobuds Pro (ANC on)	in-ear/QCY Melobuds Pro (ANC on).csv	Regan Cipher	711	in-ear	1
QCY T13	in-ear/QCY T13.csv	Regan Cipher	711	in-ear	1
QCY T16	in-ear/QCY T16.csv	Regan Cipher	711	in-ear	1
QCY T17	in-ear/QCY T17.csv	Regan Cipher	711	in-ear	2
QCY T20	in-ear/QCY T20.csv	Regan Cipher	711	in-ear	1
realme Buds Air 3S	in-ear/realme Buds Air 3S.csv	Regan Cipher	711	in-ear	1
realme Buds Air 5 Pro (ANC on)	in-ear/realme Buds Air 5 Pro (ANC on).csv	Regan Cipher	711	in-ear	1
realme Buds Air 5 Pro	in-ear/realme Buds Air 5 Pro (Regan Cipher).csv	Regan Cipher	711	in-ear	1
realme Buds Air 6 Pro (ANC on)	in-ear/realme Buds Air 6 Pro (ANC on).csv	Regan Cipher	711	in-ear	1
realme Buds Air 7 Pro (ANC off)	in-ear/realme Buds Air 7 Pro (ANC off).csv	Regan Cipher	711	in-ear	1
realme Buds Air 7 Pro (ANC on)	in-ear/realme Buds Air 7 Pro (ANC on).csv	Regan Cipher	711	in-ear	1
Redmi Buds 6 Pro (ANC off)	in-ear/Redmi Buds 6 Pro (ANC off).csv	Regan Cipher	711	in-ear	1
Redmi Buds 6 Pro (ANC on)	in-ear/Redmi Buds 6 Pro (ANC on).csv	Regan Cipher	711	in-ear	1
Redmi Buds 6 Pro (Transparency)	in-ear/Redmi Buds 6 Pro (Transparency).csv	Regan Cipher	711	in-ear	1
Rose Technics Ceramics-X (ANC off, Hifi)	in-ear/Rose Technics Ceramics-X (ANC off, Hifi).csv	Regan Cipher	711	in-ear	1
Rose Technics Ceramics-X (ANC on, Hifi)	in-ear/Rose Technics Ceramics-X (ANC on, Hifi).csv	Regan Cipher	711	in-ear	1
Rose Technics OpenFree (ANC off, balanced)	in-ear/Rose Technics OpenFree (ANC off, balanced).csv	Regan Cipher	711	in-ear	1
Samsung Galaxy Buds FE (ANC on, balanced)	in-ear/Samsung Galaxy Buds FE (ANC on, balanced).csv	Regan Cipher	711	in-ear	1
Samsung Galaxy Buds FE	in-ear/Samsung Galaxy Buds FE (Regan Cipher).csv	Regan Cipher	711	in-ear	1
Simgot Audio EA1000 (blue nozzle)	in-ear/Simgot Audio EA1000 (blue nozzle).csv	Regan Cipher	711	in-ear	1
Simgot Audio EA1000 (gold nozzle)	in-ear/Simgot Audio EA1000 (gold nozzle) (Regan Cipher).csv	Regan Cipher	711	in-ear	1
Simgot Audio EA1000 (red nozzle)	in-ear/Simgot Audio EA1000 (red nozzle) (Regan Cipher).csv	Regan Cipher	711	in-ear	1
Simgot Audio EA500LM (black nozzle)	in-ear/Simgot Audio EA500LM (black nozzle) (Regan Cipher).csv	Regan Cipher	711	in-ear	1
Simgot Audio EA500LM (gold nozzle)	in-ear/Simgot Audio EA500LM (gold nozzle) (Regan Cipher).csv	Regan Cipher	711	in-ear	1
Simgot Audio EA500LM (red nozzle)	in-ear/Simgot Audio EA500LM (red nozzle) (Regan Cipher).csv	Regan Cipher	711	in-ear	1
Simgot Audio EM6L	in-ear/Simgot Audio EM6L (Regan Cipher).csv	Regan Cipher	711	in-ear	1
Simgot Audio EW200	in-ear/Simgot Audio EW200 (Regan Cipher).csv	Regan Cipher	711	in-ear	1
Simgot Audio SuperMix 4	in-ear/Simgot Audio SuperMix 4 (Regan Cipher).csv	Regan Cipher	711	in-ear	1
SoundPeats Air3 Deluxe HS	in-ear/SoundPeats Air3 Deluxe HS.csv	Regan Cipher	711	in-ear	1
SoundPeats Air3	in-ear/SoundPeats Air3.csv	Regan Cipher	711	in-ear	1
SoundPeats Air4 (ANC off)	in-ear/SoundPeats Air4 (ANC off).csv	Regan Cipher	711	in-ear	1
SoundPeats Air4 (ANC on)	in-ear/SoundPeats Air4 (ANC on).csv	Regan Cipher	711	in-ear	1
SoundPeats Air4 Pro (ANC on, SoundPEATS Classic)	in-ear/SoundPeats Air4 Pro (ANC on, SoundPEATS Classic).csv	Regan Cipher	711	in-ear	1
SoundPeats Air4 Pro	in-ear/SoundPeats Air4 Pro.csv	Regan Cipher	711	in-ear	1
SoundPeats Air5 (ANC off, SoundPEATS Classic)	in-ear/SoundPeats Air5 (ANC off, SoundPEATS Classic).csv	Regan Cipher	711	in-ear	1
SoundPeats Air5 (ANC on, SoundPEATS Classic)	in-ear/SoundPeats Air5 (ANC on, SoundPEATS Classic).csv	Regan Cipher	711	in-ear	1
SoundPeats Air5 Pro (ANC off, SoundPEATS Classic)	in-ear/SoundPeats Air5 Pro (ANC off, SoundPEATS Classic).csv	Regan Cipher	711	in-ear	1
SoundPeats Air5 Pro (ANC on, SoundPEATS Classic)	in-ear/SoundPeats Air5 Pro (ANC on, SoundPEATS Classic).csv	Regan Cipher	711	in-ear	1
SoundPeats Capsule 3 Pro	in-ear/SoundPeats Capsule 3 Pro (Regan Cipher).csv	Regan Cipher	711	in-ear	1
SoundPeats Capsule3 Pro+ (ANC off, SoundPEATS Classic)	in-ear/SoundPeats Capsule3 Pro+ (ANC off, SoundPEATS Classic).csv	Regan Cipher	711	in-ear	1
SoundPeats Capsule3 Pro+ (ANC on, SoundPEATS Classic)	in-ear/SoundPeats Capsule3 Pro+ (ANC on, SoundPEATS Classic).csv	Regan Cipher	711	in-ear	1
SoundPeats Clear	in-ear/SoundPeats Clear.csv	Regan Cipher	711	in-ear	1
SoundPeats Engine 4	in-ear/SoundPeats Engine 4 (Regan Cipher).csv	Regan Cipher	711	in-ear	1
SoundPeats H1	in-ear/SoundPeats H1.csv	Regan Cipher	711	in-ear	1
SoundPeats H2	in-ear/SoundPeats H2.csv	Regan Cipher	711	in-ear	1
SoundPeats Life Classic	in-ear/SoundPeats Life Classic.csv	Regan Cipher	711	in-ear	1
SoundPeats Life	in-ear/SoundPeats Life.csv	Regan Cipher	711	in-ear	1
SoundPeats Mini Pro HS	in-ear/SoundPeats Mini Pro HS.csv	Regan Cipher	711	in-ear	1
SoundPeats Mini	in-ear/SoundPeats Mini.csv	Regan Cipher	711	in-ear	1
SoundPeats Opera05	in-ear/SoundPeats Opera05 (Regan Cipher).csv	Regan Cipher	711	in-ear	1
Technics EAH-AZ80	in-ear/Technics EAH-AZ80 (Regan Cipher).csv	Regan Cipher	711	in-ear	1
Tronsmart Apollo Air	in-ear/Tronsmart Apollo Air.csv	Regan Cipher	711	in-ear	1
Tronsmart Onyx Pure	in-ear/Tronsmart Onyx Pure.csv	Regan Cipher	711	in-ear	1
Truthear Nova	in-ear/Truthear Nova (Regan Cipher).csv	Regan Cipher	711	in-ear	1
Vivo TWS 4 (ANC on, Default)	in-ear/Vivo TWS 4 (ANC on, Default).csv	Regan Cipher	711	in-ear	1
Creative Zen Hybrid Pro SXFI	over-ear/Creative Zen Hybrid Pro SXFI.csv	Regan Cipher	KB500x + 711	over-ear	1
EarFun Wave Pro (ANC off)	over-ear/EarFun Wave Pro (ANC off).csv	Regan Cipher	711	over-ear	1
EarFun Wave Pro (ANC on)	over-ear/EarFun Wave Pro (ANC on).csv	Regan Cipher	711	over-ear	1
Edifier W820NB Plus (ANC off)	over-ear/Edifier W820NB Plus (ANC off).csv	Regan Cipher	711	over-ear	1
Edifier W820NB Plus (ANC on)	over-ear/Edifier W820NB Plus (ANC on).csv	Regan Cipher	711	over-ear	1
Edifier WH700NB	over-ear/Edifier WH700NB.csv	Regan Cipher	KB500x + 711	over-ear	1
Haylou S30 (ANC on)	over-ear/Haylou S30 (ANC on).csv	Regan Cipher	711	over-ear	1
Haylou S35 (ANC off)	over-ear/Haylou S35 (ANC off).csv	Regan Cipher	711	over-ear	1
Haylou S35	over-ear/Haylou S35 (Regan Cipher).csv	Regan Cipher	KB500x + 711	over-ear	1
Moondrop Edge (ANC on, reference)	over-ear/Moondrop Edge (ANC on, reference).csv	Regan Cipher	711	over-ear	1
OneOdio A10	over-ear/OneOdio A10.csv	Regan Cipher	KB500x + 711	over-ear	1
QCY H3 (ANC on)	over-ear/QCY H3 (ANC on).csv	Regan Cipher	711	over-ear	1
QCY H3 Pro (ANC off)	over-ear/QCY H3 Pro (ANC off).csv	Regan Cipher	711	over-ear	1
QCY H3 Pro (ANC on)	over-ear/QCY H3 Pro (ANC on).csv	Regan Cipher	711	over-ear	1
QCY H3	over-ear/QCY H3.csv	Regan Cipher	711	over-ear	1
SoundPeats Space (ANC on)	over-ear/SoundPeats Space (ANC on).csv	Regan Cipher	711	over-ear	1
7Hz Legato	in-ear/7Hz Legato (RikudouGoku).csv	RikudouGoku	711	in-ear	1
7Hz Timeless	in-ear/7Hz Timeless (RikudouGoku).csv	RikudouGoku	711	in-ear	1
Aiderlot M5 (bass filter)	in-ear/Aiderlot M5 (bass filter).csv	RikudouGoku	711	in-ear	1
Aiderlot M5 (no filter)	in-ear/Aiderlot M5 (no filter).csv	RikudouGoku	711	in-ear	1
Aiderlot M5 (reference filter)	in-ear/Aiderlot M5 (reference filter).csv	RikudouGoku	711	in-ear	1
Aiderlot M5 (treble filter)	in-ear/Aiderlot M5 (treble filter).csv	RikudouGoku	711	in-ear	1
Aiderlot M5 Pro	in-ear/Aiderlot M5 Pro.csv	RikudouGoku	711	in-ear	1
Audiosense DT100	in-ear/Audiosense DT100.csv	RikudouGoku	711	in-ear	1
Audiosense DT200	in-ear/Audiosense DT200 (RikudouGoku).csv	RikudouGoku	711	in-ear	1
Audiosense DT300	in-ear/Audiosense DT300.csv	RikudouGoku	711	in-ear	1
Audiosense DT600	in-ear/Audiosense DT600 (RikudouGoku).csv	RikudouGoku	711	in-ear	1
Audiosense T180 Pro	in-ear/Audiosense T180 Pro.csv	RikudouGoku	711	in-ear	1
Audiosense T800	in-ear/Audiosense T800.csv	RikudouGoku	711	in-ear	1
AZLA Azel	in-ear/AZLA Azel.csv	RikudouGoku	711	in-ear	1
Bamboo Forest Bird Jinghong	in-ear/Bamboo Forest Bird Jinghong.csv	RikudouGoku	711	in-ear	1
BLON BL-01	in-ear/BLON BL-01 (RikudouGoku).csv	RikudouGoku	711	in-ear	1
BLON BL-05	in-ear/BLON BL-05 (RikudouGoku).csv	RikudouGoku	711	in-ear	1
BLON x HBB Z300	in-ear/BLON x HBB Z300 (RikudouGoku).csv	RikudouGoku	711	in-ear	1
BQEYZ Autumn (bass filter)	in-ear/BQEYZ Autumn (bass filter) (RikudouGoku).csv	RikudouGoku	711	in-ear	1
BQEYZ Autumn (normal filter)	in-ear/BQEYZ Autumn (normal filter) (RikudouGoku).csv	RikudouGoku	711	in-ear	1
BQEYZ Autumn (treble filter)	in-ear/BQEYZ Autumn (treble filter) (RikudouGoku).csv	RikudouGoku	711	in-ear	1
BQEYZ Spring 2	in-ear/BQEYZ Spring 2 (RikudouGoku).csv	RikudouGoku	711	in-ear	1
CCA C10	in-ear/CCA C10.csv	RikudouGoku	711	in-ear	1
CCA CA10	in-ear/CCA CA10.csv	RikudouGoku	711	in-ear	1
CCA CRA+	in-ear/CCA CRA+.csv	RikudouGoku	711	in-ear	1
CCA CRA	in-ear/CCA CRA (RikudouGoku).csv	RikudouGoku	711	in-ear	1
Co-Donguri Brass	in-ear/Co-Donguri Brass.csv	RikudouGoku	711	in-ear	1
CVJ Konoka (off-off)	in-ear/CVJ Konoka (off-off).csv	RikudouGoku	711	in-ear	1
CVJ Konoka (off-on)	in-ear/CVJ Konoka (off-on).csv	RikudouGoku	711	in-ear	1
CVJ Konoka (on-off)	in-ear/CVJ Konoka (on-off).csv	RikudouGoku	711	in-ear	1
CVJ Konoka (on-on)	in-ear/CVJ Konoka (on-on).csv	RikudouGoku	711	in-ear	1
DUNU EST 112	in-ear/DUNU EST 112 (RikudouGoku).csv	RikudouGoku	711	in-ear	1
DUNU Falcon Pro (Atmospheric Immersion filter)	in-ear/DUNU Falcon Pro (Atmospheric Immersion filter) (RikudouGoku).csv	RikudouGoku	711	in-ear	1
DUNU Falcon Pro (Reference filter)	in-ear/DUNU Falcon Pro (Reference filter) (RikudouGoku).csv	RikudouGoku	711	in-ear	1
DUNU Falcon Pro (Transparency filter)	in-ear/DUNU Falcon Pro (Transparency filter) (RikudouGoku).csv	RikudouGoku	711	in-ear	1
DUNU Titan S	in-ear/DUNU Titan S (RikudouGoku).csv	RikudouGoku	711	in-ear	1
DUNU Titan S2	in-ear/DUNU Titan S2 (RikudouGoku).csv	RikudouGoku	711	in-ear	1
DUNU Vulkan	in-ear/DUNU Vulkan (RikudouGoku).csv	RikudouGoku	711	in-ear	1
DUNU Zen	in-ear/DUNU Zen (RikudouGoku).csv	RikudouGoku	711	in-ear	1
EarSonics Onyx	in-ear/EarSonics Onyx.csv	RikudouGoku	711	in-ear	1
FIIL T1 Lite TWS (bass EQ)	in-ear/FIIL T1 Lite TWS (bass EQ).csv	RikudouGoku	711	in-ear	1
FIIL T1 Lite TWS (default EQ)	in-ear/FIIL T1 Lite TWS (default EQ).csv	RikudouGoku	711	in-ear	1
FIIL T1 Lite TWS (treble EQ)	in-ear/FIIL T1 Lite TWS (treble EQ).csv	RikudouGoku	711	in-ear	1
FiiO FD5 (narrow nozzle)	in-ear/FiiO FD5 (narrow nozzle).csv	RikudouGoku	711	in-ear	1
FiiO FD5 (stock nozzle)	in-ear/FiiO FD5 (stock nozzle).csv	RikudouGoku	711	in-ear	1
FiiO FH3	in-ear/FiiO FH3 (RikudouGoku).csv	RikudouGoku	711	in-ear	1
FiiO FH5s (off-off-off)	in-ear/FiiO FH5s (off-off-off).csv	RikudouGoku	711	in-ear	1
FiiO FH5s (off-off-on)	in-ear/FiiO FH5s (off-off-on).csv	RikudouGoku	711	in-ear	1
FiiO FH5s (off-on-off)	in-ear/FiiO FH5s (off-on-off).csv	RikudouGoku	711	in-ear	1
FiiO FH5s (off-on-on)	in-ear/FiiO FH5s (off-on-on).csv	RikudouGoku	711	in-ear	1
FiiO FH5s (on-off-off)	in-ear/FiiO FH5s (on-off-off).csv	RikudouGoku	711	in-ear	1
FiiO FH5s (on-off-on)	in-ear/FiiO FH5s (on-off-on).csv	RikudouGoku	711	in-ear	1
FiiO FH5s (on-on-off)	in-ear/FiiO FH5s (on-on-off).csv	RikudouGoku	711	in-ear	1
FiiO FH5s (on-on-on)	in-ear/FiiO FH5s (on-on-on).csv	RikudouGoku	711	in-ear	1
Final Audio E1000	in-ear/Final Audio E1000 (RikudouGoku).csv	RikudouGoku	711	in-ear	1
Final Audio E2000	in-ear/Final Audio E2000 (RikudouGoku).csv	RikudouGoku	711	in-ear	1
Final Audio E3000	in-ear/Final Audio E3000 (RikudouGoku).csv	RikudouGoku	711	in-ear	1
Final Audio E4000	in-ear/Final Audio E4000 (RikudouGoku).csv	RikudouGoku	711	in-ear	1
Final Audio E500	in-ear/Final Audio E500 (RikudouGoku).csv	RikudouGoku	711	in-ear	1
Final Audio E5000	in-ear/Final Audio E5000 (RikudouGoku).csv	RikudouGoku	711	in-ear	1
Final Audio EVA2020	in-ear/Final Audio EVA2020.csv	RikudouGoku	711	in-ear	1
Final Audio F3100	in-ear/Final Audio F3100 (RikudouGoku).csv	RikudouGoku	711	in-ear	1
Final Audio VR3000	in-ear/Final Audio VR3000 (RikudouGoku).csv	RikudouGoku	711	in-ear	1
Geek Wold GK10	in-ear/Geek Wold GK10.csv	RikudouGoku	711	in-ear	1
Geek Wold GK3	in-ear/Geek Wold GK3.csv	RikudouGoku	711	in-ear	1
GS Audio GD11	in-ear/GS Audio GD11.csv	RikudouGoku	711	in-ear	1
GS Audio GD3A	in-ear/GS Audio GD3A.csv	RikudouGoku	711	in-ear	1
GS Audio GT12X	in-ear/GS Audio GT12X.csv	RikudouGoku	711	in-ear	1
GS Audio ST1	in-ear/GS Audio ST1.csv	RikudouGoku	711	in-ear	1
Hidizs MP145 (red nozzle)	in-ear/Hidizs MP145 (red nozzle) (RikudouGoku).csv	RikudouGoku	711	in-ear	1
Hidizs MP145 (rosegold nozzle)	in-ear/Hidizs MP145 (rosegold nozzle) (RikudouGoku).csv	RikudouGoku	711	in-ear	1
Hidizs MP145 (silver nozzle)	in-ear/Hidizs MP145 (silver nozzle) (RikudouGoku).csv	RikudouGoku	711	in-ear	1
Hisenior T2	in-ear/Hisenior T2.csv	RikudouGoku	711	in-ear	1
iBasso IT00	in-ear/iBasso IT00.csv	RikudouGoku	711	in-ear	1
IKKO OH10	in-ear/IKKO OH10 (RikudouGoku).csv	RikudouGoku	711	in-ear	1
Intime Sora 2	in-ear/Intime Sora 2.csv	RikudouGoku	711	in-ear	1
Intime Sora Light	in-ear/Intime Sora Light.csv	RikudouGoku	711	in-ear	1
Intime Todoroki GO	in-ear/Intime Todoroki GO.csv	RikudouGoku	711	in-ear	1
ISN AUDIO D10	in-ear/ISN AUDIO D10.csv	RikudouGoku	711	in-ear	1
ivipQ Ker Meng	in-ear/ivipQ Ker Meng.csv	RikudouGoku	711	in-ear	1
Juzear 61T	in-ear/Juzear 61T (RikudouGoku).csv	RikudouGoku	711	in-ear	1
JVC HA-FX6	in-ear/JVC HA-FX6.csv	RikudouGoku	711	in-ear	1
KBEAR KS2	in-ear/KBEAR KS2 (RikudouGoku).csv	RikudouGoku	711	in-ear	1
KBEAR Robin	in-ear/KBEAR Robin (RikudouGoku).csv	RikudouGoku	711	in-ear	1
Kinera Freya	in-ear/Kinera Freya (RikudouGoku).csv	RikudouGoku	711	in-ear	1
Kitsound Mini	in-ear/Kitsound Mini.csv	RikudouGoku	711	in-ear	1
Kiwi Ears Forteza	in-ear/Kiwi Ears Forteza (RikudouGoku).csv	RikudouGoku	711	in-ear	1
Kiwi Ears Orchestra Lite	in-ear/Kiwi Ears Orchestra Lite (RikudouGoku).csv	RikudouGoku	711	in-ear	1
Kiwi Ears Quintet	in-ear/Kiwi Ears Quintet (RikudouGoku).csv	RikudouGoku	711	in-ear	1
Klipsch S4	in-ear/Klipsch S4.csv	RikudouGoku	711	in-ear	1
KZ BA10	in-ear/KZ BA10.csv	RikudouGoku	711	in-ear	1
KZ DQ6	in-ear/KZ DQ6.csv	RikudouGoku	711	in-ear	1
KZ DQ6S	in-ear/KZ DQ6S (RikudouGoku).csv	RikudouGoku	711	in-ear	1
KZ ED9 (balanced filter)	in-ear/KZ ED9 (balanced filter).csv	RikudouGoku	711	in-ear	1
KZ EDR1	in-ear/KZ EDR1.csv	RikudouGoku	711	in-ear	1
KZ EDX Pro	in-ear/KZ EDX Pro.csv	RikudouGoku	711	in-ear	1
KZ EDX Ultra	in-ear/KZ EDX Ultra (RikudouGoku).csv	RikudouGoku	711	in-ear	1
KZ ZES	in-ear/KZ ZES.csv	RikudouGoku	711	in-ear	1
KZ ZEX Pro	in-ear/KZ ZEX Pro (RikudouGoku).csv	RikudouGoku	711	in-ear	1
KZ ZS4	in-ear/KZ ZS4.csv	RikudouGoku	711	in-ear	1
KZ ZS6	in-ear/KZ ZS6.csv	RikudouGoku	711	in-ear	1
KZ ZS7	in-ear/KZ ZS7.csv	RikudouGoku	711	in-ear	1
KZ ZSE	in-ear/KZ ZSE.csv	RikudouGoku	711	in-ear	1
Lypertek PurePlay Z3 1.0	in-ear/Lypertek PurePlay Z3 1.0.csv	RikudouGoku	711	in-ear	1
LZ Hi-Fi Audio A4 Pro (black nozzle, black vent)	in-ear/LZ Hi-Fi Audio A4 Pro (black nozzle, black vent) (RikudouGoku).csv	RikudouGoku	711	in-ear	1
LZ Hi-Fi Audio A4 Pro (black nozzle, blue vent)	in-ear/LZ Hi-Fi Audio A4 Pro (black nozzle, blue vent) (RikudouGoku).csv	RikudouGoku	711	in-ear	1
LZ Hi-Fi Audio A4 Pro (black nozzle, red vent)	in-ear/LZ Hi-Fi Audio A4 Pro (black nozzle, red vent) (RikudouGoku).csv	RikudouGoku	711	in-ear	1
LZ Hi-Fi Audio A4 Pro (blue nozzle, black vent)	in-ear/LZ Hi-Fi Audio A4 Pro (blue nozzle, black vent) (RikudouGoku).csv	RikudouGoku	711	in-ear	1
LZ Hi-Fi Audio A4 Pro (blue nozzle, blue vent)	in-ear/LZ Hi-Fi Audio A4 Pro (blue nozzle, blue vent).csv	RikudouGoku	711	in-ear	1
LZ Hi-Fi Audio A4 Pro (blue nozzle, red vent)	in-ear/LZ Hi-Fi Audio A4 Pro (blue nozzle, red vent).csv	RikudouGoku	711	in-ear	1
LZ Hi-Fi Audio A4 Pro (gold nozzle, black vent)	in-ear/LZ Hi-Fi Audio A4 Pro (gold nozzle, black vent) (RikudouGoku).csv	RikudouGoku	711	in-ear	1
LZ Hi-Fi Audio A4 Pro (gold nozzle, blue vent)	in-ear/LZ Hi-Fi Audio A4 Pro (gold nozzle, blue vent).csv	RikudouGoku	711	in-ear	1
LZ Hi-Fi Audio A4 Pro (gold nozzle, red vent)	in-ear/LZ Hi-Fi Audio A4 Pro (gold nozzle, red vent).csv	RikudouGoku	711	in-ear	1
LZ Hi-Fi Audio A4 Pro (red nozzle, black vent)	in-ear/LZ Hi-Fi Audio A4 Pro (red nozzle, black vent) (RikudouGoku).csv	RikudouGoku	711	in-ear	1
LZ Hi-Fi Audio A4 Pro (red nozzle, blue vent)	in-ear/LZ Hi-Fi Audio A4 Pro (red nozzle, blue vent).csv	RikudouGoku	711	in-ear	1
LZ Hi-Fi Audio A4 Pro (red nozzle, red vent)	in-ear/LZ Hi-Fi Audio A4 Pro (red nozzle, red vent).csv	RikudouGoku	711	in-ear	1
LZ Hi-Fi Audio A6 (black nozzle)	in-ear/LZ Hi-Fi Audio A6 (black nozzle).csv	RikudouGoku	711	in-ear	1
LZ Hi-Fi Audio A6 (blue nozzle)	in-ear/LZ Hi-Fi Audio A6 (blue nozzle).csv	RikudouGoku	711	in-ear	1
LZ Hi-Fi Audio A6 (dark blue nozzle)	in-ear/LZ Hi-Fi Audio A6 (dark blue nozzle).csv	RikudouGoku	711	in-ear	1
LZ Hi-Fi Audio A6 (grey nozzle)	in-ear/LZ Hi-Fi Audio A6 (grey nozzle).csv	RikudouGoku	711	in-ear	1
LZ Hi-Fi Audio A6 (pink nozzle)	in-ear/LZ Hi-Fi Audio A6 (pink nozzle).csv	RikudouGoku	711	in-ear	1
LZ Hi-Fi Audio A6 (purple nozzle)	in-ear/LZ Hi-Fi Audio A6 (purple nozzle).csv	RikudouGoku	711	in-ear	1
LZ Hi-Fi Audio A6 (red nozzle)	in-ear/LZ Hi-Fi Audio A6 (red nozzle).csv	RikudouGoku	711	in-ear	1
LZ Hi-Fi Audio A6 (silver nozzle)	in-ear/LZ Hi-Fi Audio A6 (silver nozzle).csv	RikudouGoku	711	in-ear	1
LZ Hi-Fi Audio A6 (yellow nozzle)	in-ear/LZ Hi-Fi Audio A6 (yellow nozzle).csv	RikudouGoku	711	in-ear	1
LZ Hi-Fi Audio A6 Mini (black nozzle)	in-ear/LZ Hi-Fi Audio A6 Mini (black nozzle).csv	RikudouGoku	711	in-ear	1
LZ Hi-Fi Audio A6 Mini (blue nozzle)	in-ear/LZ Hi-Fi Audio A6 Mini (blue nozzle).csv	RikudouGoku	711	in-ear	1
LZ Hi-Fi Audio A6 Mini (red nozzle)	in-ear/LZ Hi-Fi Audio A6 Mini (red nozzle).csv	RikudouGoku	711	in-ear	1
LZ Hi-Fi Audio A7 (monitor, black nozzle)	in-ear/LZ Hi-Fi Audio A7 (monitor, black nozzle).csv	RikudouGoku	711	in-ear	1
LZ Hi-Fi Audio A7 (monitor, blue nozzle)	in-ear/LZ Hi-Fi Audio A7 (monitor, blue nozzle).csv	RikudouGoku	711	in-ear	1
LZ Hi-Fi Audio A7 (monitor, gold nozzle)	in-ear/LZ Hi-Fi Audio A7 (monitor, gold nozzle).csv	RikudouGoku	711	in-ear	1
LZ Hi-Fi Audio A7 (monitor, red nozzle)	in-ear/LZ Hi-Fi Audio A7 (monitor, red nozzle).csv	RikudouGoku	711	in-ear	1
LZ Hi-Fi Audio A7 (monitor, silver nozzle)	in-ear/LZ Hi-Fi Audio A7 (monitor, silver nozzle).csv	RikudouGoku	711	in-ear	1
LZ Hi-Fi Audio A7 (pop, black nozzle)	in-ear/LZ Hi-Fi Audio A7 (pop, black nozzle).csv	RikudouGoku	711	in-ear	1
LZ Hi-Fi Audio A7 (pop, blue nozzle)	in-ear/LZ Hi-Fi Audio A7 (pop, blue nozzle).csv	RikudouGoku	711	in-ear	1
LZ Hi-Fi Audio A7 (pop, gold nozzle)	in-ear/LZ Hi-Fi Audio A7 (pop, gold nozzle).csv	RikudouGoku	711	in-ear	1
LZ Hi-Fi Audio A7 (pop, red nozzle)	in-ear/LZ Hi-Fi Audio A7 (pop, red nozzle).csv	RikudouGoku	711	in-ear	1
LZ Hi-Fi Audio A7 (pop, silver nozzle)	in-ear/LZ Hi-Fi Audio A7 (pop, silver nozzle).csv	RikudouGoku	711	in-ear	1
LZ Hi-Fi Audio Z04A	in-ear/LZ Hi-Fi Audio Z04A.csv	RikudouGoku	711	in-ear	1
LZ Hi-Fi Audio Z05A	in-ear/LZ Hi-Fi Audio Z05A (RikudouGoku).csv	RikudouGoku	711	in-ear	1
Moondrop Blessing 2	in-ear/Moondrop Blessing 2 (RikudouGoku).csv	RikudouGoku	711	in-ear	1
Moondrop Kato (gold nozzle)	in-ear/Moondrop Kato (gold nozzle).csv	RikudouGoku	711	in-ear	1
Moondrop Kato (silver nozzle)	in-ear/Moondrop Kato (silver nozzle).csv	RikudouGoku	711	in-ear	1
Moondrop KXXS	in-ear/Moondrop KXXS (RikudouGoku).csv	RikudouGoku	711	in-ear	1
Moondrop Quarks	in-ear/Moondrop Quarks (RikudouGoku).csv	RikudouGoku	711	in-ear	1
Moondrop Spaceship	in-ear/Moondrop Spaceship.csv	RikudouGoku	711	in-ear	1
Peacock Audio P1	in-ear/Peacock Audio P1.csv	RikudouGoku	711	in-ear	1
Periodic Audio Be	in-ear/Periodic Audio Be (RikudouGoku).csv	RikudouGoku	711	in-ear	1
Samsung Galaxy Buds Pro	in-ear/Samsung Galaxy Buds Pro (RikudouGoku).csv	RikudouGoku	711	in-ear	1
SeeAudio Bravery	in-ear/SeeAudio Bravery.csv	RikudouGoku	711	in-ear	1
Sennheiser CX 400BT	in-ear/Sennheiser CX 400BT (RikudouGoku).csv	RikudouGoku	711	in-ear	1
Shozy Form 1.1	in-ear/Shozy Form 1.1 (RikudouGoku).csv	RikudouGoku	711	in-ear	1
Shuoer EJ07M	in-ear/Shuoer EJ07M (RikudouGoku).csv	RikudouGoku	711	in-ear	1
Shuoer Tape Pro	in-ear/Shuoer Tape Pro.csv	RikudouGoku	711	in-ear	1
Shuoer Tape	in-ear/Shuoer Tape (RikudouGoku).csv	RikudouGoku	711	in-ear	1
Simgot Audio EA1000 (black nozzle)	in-ear/Simgot Audio EA1000 (black nozzle) (RikudouGoku).csv	RikudouGoku	711	in-ear	1
Simgot Audio EA1000 (gold nozzle)	in-ear/Simgot Audio EA1000 (gold nozzle) (RikudouGoku).csv	RikudouGoku	711	in-ear	1
Simgot Audio EA1000 (red nozzle)	in-ear/Simgot Audio EA1000 (red nozzle) (RikudouGoku).csv	RikudouGoku	711	in-ear	1
Simgot Audio EA500 (black nozzle)	in-ear/Simgot Audio EA500 (black nozzle) (RikudouGoku).csv	RikudouGoku	711	in-ear	1
Simgot Audio EA500 (red nozzle)	in-ear/Simgot Audio EA500 (red nozzle) (RikudouGoku).csv	RikudouGoku	711	in-ear	1
Simgot Audio EA500LM (black nozzle)	in-ear/Simgot Audio EA500LM (black nozzle) (RikudouGoku).csv	RikudouGoku	711	in-ear	1
Simgot Audio EA500LM (gold nozzle)	in-ear/Simgot Audio EA500LM (gold nozzle) (RikudouGoku).csv	RikudouGoku	711	in-ear	1
Simgot Audio EA500LM (red nozzle)	in-ear/Simgot Audio EA500LM (red nozzle) (RikudouGoku).csv	RikudouGoku	711	in-ear	1
Simgot Audio EM6L	in-ear/Simgot Audio EM6L (RikudouGoku).csv	RikudouGoku	711	in-ear	1
Simgot Audio EW200	in-ear/Simgot Audio EW200 (RikudouGoku).csv	RikudouGoku	711	in-ear	1
Simgot Audio EW300 (gold)	in-ear/Simgot Audio EW300 (gold) (RikudouGoku).csv	RikudouGoku	711	in-ear	1
Simgot Audio EW300 (silver)	in-ear/Simgot Audio EW300 (silver) (RikudouGoku).csv	RikudouGoku	711	in-ear	1
SoftEars Volume	in-ear/SoftEars Volume (RikudouGoku).csv	RikudouGoku	711	in-ear	1
Sony MDR-EX1000	in-ear/Sony MDR-EX1000 (RikudouGoku).csv	RikudouGoku	711	in-ear	1
Sony MDR-EX800ST	in-ear/Sony MDR-EX800ST.csv	RikudouGoku	711	in-ear	1
Sony MDR-XB75AP	in-ear/Sony MDR-XB75AP.csv	RikudouGoku	711	in-ear	1
Sony MH750	in-ear/Sony MH750 (RikudouGoku).csv	RikudouGoku	711	in-ear	1
Sony MH755	in-ear/Sony MH755 (RikudouGoku).csv	RikudouGoku	711	in-ear	1
Sony WF-1000XM3	in-ear/Sony WF-1000XM3 (RikudouGoku).csv	RikudouGoku	711	in-ear	1
Sony XBA-A2	in-ear/Sony XBA-A2.csv	RikudouGoku	711	in-ear	1
Sony XBA-A3	in-ear/Sony XBA-A3.csv	RikudouGoku	711	in-ear	1
Sony XBA-N3AP	in-ear/Sony XBA-N3AP.csv	RikudouGoku	711	in-ear	1
Sony XBA-Z5	in-ear/Sony XBA-Z5 (RikudouGoku).csv	RikudouGoku	711	in-ear	1
Tanchjim Echo (Tanchjim Echo filter)	in-ear/Tanchjim Echo (Tanchjim Echo filter).csv	RikudouGoku	711	in-ear	1
Tanchjim Echo	in-ear/Tanchjim Echo.csv	RikudouGoku	711	in-ear	1
Tanchjim Hana	in-ear/Tanchjim Hana.csv	RikudouGoku	711	in-ear	1
Tanchjim Oxygen	in-ear/Tanchjim Oxygen.csv	RikudouGoku	711	in-ear	1
Tanchjim Tanya	in-ear/Tanchjim Tanya (RikudouGoku).csv	RikudouGoku	711	in-ear	1
TANGZU Fudu	in-ear/TANGZU Fudu (RikudouGoku).csv	RikudouGoku	711	in-ear	1
Tansio Mirai TSMR-4 Pro (on-on-off)	in-ear/Tansio Mirai TSMR-4 Pro (on-on-off).csv	RikudouGoku	711	in-ear	1
TForce Yuan Li	in-ear/TForce Yuan Li (RikudouGoku).csv	RikudouGoku	711	in-ear	1
TFZ My Love Edition	in-ear/TFZ My Love Edition.csv	RikudouGoku	711	in-ear	1
TFZ No.3	in-ear/TFZ No.3 (RikudouGoku).csv	RikudouGoku	711	in-ear	1
ThieAudio Hype 2	in-ear/ThieAudio Hype 2 (RikudouGoku).csv	RikudouGoku	711	in-ear	1
ThieAudio Voyager 3 (on-off)	in-ear/ThieAudio Voyager 3 (on-off).csv	RikudouGoku	711	in-ear	1
Tin HiFi P1 Plus	in-ear/Tin HiFi P1 Plus.csv	RikudouGoku	711	in-ear	1
Tin HiFi P1	in-ear/Tin HiFi P1 (RikudouGoku).csv	RikudouGoku	711	in-ear	1
Tin HiFi T3 Plus	in-ear/Tin HiFi T3 Plus.csv	RikudouGoku	711	in-ear	1
Tin HiFi T3	in-ear/Tin HiFi T3 (RikudouGoku).csv	RikudouGoku	711	in-ear	1
Tingker TK200	in-ear/Tingker TK200.csv	RikudouGoku	711	in-ear	1
TRI i3 Pro	in-ear/TRI i3 Pro (RikudouGoku).csv	RikudouGoku	711	in-ear	1
Urbanfun YBF-ISS014	in-ear/Urbanfun YBF-ISS014.csv	RikudouGoku	711	in-ear	1
Vento Conductor T-500 Pro	in-ear/Vento Conductor T-500 Pro.csv	RikudouGoku	711	in-ear	1
Venture Electronics Bonus In-Ears (BIE)	in-ear/Venture Electronics Bonus In-Ears (BIE).csv	RikudouGoku	711	in-ear	1
VJJB N1	in-ear/VJJB N1.csv	RikudouGoku	711	in-ear	1
Apple AirPods (3rd generation)	earbud/Apple AirPods (3rd generation).csv	Rtings	Bruel & Kjaer 5128	earbud	1
Apple AirPods 4 (ANC on)	earbud/Apple AirPods 4 (ANC on) (Rtings).csv	Rtings	Bruel & Kjaer 5128	earbud	1
Apple AirPods 4	earbud/Apple AirPods 4.csv	Rtings	Bruel & Kjaer 5128	earbud	1
Bose Ultra Open Earbuds	earbud/Bose Ultra Open Earbuds.csv	Rtings	Bruel & Kjaer 5128	earbud	1
Shokz OpenFit Air	earbud/Shokz OpenFit Air.csv	Rtings	Bruel & Kjaer 5128	earbud	1
Shokz OpenRun Pro 2 Bone Conduction	earbud/Shokz OpenRun Pro 2 Bone Conduction.csv	Rtings	Bruel & Kjaer 5128	earbud	1
AfterShokz Aeropex	earbud/AfterShokz Aeropex.csv	Rtings	HMS II.3	earbud	1
AfterShokz Trekz Air	earbud/AfterShokz Trekz Air.csv	Rtings	HMS II.3	earbud	1
Apple AirPods (1st generation)	earbud/Apple AirPods (1st generation) (Rtings).csv	Rtings	HMS II.3	earbud	1
Apple AirPods (2nd generation)	earbud/Apple AirPods (2nd generation).csv	Rtings	HMS II.3	earbud	1
Apple EarPods	earbud/Apple EarPods (Rtings).csv	Rtings	HMS II.3	earbud	1
Bang & Olufsen Beoplay Earset 3i	earbud/Bang & Olufsen Beoplay Earset 3i.csv	Rtings	HMS II.3	earbud	1
Bang & Olufsen Beoplay Earset Wireless	earbud/Bang & Olufsen Beoplay Earset Wireless.csv	Rtings	HMS II.3	earbud	1
Bose Sport Open Earbuds	earbud/Bose Sport Open Earbuds.csv	Rtings	HMS II.3	earbud	1
Google Pixel USB-C Earbuds	earbud/Google Pixel USB-C Earbuds.csv	Rtings	HMS II.3	earbud	1
Jabra Steel	earbud/Jabra Steel.csv	Rtings	HMS II.3	earbud	1
Jabra Talk 45	earbud/Jabra Talk 45.csv	Rtings	HMS II.3	earbud	1
Microsoft Surface Earbuds	earbud/Microsoft Surface Earbuds.csv	Rtings	HMS II.3	earbud	1
Plantronics BackBeat Fit	earbud/Plantronics BackBeat Fit.csv	Rtings	HMS II.3	earbud	1
Plantronics Voyager 3200	earbud/Plantronics Voyager 3200.csv	Rtings	HMS II.3	earbud	1
Plantronics Voyager 5200	earbud/Plantronics Voyager 5200.csv	Rtings	HMS II.3	earbud	1
Plantronics Voyager Legend	earbud/Plantronics Voyager Legend.csv	Rtings	HMS II.3	earbud	1
Samsung Galaxy Buds Live	earbud/Samsung Galaxy Buds Live (Rtings).csv	Rtings	HMS II.3	earbud	1
Shokz OpenRun Pro	earbud/Shokz OpenRun Pro.csv	Rtings	HMS II.3	earbud	1
Shokz OpenRun	earbud/Shokz OpenRun.csv	Rtings	HMS II.3	earbud	1
Sony Float Run	earbud/Sony Float Run.csv	Rtings	HMS II.3	earbud	1
Sony LinkBuds	earbud/Sony LinkBuds.csv	Rtings	HMS II.3	earbud	1
TaoTronics SoundLiberty 95	earbud/TaoTronics SoundLiberty 95.csv	Rtings	HMS II.3	earbud	1
Anker Soundcore C30i	in-ear/Anker Soundcore C30i.csv	Rtings	Bruel & Kjaer 5128	in-ear	1
Anker Soundcore Liberty 4 NC	in-ear/Anker Soundcore Liberty 4 NC (Rtings).csv	Rtings	Bruel & Kjaer 5128	in-ear	1
Anker Soundcore P25i	in-ear/Anker Soundcore P25i.csv	Rtings	Bruel & Kjaer 5128	in-ear	1
Anker Soundcore P40i	in-ear/Anker Soundcore P40i.csv	Rtings	Bruel & Kjaer 5128	in-ear	1
Anker Soundcore Space A40	in-ear/Anker Soundcore Space A40 (Rtings).csv	Rtings	Bruel & Kjaer 5128	in-ear	1
Apple AirPods Pro2	in-ear/Apple AirPods Pro2.csv	Rtings	Bruel & Kjaer 5128	in-ear	1
ASUS ROG Cetra True Wireless SpeedNova	in-ear/ASUS ROG Cetra True Wireless SpeedNova.csv	Rtings	Bruel & Kjaer 5128	in-ear	1
Beats Solo Buds	in-ear/Beats Solo Buds.csv	Rtings	Bruel & Kjaer 5128	in-ear	1
Bose QuietComfort Earbuds II	in-ear/Bose QuietComfort Earbuds II.csv	Rtings	Bruel & Kjaer 5128	in-ear	1
Bose QuietComfort Ultra Earbuds	in-ear/Bose QuietComfort Ultra Earbuds (Rtings).csv	Rtings	Bruel & Kjaer 5128	in-ear	1
CMF by Nothing Buds Pro 2	in-ear/CMF by Nothing Buds Pro 2.csv	Rtings	Bruel & Kjaer 5128	in-ear	1
Devialet Gemini II	in-ear/Devialet Gemini II.csv	Rtings	Bruel & Kjaer 5128	in-ear	1
Fairphone Fairbuds	in-ear/Fairphone Fairbuds.csv	Rtings	Bruel & Kjaer 5128	in-ear	1
Google Pixel Buds Pro 2	in-ear/Google Pixel Buds Pro 2 (Rtings).csv	Rtings	Bruel & Kjaer 5128	in-ear	1
Google Pixel Buds Pro	in-ear/Google Pixel Buds Pro (Rtings).csv	Rtings	Bruel & Kjaer 5128	in-ear	1
Jabra Elite 10 Gen 2	in-ear/Jabra Elite 10 Gen 2 (Rtings).csv	Rtings	Bruel & Kjaer 5128	in-ear	1
Jabra Elite 10	in-ear/Jabra Elite 10 (Rtings).csv	Rtings	Bruel & Kjaer 5128	in-ear	1
Jabra Elite 8 Active Gen 2	in-ear/Jabra Elite 8 Active Gen 2.csv	Rtings	Bruel & Kjaer 5128	in-ear	1
Jabra Elite 8 Active	in-ear/Jabra Elite 8 Active (Rtings).csv	Rtings	Bruel & Kjaer 5128	in-ear	1
JBL Tune Buds	in-ear/JBL Tune Buds.csv	Rtings	Bruel & Kjaer 5128	in-ear	1
JBL Vibe Beam	in-ear/JBL Vibe Beam.csv	Rtings	Bruel & Kjaer 5128	in-ear	1
JBL Vibe Buds	in-ear/JBL Vibe Buds.csv	Rtings	Bruel & Kjaer 5128	in-ear	1
Moondrop Blessing 3	in-ear/Moondrop Blessing 3 (Rtings).csv	Rtings	Bruel & Kjaer 5128	in-ear	1
Moondrop x Crinacle DUSK	in-ear/Moondrop x Crinacle DUSK (Rtings).csv	Rtings	Bruel & Kjaer 5128	in-ear	1
Nothing ear (a)	in-ear/Nothing ear (a) (Rtings).csv	Rtings	Bruel & Kjaer 5128	in-ear	1
Nothing ear	in-ear/Nothing ear (Rtings).csv	Rtings	Bruel & Kjaer 5128	in-ear	1
OnePlus Buds 3	in-ear/OnePlus Buds 3 (Rtings).csv	Rtings	Bruel & Kjaer 5128	in-ear	1
Samsung Galaxy Buds FE	in-ear/Samsung Galaxy Buds FE (Rtings).csv	Rtings	Bruel & Kjaer 5128	in-ear	1
Samsung Galaxy Buds2 Pro	in-ear/Samsung Galaxy Buds2 Pro (Rtings).csv	Rtings	Bruel & Kjaer 5128	in-ear	1
Samsung Galaxy Buds3 Pro	in-ear/Samsung Galaxy Buds3 Pro (Rtings).csv	Rtings	Bruel & Kjaer 5128	in-ear	1
Samsung Galaxy Buds3	in-ear/Samsung Galaxy Buds3.csv	Rtings	Bruel & Kjaer 5128	in-ear	1
Sennheiser IE 200	in-ear/Sennheiser IE 200 (Rtings).csv	Rtings	Bruel & Kjaer 5128	in-ear	1
Sennheiser MOMENTUM Sport	in-ear/Sennheiser MOMENTUM Sport.csv	Rtings	Bruel & Kjaer 5128	in-ear	1
Sennheiser MOMENTUM True Wireless 4	in-ear/Sennheiser MOMENTUM True Wireless 4 (Rtings).csv	Rtings	Bruel & Kjaer 5128	in-ear	1
Skullcandy Dime 3	in-ear/Skullcandy Dime 3.csv	Rtings	Bruel & Kjaer 5128	in-ear	1
Sony INZONE Buds	in-ear/Sony INZONE Buds.csv	Rtings	Bruel & Kjaer 5128	in-ear	1
Sony LinkBuds S	in-ear/Sony LinkBuds S (Rtings).csv	Rtings	Bruel & Kjaer 5128	in-ear	1
Sony PULSE Explore	in-ear/Sony PULSE Explore (Rtings).csv	Rtings	Bruel & Kjaer 5128	in-ear	1
Sony WF-1000XM5	in-ear/Sony WF-1000XM5 (Rtings).csv	Rtings	Bruel & Kjaer 5128	in-ear	1
Technics EAH-AZ80	in-ear/Technics EAH-AZ80 (Rtings).csv	Rtings	Bruel & Kjaer 5128	in-ear	1
ThieAudio Monarch MKIII	in-ear/ThieAudio Monarch MKIII (Rtings).csv	Rtings	Bruel & Kjaer 5128	in-ear	1
Truthear Hexa	in-ear/Truthear Hexa (Rtings).csv	Rtings	Bruel & Kjaer 5128	in-ear	1
Truthear x Crinacle Zero RED	in-ear/Truthear x Crinacle Zero RED (Rtings).csv	Rtings	Bruel & Kjaer 5128	in-ear	1
Truthear x Crinacle Zero	in-ear/Truthear x Crinacle Zero (Rtings).csv	Rtings	Bruel & Kjaer 5128	in-ear	1
1MORE Piston Classic	in-ear/1MORE Piston Classic.csv	Rtings	HMS II.3	in-ear	1
1MORE Piston Fit	in-ear/1MORE Piston Fit.csv	Rtings	HMS II.3	in-ear	1
1MORE Quad Driver	in-ear/1MORE Quad Driver (Rtings).csv	Rtings	HMS II.3	in-ear	1
1MORE Triple Driver	in-ear/1MORE Triple Driver (Rtings).csv	Rtings	HMS II.3	in-ear	1
7Hz Timeless	in-ear/7Hz Timeless (Rtings).csv	Rtings	HMS II.3	in-ear	1
AKG N200	in-ear/AKG N200.csv	Rtings	HMS II.3	in-ear	1
Altec Lansing True Evo	in-ear/Altec Lansing True Evo.csv	Rtings	HMS II.3	in-ear	1
Amazon Echo Buds Gen 2	in-ear/Amazon Echo Buds Gen 2.csv	Rtings	HMS II.3	in-ear	1
Amazon Echo Buds Gen 3	in-ear/Amazon Echo Buds Gen 3.csv	Rtings	HMS II.3	in-ear	1
Amazon Echo Buds	in-ear/Amazon Echo Buds (Rtings).csv	Rtings	HMS II.3	in-ear	1
Anker SoundBuds Curve Upgraded 2019	in-ear/Anker SoundBuds Curve Upgraded 2019.csv	Rtings	HMS II.3	in-ear	1
Anker SoundBuds Curve	in-ear/Anker SoundBuds Curve.csv	Rtings	HMS II.3	in-ear	1
Anker SoundBuds Life	in-ear/Anker SoundBuds Life.csv	Rtings	HMS II.3	in-ear	1
Anker SoundBuds Sport	in-ear/Anker SoundBuds Sport.csv	Rtings	HMS II.3	in-ear	1
Anker Soundcore Liberty 2 Pro	in-ear/Anker Soundcore Liberty 2 Pro (Rtings).csv	Rtings	HMS II.3	in-ear	1
Anker Soundcore Liberty 3 Pro	in-ear/Anker Soundcore Liberty 3 Pro (Rtings).csv	Rtings	HMS II.3	in-ear	1
Anker Soundcore Liberty 4	in-ear/Anker Soundcore Liberty 4.csv	Rtings	HMS II.3	in-ear	1
Anker Soundcore Liberty Air 2 Pro	in-ear/Anker Soundcore Liberty Air 2 Pro.csv	Rtings	HMS II.3	in-ear	1
Anker Soundcore Liberty Air 2	in-ear/Anker Soundcore Liberty Air 2 (Rtings).csv	Rtings	HMS II.3	in-ear	1
Anker Soundcore Liberty Air	in-ear/Anker Soundcore Liberty Air.csv	Rtings	HMS II.3	in-ear	1
Anker Soundcore Liberty Lite	in-ear/Anker Soundcore Liberty Lite.csv	Rtings	HMS II.3	in-ear	1
Anker Soundcore Life A2 NC	in-ear/Anker Soundcore Life A2 NC.csv	Rtings	HMS II.3	in-ear	1
Anker Soundcore Life Dot 2	in-ear/Anker Soundcore Life Dot 2.csv	Rtings	HMS II.3	in-ear	1
Anker Soundcore Life P2	in-ear/Anker Soundcore Life P2.csv	Rtings	HMS II.3	in-ear	1
Anker Soundcore Life P3	in-ear/Anker Soundcore Life P3.csv	Rtings	HMS II.3	in-ear	1
Anker Soundcore Spirit X	in-ear/Anker Soundcore Spirit X.csv	Rtings	HMS II.3	in-ear	1
Anker Zolo Liberty+	in-ear/Anker Zolo Liberty+.csv	Rtings	HMS II.3	in-ear	1
Apple AirPods Pro	in-ear/Apple AirPods Pro (Rtings).csv	Rtings	HMS II.3	in-ear	1
Audio-Technica ATH-ANC23	in-ear/Audio-Technica ATH-ANC23.csv	Rtings	HMS II.3	in-ear	1
Audio-Technica ATH-ANC33iS	in-ear/Audio-Technica ATH-ANC33iS.csv	Rtings	HMS II.3	in-ear	1
AUKEY Latitude	in-ear/AUKEY Latitude.csv	Rtings	HMS II.3	in-ear	1
Bang & Olufsen Beoplay E8 2.0	in-ear/Bang & Olufsen Beoplay E8 2.0.csv	Rtings	HMS II.3	in-ear	1
Bang & Olufsen Beoplay E8	in-ear/Bang & Olufsen Beoplay E8.csv	Rtings	HMS II.3	in-ear	1
Bang & Olufsen E8 3.0	in-ear/Bang & Olufsen E8 3.0.csv	Rtings	HMS II.3	in-ear	1
Beats Beats Powerbeats 4	in-ear/Beats Beats Powerbeats 4.csv	Rtings	HMS II.3	in-ear	1
Beats Fit Pro	in-ear/Beats Fit Pro.csv	Rtings	HMS II.3	in-ear	1
Beats Flex	in-ear/Beats Flex.csv	Rtings	HMS II.3	in-ear	1
Beats Powerbeats Pro	in-ear/Beats Powerbeats Pro (Rtings).csv	Rtings	HMS II.3	in-ear	1
Beats Powerbeats3 Wireless	in-ear/Beats Powerbeats3 Wireless.csv	Rtings	HMS II.3	in-ear	1
Beats Studio Buds +	in-ear/Beats Studio Buds + (Rtings).csv	Rtings	HMS II.3	in-ear	1
Beats Studio Buds	in-ear/Beats Studio Buds (Rtings).csv	Rtings	HMS II.3	in-ear	1
Beats urBeats	in-ear/Beats urBeats.csv	Rtings	HMS II.3	in-ear	1
Beats urBeats3	in-ear/Beats urBeats3.csv	Rtings	HMS II.3	in-ear	1
Beats X	in-ear/Beats X.csv	Rtings	HMS II.3	in-ear	1
Betron YSM1000	in-ear/Betron YSM1000.csv	Rtings	HMS II.3	in-ear	1
BGVP DM6	in-ear/BGVP DM6.csv	Rtings	HMS II.3	in-ear	1
Boltune BT-BH024	in-ear/Boltune BT-BH024 (Rtings).csv	Rtings	HMS II.3	in-ear	1
Bose Hearphones	in-ear/Bose Hearphones.csv	Rtings	HMS II.3	in-ear	1
Bose QuietComfort 20	in-ear/Bose QuietComfort 20 (Rtings).csv	Rtings	HMS II.3	in-ear	1
Bose QuietComfort Earbuds	in-ear/Bose QuietComfort Earbuds.csv	Rtings	HMS II.3	in-ear	1
Bose SoundSport Free	in-ear/Bose SoundSport Free (Rtings).csv	Rtings	HMS II.3	in-ear	1
Bose SoundSport In-Ear	in-ear/Bose SoundSport In-Ear.csv	Rtings	HMS II.3	in-ear	1
Bose SoundSport Wireless	in-ear/Bose SoundSport Wireless (Rtings).csv	Rtings	HMS II.3	in-ear	1
Bose SoundTrue Ultra In-Ear	in-ear/Bose SoundTrue Ultra In-Ear.csv	Rtings	HMS II.3	in-ear	1
Bose Sport Earbuds	in-ear/Bose Sport Earbuds.csv	Rtings	HMS II.3	in-ear	1
Bowers & Wilkins Pi7 S2	in-ear/Bowers & Wilkins Pi7 S2.csv	Rtings	HMS II.3	in-ear	1
Bowers & Wilkins Pi7	in-ear/Bowers & Wilkins Pi7.csv	Rtings	HMS II.3	in-ear	1
Cambridge Audio Melomania 1+	in-ear/Cambridge Audio Melomania 1+.csv	Rtings	HMS II.3	in-ear	1
Cambridge Audio Melomania 1	in-ear/Cambridge Audio Melomania 1.csv	Rtings	HMS II.3	in-ear	1
Cowin Apex Elite	in-ear/Cowin Apex Elite.csv	Rtings	HMS II.3	in-ear	1
Creative Aurvana Ace 2	in-ear/Creative Aurvana Ace 2 (Rtings).csv	Rtings	HMS II.3	in-ear	1
Creative Outlier Air V2	in-ear/Creative Outlier Air V2.csv	Rtings	HMS II.3	in-ear	1
Creative Outlier Air	in-ear/Creative Outlier Air.csv	Rtings	HMS II.3	in-ear	1
Denon PerL Pro	in-ear/Denon PerL Pro.csv	Rtings	HMS II.3	in-ear	1
EarFun Air Pro 2 (2021)	in-ear/EarFun Air Pro 2 (2021).csv	Rtings	HMS II.3	in-ear	1
EarFun Air Pro 3	in-ear/EarFun Air Pro 3 (Rtings).csv	Rtings	HMS II.3	in-ear	1
EarFun Air Pro	in-ear/EarFun Air Pro.csv	Rtings	HMS II.3	in-ear	1
EarFun Free	in-ear/EarFun Free.csv	Rtings	HMS II.3	in-ear	1
ENACFIRE E60	in-ear/ENACFIRE E60.csv	Rtings	HMS II.3	in-ear	1
EPOS GTW 270 Hybrid	in-ear/EPOS GTW 270 Hybrid.csv	Rtings	HMS II.3	in-ear	1
Etymotic ER4XR	in-ear/Etymotic ER4XR (Rtings).csv	Rtings	HMS II.3	in-ear	1
Etymotic hf5	in-ear/Etymotic hf5 (Rtings).csv	Rtings	HMS II.3	in-ear	1
FIIL T1X	in-ear/FIIL T1X.csv	Rtings	HMS II.3	in-ear	1
Fitbit Flyer	in-ear/Fitbit Flyer.csv	Rtings	HMS II.3	in-ear	1
Google Pixel Buds (2017)	in-ear/Google Pixel Buds (2017).csv	Rtings	HMS II.3	in-ear	1
Google Pixel Buds (2020)	in-ear/Google Pixel Buds (2020).csv	Rtings	HMS II.3	in-ear	1
Google Pixel Buds A-Series	in-ear/Google Pixel Buds A-Series.csv	Rtings	HMS II.3	in-ear	1
Jabra Elite 25e	in-ear/Jabra Elite 25e.csv	Rtings	HMS II.3	in-ear	1
Jabra Elite 3	in-ear/Jabra Elite 3.csv	Rtings	HMS II.3	in-ear	1
Jabra Elite 4 Active	in-ear/Jabra Elite 4 Active.csv	Rtings	HMS II.3	in-ear	1
Jabra Elite 4	in-ear/Jabra Elite 4 (Rtings).csv	Rtings	HMS II.3	in-ear	1
Jabra Elite 45e	in-ear/Jabra Elite 45e.csv	Rtings	HMS II.3	in-ear	1
Jabra Elite 5	in-ear/Jabra Elite 5 (Rtings).csv	Rtings	HMS II.3	in-ear	1
Jabra Elite 65e	in-ear/Jabra Elite 65e.csv	Rtings	HMS II.3	in-ear	1
Jabra Elite 65t	in-ear/Jabra Elite 65t.csv	Rtings	HMS II.3	in-ear	1
Jabra Elite 7 Active	in-ear/Jabra Elite 7 Active.csv	Rtings	HMS II.3	in-ear	1
Jabra Elite 7 Pro	in-ear/Jabra Elite 7 Pro (Rtings).csv	Rtings	HMS II.3	in-ear	1
Jabra Elite 75t	in-ear/Jabra Elite 75t (Rtings).csv	Rtings	HMS II.3	in-ear	1
Jabra Elite 85t	in-ear/Jabra Elite 85t.csv	Rtings	HMS II.3	in-ear	1
Jabra Elite Active 45e	in-ear/Jabra Elite Active 45e.csv	Rtings	HMS II.3	in-ear	1
Jabra Elite Active 65t	in-ear/Jabra Elite Active 65t.csv	Rtings	HMS II.3	in-ear	1
Jabra Elite Active 75t	in-ear/Jabra Elite Active 75t.csv	Rtings	HMS II.3	in-ear	1
Jabra Elite Sport	in-ear/Jabra Elite Sport.csv	Rtings	HMS II.3	in-ear	1
Jabra Evolve 65t	in-ear/Jabra Evolve 65t.csv	Rtings	HMS II.3	in-ear	1
Jaybird Freedom 2	in-ear/Jaybird Freedom 2.csv	Rtings	HMS II.3	in-ear	1
Jaybird Freedom F5 (2016)	in-ear/Jaybird Freedom F5 (2016).csv	Rtings	HMS II.3	in-ear	1
Jaybird Run XT	in-ear/Jaybird Run XT.csv	Rtings	HMS II.3	in-ear	1
Jaybird Run	in-ear/Jaybird Run.csv	Rtings	HMS II.3	in-ear	1
Jaybird Tarah Pro	in-ear/Jaybird Tarah Pro.csv	Rtings	HMS II.3	in-ear	1
Jaybird Tarah	in-ear/Jaybird Tarah.csv	Rtings	HMS II.3	in-ear	1
Jaybird Vista 2	in-ear/Jaybird Vista 2.csv	Rtings	HMS II.3	in-ear	1
Jaybird Vista	in-ear/Jaybird Vista.csv	Rtings	HMS II.3	in-ear	1
Jaybird X2	in-ear/Jaybird X2.csv	Rtings	HMS II.3	in-ear	1
Jaybird X3	in-ear/Jaybird X3.csv	Rtings	HMS II.3	in-ear	1
Jaybird X4	in-ear/Jaybird X4.csv	Rtings	HMS II.3	in-ear	1
JBL CLUB PRO Plus TWS	in-ear/JBL CLUB PRO Plus TWS.csv	Rtings	HMS II.3	in-ear	1
JBL E25BT	in-ear/JBL E25BT.csv	Rtings	HMS II.3	in-ear	1
JBL Endurance Dive	in-ear/JBL Endurance Dive.csv	Rtings	HMS II.3	in-ear	1
JBL Endurance Peak 3	in-ear/JBL Endurance Peak 3.csv	Rtings	HMS II.3	in-ear	1
JBL Endurance Peak II	in-ear/JBL Endurance Peak II.csv	Rtings	HMS II.3	in-ear	1
JBL Endurance Peak	in-ear/JBL Endurance Peak.csv	Rtings	HMS II.3	in-ear	1
JBL Endurance Sprint	in-ear/JBL Endurance Sprint.csv	Rtings	HMS II.3	in-ear	1
JBL Everest 110	in-ear/JBL Everest 110.csv	Rtings	HMS II.3	in-ear	1
JBL Free 2018	in-ear/JBL Free 2018.csv	Rtings	HMS II.3	in-ear	1
JBL Free X	in-ear/JBL Free X (Rtings).csv	Rtings	HMS II.3	in-ear	1
JBL Live 200BT	in-ear/JBL Live 200BT.csv	Rtings	HMS II.3	in-ear	1
JBL Live 300TWS	in-ear/JBL Live 300TWS.csv	Rtings	HMS II.3	in-ear	1
JBL Live Free NC+ TWS	in-ear/JBL Live Free NC+ TWS.csv	Rtings	HMS II.3	in-ear	1
JBL Live Pro 2 TWS	in-ear/JBL Live Pro 2 TWS.csv	Rtings	HMS II.3	in-ear	1
JBL Live Pro+ TWS	in-ear/JBL Live Pro+ TWS.csv	Rtings	HMS II.3	in-ear	1
JBL Reflect Flow	in-ear/JBL Reflect Flow.csv	Rtings	HMS II.3	in-ear	1
JBL Reflect Mini 2	in-ear/JBL Reflect Mini 2.csv	Rtings	HMS II.3	in-ear	1
JBL Tour Pro+ TWS	in-ear/JBL Tour Pro+ TWS.csv	Rtings	HMS II.3	in-ear	1
JBL TUNE 120TWS	in-ear/JBL TUNE 120TWS.csv	Rtings	HMS II.3	in-ear	1
JBL Tune 125TWS	in-ear/JBL Tune 125TWS.csv	Rtings	HMS II.3	in-ear	1
JBL Tune 130NC TWS	in-ear/JBL Tune 130NC TWS.csv	Rtings	HMS II.3	in-ear	1
JBL TUNE 220TWS	in-ear/JBL TUNE 220TWS.csv	Rtings	HMS II.3	in-ear	1
JBL Tune 225TWS	in-ear/JBL Tune 225TWS.csv	Rtings	HMS II.3	in-ear	1
JBL Tune 230NC TWS	in-ear/JBL Tune 230NC TWS.csv	Rtings	HMS II.3	in-ear	1
JBL Tune Flex	in-ear/JBL Tune Flex (Rtings).csv	Rtings	HMS II.3	in-ear	1
JBL Vibe 100TWS	in-ear/JBL Vibe 100TWS.csv	Rtings	HMS II.3	in-ear	1
JLab Audio GO Air POP	in-ear/JLab Audio GO Air POP.csv	Rtings	HMS II.3	in-ear	1
JLab Audio JBuds Air ANC	in-ear/JLab Audio JBuds Air ANC.csv	Rtings	HMS II.3	in-ear	1
JLab Audio JBuds Air Executive	in-ear/JLab Audio JBuds Air Executive.csv	Rtings	HMS II.3	in-ear	1
JLab Audio JBuds Air	in-ear/JLab Audio JBuds Air.csv	Rtings	HMS II.3	in-ear	1
JLab Audio JBuds ANC 3	in-ear/JLab Audio JBuds ANC 3.csv	Rtings	HMS II.3	in-ear	1
Klipsch T5 II True Wireless ANC	in-ear/Klipsch T5 II True Wireless ANC.csv	Rtings	HMS II.3	in-ear	1
Klipsch T5 II True Wireless Sport	in-ear/Klipsch T5 II True Wireless Sport.csv	Rtings	HMS II.3	in-ear	1
Klipsch T5 True Wireless	in-ear/Klipsch T5 True Wireless.csv	Rtings	HMS II.3	in-ear	1
KZ AS10	in-ear/KZ AS10.csv	Rtings	HMS II.3	in-ear	1
KZ ZS10	in-ear/KZ ZS10 (Rtings).csv	Rtings	HMS II.3	in-ear	1
KZ ZSN	in-ear/KZ ZSN.csv	Rtings	HMS II.3	in-ear	1
KZ ZST	in-ear/KZ ZST (Rtings).csv	Rtings	HMS II.3	in-ear	1
Logitech G333	in-ear/Logitech G333.csv	Rtings	HMS II.3	in-ear	1
MEE Audio M6 Pro	in-ear/MEE Audio M6 Pro.csv	Rtings	HMS II.3	in-ear	1
MEE Audio M9B	in-ear/MEE Audio M9B.csv	Rtings	HMS II.3	in-ear	1
MEE Audio Sport-Fi M6	in-ear/MEE Audio Sport-Fi M6.csv	Rtings	HMS II.3	in-ear	1
MEE Audio X6 Plus	in-ear/MEE Audio X6 Plus.csv	Rtings	HMS II.3	in-ear	1
MEE Audio X7	in-ear/MEE Audio X7.csv	Rtings	HMS II.3	in-ear	1
Monster Clarity 101 AirLinks	in-ear/Monster Clarity 101 AirLinks.csv	Rtings	HMS II.3	in-ear	1
Moondrop Aria	in-ear/Moondrop Aria (Rtings).csv	Rtings	HMS II.3	in-ear	1
Moondrop KATO	in-ear/Moondrop KATO.csv	Rtings	HMS II.3	in-ear	1
Mpow EM12	in-ear/Mpow EM12.csv	Rtings	HMS II.3	in-ear	1
Mpow Flame Pro	in-ear/Mpow Flame Pro.csv	Rtings	HMS II.3	in-ear	1
Mpow Jaws (4.1)	in-ear/Mpow Jaws (4.1).csv	Rtings	HMS II.3	in-ear	1
Mpow M30	in-ear/Mpow M30.csv	Rtings	HMS II.3	in-ear	1
Mpow MDots	in-ear/Mpow MDots.csv	Rtings	HMS II.3	in-ear	1
Mpow X3	in-ear/Mpow X3.csv	Rtings	HMS II.3	in-ear	1
Mpow X5	in-ear/Mpow X5.csv	Rtings	HMS II.3	in-ear	1
Mpow X6	in-ear/Mpow X6.csv	Rtings	HMS II.3	in-ear	1
Nothing ear (1)	in-ear/Nothing ear (1) (Rtings).csv	Rtings	HMS II.3	in-ear	1
Nothing ear (2)	in-ear/Nothing ear (2).csv	Rtings	HMS II.3	in-ear	1
Nothing ear (stick)	in-ear/Nothing ear (stick).csv	Rtings	HMS II.3	in-ear	1
Nura NuraLoop	in-ear/Nura NuraLoop.csv	Rtings	HMS II.3	in-ear	1
OnePlus Buds Pro 2	in-ear/OnePlus Buds Pro 2.csv	Rtings	HMS II.3	in-ear	1
OnePlus Buds Pro	in-ear/OnePlus Buds Pro (Rtings).csv	Rtings	HMS II.3	in-ear	1
OnePlus Buds Z	in-ear/OnePlus Buds Z.csv	Rtings	HMS II.3	in-ear	1
OnePlus Buds	in-ear/OnePlus Buds.csv	Rtings	HMS II.3	in-ear	1
Panasonic RP-HJE120	in-ear/Panasonic RP-HJE120 (Rtings).csv	Rtings	HMS II.3	in-ear	1
Raycon E100	in-ear/Raycon E100.csv	Rtings	HMS II.3	in-ear	1
Raycon E25	in-ear/Raycon E25.csv	Rtings	HMS II.3	in-ear	1
Raycon E50	in-ear/Raycon E50.csv	Rtings	HMS II.3	in-ear	1
Raycon E55	in-ear/Raycon E55.csv	Rtings	HMS II.3	in-ear	1
Raycon The Fitness Earbuds (2021 Edition)	in-ear/Raycon The Fitness Earbuds (2021 Edition).csv	Rtings	HMS II.3	in-ear	1
Razer Hammerhead Pro HyperSpeed	in-ear/Razer Hammerhead Pro HyperSpeed.csv	Rtings	HMS II.3	in-ear	1
Razer Hammerhead True Wireless (2019)	in-ear/Razer Hammerhead True Wireless (2019).csv	Rtings	HMS II.3	in-ear	1
Razer Hammerhead True Wireless (2021)	in-ear/Razer Hammerhead True Wireless (2021).csv	Rtings	HMS II.3	in-ear	1
Razer Hammerhead True Wireless Pro	in-ear/Razer Hammerhead True Wireless Pro.csv	Rtings	HMS II.3	in-ear	1
Razer Hammerhead USB-C ANC	in-ear/Razer Hammerhead USB-C ANC.csv	Rtings	HMS II.3	in-ear	1
Razer Moray	in-ear/Razer Moray.csv	Rtings	HMS II.3	in-ear	1
RHA TrueConnect	in-ear/RHA TrueConnect.csv	Rtings	HMS II.3	in-ear	1
Sabbat E12	in-ear/Sabbat E12.csv	Rtings	HMS II.3	in-ear	1
Samsung AKG EO-IG955 Type-C	in-ear/Samsung AKG EO-IG955 Type-C.csv	Rtings	HMS II.3	in-ear	1
Samsung Galaxy Buds Plus	in-ear/Samsung Galaxy Buds Plus.csv	Rtings	HMS II.3	in-ear	1
Samsung Galaxy Buds Pro	in-ear/Samsung Galaxy Buds Pro (Rtings).csv	Rtings	HMS II.3	in-ear	1
Samsung Galaxy Buds	in-ear/Samsung Galaxy Buds (Rtings).csv	Rtings	HMS II.3	in-ear	1
Samsung Galaxy Buds2	in-ear/Samsung Galaxy Buds2 (Rtings).csv	Rtings	HMS II.3	in-ear	1
Samsung Level U Pro	in-ear/Samsung Level U Pro.csv	Rtings	HMS II.3	in-ear	1
Samsung U Flex	in-ear/Samsung U Flex.csv	Rtings	HMS II.3	in-ear	1
Sennheiser AMBEO Smart Headset	in-ear/Sennheiser AMBEO Smart Headset.csv	Rtings	HMS II.3	in-ear	1
Sennheiser CX Plus True Wireless	in-ear/Sennheiser CX Plus True Wireless (Rtings).csv	Rtings	HMS II.3	in-ear	1
Sennheiser CX True Wireless	in-ear/Sennheiser CX True Wireless.csv	Rtings	HMS II.3	in-ear	1
Sennheiser CXC-700	in-ear/Sennheiser CXC-700.csv	Rtings	HMS II.3	in-ear	1
Sennheiser HD1 In-Ear Wireless	in-ear/Sennheiser HD1 In-Ear Wireless.csv	Rtings	HMS II.3	in-ear	1
Sennheiser HD1 In-Ear	in-ear/Sennheiser HD1 In-Ear.csv	Rtings	HMS II.3	in-ear	1
Sennheiser IE 40 Pro	in-ear/Sennheiser IE 40 Pro (Rtings).csv	Rtings	HMS II.3	in-ear	1
Sennheiser Momentum True Wireless 2	in-ear/Sennheiser Momentum True Wireless 2 (Rtings).csv	Rtings	HMS II.3	in-ear	1
Sennheiser Momentum True Wireless 3	in-ear/Sennheiser Momentum True Wireless 3 (Rtings).csv	Rtings	HMS II.3	in-ear	1
Sennheiser Momentum True Wireless	in-ear/Sennheiser Momentum True Wireless (Rtings).csv	Rtings	HMS II.3	in-ear	1
SENSO ActivBuds S-250	in-ear/SENSO ActivBuds S-250.csv	Rtings	HMS II.3	in-ear	1
Shokz OpenFit	in-ear/Shokz OpenFit.csv	Rtings	HMS II.3	in-ear	1
Shure SE215	in-ear/Shure SE215 (Rtings).csv	Rtings	HMS II.3	in-ear	1
Shure SE315	in-ear/Shure SE315 (Rtings).csv	Rtings	HMS II.3	in-ear	1
Shure SE425	in-ear/Shure SE425 (Rtings).csv	Rtings	HMS II.3	in-ear	1
Skullcandy Dime 2	in-ear/Skullcandy Dime 2.csv	Rtings	HMS II.3	in-ear	1
Skullcandy Dime	in-ear/Skullcandy Dime.csv	Rtings	HMS II.3	in-ear	1
Skullcandy Grind Fuel	in-ear/Skullcandy Grind Fuel.csv	Rtings	HMS II.3	in-ear	1
Skullcandy Indy ANC	in-ear/Skullcandy Indy ANC.csv	Rtings	HMS II.3	in-ear	1
Skullcandy Indy Evo	in-ear/Skullcandy Indy Evo.csv	Rtings	HMS II.3	in-ear	1
Skullcandy Indy Fuel	in-ear/Skullcandy Indy Fuel.csv	Rtings	HMS II.3	in-ear	1
Skullcandy Indy	in-ear/Skullcandy Indy.csv	Rtings	HMS II.3	in-ear	1
Skullcandy Jib True	in-ear/Skullcandy Jib True.csv	Rtings	HMS II.3	in-ear	1
Skullcandy Jib	in-ear/Skullcandy Jib.csv	Rtings	HMS II.3	in-ear	1
Skullcandy Push Active	in-ear/Skullcandy Push Active.csv	Rtings	HMS II.3	in-ear	1
Skullcandy Push Ultra	in-ear/Skullcandy Push Ultra.csv	Rtings	HMS II.3	in-ear	1
Skullcandy Push	in-ear/Skullcandy Push.csv	Rtings	HMS II.3	in-ear	1
Skullcandy Sesh ANC	in-ear/Skullcandy Sesh ANC.csv	Rtings	HMS II.3	in-ear	1
Skullcandy Sesh Evo	in-ear/Skullcandy Sesh Evo.csv	Rtings	HMS II.3	in-ear	1
Skullcandy Sesh	in-ear/Skullcandy Sesh.csv	Rtings	HMS II.3	in-ear	1
Skullcandy Smokin Buds	in-ear/Skullcandy Smokin Buds (Rtings).csv	Rtings	HMS II.3	in-ear	1
Skullcandy Spoke	in-ear/Skullcandy Spoke.csv	Rtings	HMS II.3	in-ear	1
Sony MDR-XB50AP	in-ear/Sony MDR-XB50AP.csv	Rtings	HMS II.3	in-ear	1
Sony MH755	in-ear/Sony MH755 (Rtings).csv	Rtings	HMS II.3	in-ear	1
Sony WF-1000X	in-ear/Sony WF-1000X (Rtings).csv	Rtings	HMS II.3	in-ear	1
Sony WF-1000XM3	in-ear/Sony WF-1000XM3 (Rtings).csv	Rtings	HMS II.3	in-ear	1
Sony WF-1000XM4	in-ear/Sony WF-1000XM4 (Rtings).csv	Rtings	HMS II.3	in-ear	1
Sony WF-C500	in-ear/Sony WF-C500 (Rtings).csv	Rtings	HMS II.3	in-ear	1
Sony WF-C700N	in-ear/Sony WF-C700N.csv	Rtings	HMS II.3	in-ear	1
Sony WF-SP700N	in-ear/Sony WF-SP700N.csv	Rtings	HMS II.3	in-ear	1
Sony WF-SP800N	in-ear/Sony WF-SP800N.csv	Rtings	HMS II.3	in-ear	1
Sony WF-XB700	in-ear/Sony WF-XB700 (Rtings).csv	Rtings	HMS II.3	in-ear	1
Sony WI-1000X	in-ear/Sony WI-1000X (Rtings).csv	Rtings	HMS II.3	in-ear	1
Sony WI-1000XM2	in-ear/Sony WI-1000XM2.csv	Rtings	HMS II.3	in-ear	1
Sony WI-C200	in-ear/Sony WI-C200.csv	Rtings	HMS II.3	in-ear	1
Sony WI-C300	in-ear/Sony WI-C300.csv	Rtings	HMS II.3	in-ear	1
Sony WI-C310	in-ear/Sony WI-C310.csv	Rtings	HMS II.3	in-ear	1
Sony WI-C400	in-ear/Sony WI-C400.csv	Rtings	HMS II.3	in-ear	1
Sony WI-C600N	in-ear/Sony WI-C600N.csv	Rtings	HMS II.3	in-ear	1
Sony WI-SP500	in-ear/Sony WI-SP500.csv	Rtings	HMS II.3	in-ear	1
Sony WI-SP600N	in-ear/Sony WI-SP600N.csv	Rtings	HMS II.3	in-ear	1
Sony WI-XB400	in-ear/Sony WI-XB400.csv	Rtings	HMS II.3	in-ear	1
SoundPeats Q9A	in-ear/SoundPeats Q9A.csv	Rtings	HMS II.3	in-ear	1
SoundPeats TrueFree 2	in-ear/SoundPeats TrueFree 2.csv	Rtings	HMS II.3	in-ear	1
SoundPeats TrueFree	in-ear/SoundPeats TrueFree.csv	Rtings	HMS II.3	in-ear	1
Status Audio Between 3ANC	in-ear/Status Audio Between 3ANC.csv	Rtings	HMS II.3	in-ear	1
Status Audio Between Pro	in-ear/Status Audio Between Pro.csv	Rtings	HMS II.3	in-ear	1
SteelSeries Tusq	in-ear/SteelSeries Tusq.csv	Rtings	HMS II.3	in-ear	1
Swimbuds Waterproof Headphones	in-ear/Swimbuds Waterproof Headphones.csv	Rtings	HMS II.3	in-ear	1
Symphonized NRG 3.0	in-ear/Symphonized NRG 3.0.csv	Rtings	HMS II.3	in-ear	1
TaoTronics SoundLiberty 79	in-ear/TaoTronics SoundLiberty 79.csv	Rtings	HMS II.3	in-ear	1
TaoTronics SoundLiberty 92	in-ear/TaoTronics SoundLiberty 92.csv	Rtings	HMS II.3	in-ear	1
TaoTronics SoundLiberty 94	in-ear/TaoTronics SoundLiberty 94.csv	Rtings	HMS II.3	in-ear	1
Tin HiFi T2	in-ear/Tin HiFi T2 (Rtings).csv	Rtings	HMS II.3	in-ear	1
Tin HiFi T3	in-ear/Tin HiFi T3 (Rtings).csv	Rtings	HMS II.3	in-ear	1
TOZO NC2	in-ear/TOZO NC2.csv	Rtings	HMS II.3	in-ear	1
TOZO NC7	in-ear/TOZO NC7.csv	Rtings	HMS II.3	in-ear	1
TOZO NC9	in-ear/TOZO NC9.csv	Rtings	HMS II.3	in-ear	1
TOZO T10	in-ear/TOZO T10.csv	Rtings	HMS II.3	in-ear	1
TOZO T12	in-ear/TOZO T12.csv	Rtings	HMS II.3	in-ear	1
TOZO T6	in-ear/TOZO T6.csv	Rtings	HMS II.3	in-ear	1
Tranya T10	in-ear/Tranya T10.csv	Rtings	HMS II.3	in-ear	1
TREBLAB X5	in-ear/TREBLAB X5.csv	Rtings	HMS II.3	in-ear	1
Turtle Beach Battle Buds	in-ear/Turtle Beach Battle Buds.csv	Rtings	HMS II.3	in-ear	1
Ultimate Ears FITS	in-ear/Ultimate Ears FITS.csv	Rtings	HMS II.3	in-ear	1
Under Armour True Wireless Flash	in-ear/Under Armour True Wireless Flash.csv	Rtings	HMS II.3	in-ear	1
V-MODA BassFit Wireless	in-ear/V-MODA BassFit Wireless.csv	Rtings	HMS II.3	in-ear	1
Westone W40	in-ear/Westone W40 (Rtings).csv	Rtings	HMS II.3	in-ear	1
Wyze Buds Pro	in-ear/Wyze Buds Pro.csv	Rtings	HMS II.3	in-ear	1
Wyze Buds	in-ear/Wyze Buds.csv	Rtings	HMS II.3	in-ear	1
XFYRO xS2	in-ear/XFYRO xS2.csv	Rtings	HMS II.3	in-ear	1
Ylife True Wireless Earbuds	in-ear/Ylife True Wireless Earbuds.csv	Rtings	HMS II.3	in-ear	1
Aiaiai TMA-2 DJ	over-ear/Aiaiai TMA-2 DJ.csv	Rtings	Bruel & Kjaer 5128	over-ear	1
AKG K361	over-ear/AKG K361 (Rtings).csv	Rtings	Bruel & Kjaer 5128	over-ear	1
Anker Soundcore Life Q30	over-ear/Anker Soundcore Life Q30 (Rtings).csv	Rtings	Bruel & Kjaer 5128	over-ear	1
Anker Soundcore Space Q45	over-ear/Anker Soundcore Space Q45 (Rtings).csv	Rtings	Bruel & Kjaer 5128	over-ear	1
Apple AirPods Max	over-ear/Apple AirPods Max (Rtings).csv	Rtings	Bruel & Kjaer 5128	over-ear	1
ASTRO Gaming A40 TR	over-ear/ASTRO Gaming A40 TR.csv	Rtings	Bruel & Kjaer 5128	over-ear	1
ASTRO Gaming A50 (Gen 4 2019)	over-ear/ASTRO Gaming A50 (Gen 4 2019).csv	Rtings	Bruel & Kjaer 5128	over-ear	1
ASTRO Gaming A50 X	over-ear/ASTRO Gaming A50 X (Rtings).csv	Rtings	Bruel & Kjaer 5128	over-ear	1
Audeze Maxwell	over-ear/Audeze Maxwell.csv	Rtings	Bruel & Kjaer 5128	over-ear	1
Audeze MM-100	over-ear/Audeze MM-100 (Rtings).csv	Rtings	Bruel & Kjaer 5128	over-ear	1
Audio-Technica ATH-ADX3000	over-ear/Audio-Technica ATH-ADX3000.csv	Rtings	Bruel & Kjaer 5128	over-ear	1
Audio-Technica ATH-M50x	over-ear/Audio-Technica ATH-M50x (Rtings).csv	Rtings	Bruel & Kjaer 5128	over-ear	1
Bang & Olufsen Beoplay H95	over-ear/Bang & Olufsen Beoplay H95 (Rtings).csv	Rtings	Bruel & Kjaer 5128	over-ear	1
Beats Solo 4	over-ear/Beats Solo 4.csv	Rtings	Bruel & Kjaer 5128	over-ear	1
Beats Studio Pro	over-ear/Beats Studio Pro.csv	Rtings	Bruel & Kjaer 5128	over-ear	1
Beyerdynamic DT 1990 Pro MKII	over-ear/Beyerdynamic DT 1990 Pro MKII.csv	Rtings	Bruel & Kjaer 5128	over-ear	1
Beyerdynamic DT 770 Pro	over-ear/Beyerdynamic DT 770 Pro (Rtings).csv	Rtings	Bruel & Kjaer 5128	over-ear	1
Beyerdynamic DT 990 Pro	over-ear/Beyerdynamic DT 990 Pro (Rtings).csv	Rtings	Bruel & Kjaer 5128	over-ear	1
Beyerdynamic MMX 300 (2nd Generation)	over-ear/Beyerdynamic MMX 300 (2nd Generation).csv	Rtings	Bruel & Kjaer 5128	over-ear	1
Bose Noise Cancelling Headphones 700	over-ear/Bose Noise Cancelling Headphones 700 (Rtings).csv	Rtings	Bruel & Kjaer 5128	over-ear	1
Bose QuietComfort 45	over-ear/Bose QuietComfort 45 (Rtings).csv	Rtings	Bruel & Kjaer 5128	over-ear	1
Bose QuietComfort Ultra Headphones	over-ear/Bose QuietComfort Ultra Headphones (Rtings).csv	Rtings	Bruel & Kjaer 5128	over-ear	1
Bose QuietComfort	over-ear/Bose QuietComfort (Rtings).csv	Rtings	Bruel & Kjaer 5128	over-ear	1
Bowers & Wilkins Px7 S2	over-ear/Bowers & Wilkins Px7 S2 (Rtings).csv	Rtings	Bruel & Kjaer 5128	over-ear	1
Bowers & Wilkins Px8	over-ear/Bowers & Wilkins Px8 (Rtings).csv	Rtings	Bruel & Kjaer 5128	over-ear	1
Corsair VIRTUOSO PRO	over-ear/Corsair VIRTUOSO PRO.csv	Rtings	Bruel & Kjaer 5128	over-ear	1
Dyson OnTrac	over-ear/Dyson OnTrac.csv	Rtings	Bruel & Kjaer 5128	over-ear	1
Focal Bathys	over-ear/Focal Bathys (Rtings).csv	Rtings	Bruel & Kjaer 5128	over-ear	1
HIFIMAN Arya Stealth Magnet Version	over-ear/HIFIMAN Arya Stealth Magnet Version (Rtings).csv	Rtings	Bruel & Kjaer 5128	over-ear	1
HIFIMAN Edition XS	over-ear/HIFIMAN Edition XS (Rtings).csv	Rtings	Bruel & Kjaer 5128	over-ear	1
HIFIMAN Sundara (post-2020 earpads)	over-ear/HIFIMAN Sundara (post-2020 earpads) (Rtings).csv	Rtings	Bruel & Kjaer 5128	over-ear	1
HyperX Cloud III Wireless	over-ear/HyperX Cloud III Wireless.csv	Rtings	Bruel & Kjaer 5128	over-ear	1
JBL Live 670NC	over-ear/JBL Live 670NC.csv	Rtings	Bruel & Kjaer 5128	over-ear	1
JBL Live 770NC	over-ear/JBL Live 770NC.csv	Rtings	Bruel & Kjaer 5128	over-ear	1
JBL Tune 520BT	over-ear/JBL Tune 520BT.csv	Rtings	Bruel & Kjaer 5128	over-ear	1
JBL Tune 760NC	over-ear/JBL Tune 760NC.csv	Rtings	Bruel & Kjaer 5128	over-ear	1
JBL Tune 770NC	over-ear/JBL Tune 770NC.csv	Rtings	Bruel & Kjaer 5128	over-ear	1
Logitech G PRO X 2 LIGHTSPEED	over-ear/Logitech G PRO X 2 LIGHTSPEED (Rtings).csv	Rtings	Bruel & Kjaer 5128	over-ear	1
Logitech G535 LIGHTSPEED	over-ear/Logitech G535 LIGHTSPEED.csv	Rtings	Bruel & Kjaer 5128	over-ear	1
Philips Fidelio X2HR	over-ear/Philips Fidelio X2HR (Rtings).csv	Rtings	Bruel & Kjaer 5128	over-ear	1
Philips SHP9500	over-ear/Philips SHP9500 (Rtings).csv	Rtings	Bruel & Kjaer 5128	over-ear	1
Razer BlackShark V2 HyperSpeed	over-ear/Razer BlackShark V2 HyperSpeed.csv	Rtings	Bruel & Kjaer 5128	over-ear	1
Sennheiser ACCENTUM Plus	over-ear/Sennheiser ACCENTUM Plus (Rtings).csv	Rtings	Bruel & Kjaer 5128	over-ear	1
Sennheiser ACCENTUM	over-ear/Sennheiser ACCENTUM (Rtings).csv	Rtings	Bruel & Kjaer 5128	over-ear	1
Sennheiser HD 25	over-ear/Sennheiser HD 25.csv	Rtings	Bruel & Kjaer 5128	over-ear	1
Sennheiser HD 490 Pro	over-ear/Sennheiser HD 490 Pro.csv	Rtings	Bruel & Kjaer 5128	over-ear	1
Sennheiser HD 560S	over-ear/Sennheiser HD 560S (Rtings).csv	Rtings	Bruel & Kjaer 5128	over-ear	1
Sennheiser HD 600	over-ear/Sennheiser HD 600 (Rtings).csv	Rtings	Bruel & Kjaer 5128	over-ear	1
Sennheiser HD 620S	over-ear/Sennheiser HD 620S (Rtings).csv	Rtings	Bruel & Kjaer 5128	over-ear	1
Sennheiser HD 800 S	over-ear/Sennheiser HD 800 S (Rtings).csv	Rtings	Bruel & Kjaer 5128	over-ear	1
Sennheiser Momentum 4 Wireless	over-ear/Sennheiser Momentum 4 Wireless (Rtings).csv	Rtings	Bruel & Kjaer 5128	over-ear	1
Sennheiser PC38X	over-ear/Sennheiser PC38X (Rtings).csv	Rtings	Bruel & Kjaer 5128	over-ear	1
Sonos Ace	over-ear/Sonos Ace.csv	Rtings	Bruel & Kjaer 5128	over-ear	1
Sony Pulse Elite	over-ear/Sony Pulse Elite (Rtings).csv	Rtings	Bruel & Kjaer 5128	over-ear	1
Sony ULT WEAR	over-ear/Sony ULT WEAR (Rtings).csv	Rtings	Bruel & Kjaer 5128	over-ear	1
Sony WH-1000XM4	over-ear/Sony WH-1000XM4 (Rtings).csv	Rtings	Bruel & Kjaer 5128	over-ear	1
Sony WH-1000XM5	over-ear/Sony WH-1000XM5 (Rtings).csv	Rtings	Bruel & Kjaer 5128	over-ear	1
Sony WH-CH720N	over-ear/Sony WH-CH720N.csv	Rtings	Bruel & Kjaer 5128	over-ear	1
Sony WH-XB910N	over-ear/Sony WH-XB910N.csv	Rtings	Bruel & Kjaer 5128	over-ear	1
SteelSeries Arctis Nova 5	over-ear/SteelSeries Arctis Nova 5.csv	Rtings	Bruel & Kjaer 5128	over-ear	1
SteelSeries Arctis Nova 7	over-ear/SteelSeries Arctis Nova 7.csv	Rtings	Bruel & Kjaer 5128	over-ear	1
SteelSeries Arctis Nova Pro Wireless	over-ear/SteelSeries Arctis Nova Pro Wireless.csv	Rtings	Bruel & Kjaer 5128	over-ear	1
SteelSeries Arctis Nova Pro	over-ear/SteelSeries Arctis Nova Pro.csv	Rtings	Bruel & Kjaer 5128	over-ear	1
SteelSeries Arctis Pro	over-ear/SteelSeries Arctis Pro.csv	Rtings	Bruel & Kjaer 5128	over-ear	1
Superlux HD 681	over-ear/Superlux HD 681 (Rtings).csv	Rtings	Bruel & Kjaer 5128	over-ear	1
Turtle Beach Atlas Air	over-ear/Turtle Beach Atlas Air.csv	Rtings	Bruel & Kjaer 5128	over-ear	1
Turtle Beach Stealth 500	over-ear/Turtle Beach Stealth 500.csv	Rtings	Bruel & Kjaer 5128	over-ear	1
Turtle Beach Stealth 600 Gen 3	over-ear/Turtle Beach Stealth 600 Gen 3.csv	Rtings	Bruel & Kjaer 5128	over-ear	1
V-MODA Crossfade 3 Wireless	over-ear/V-MODA Crossfade 3 Wireless.csv	Rtings	Bruel & Kjaer 5128	over-ear	1
AKG K240 MKII	over-ear/AKG K240 MKII (Rtings).csv	Rtings	HMS II.3	over-ear	1
AKG K371	over-ear/AKG K371 (Rtings).csv	Rtings	HMS II.3	over-ear	1
AKG K44	over-ear/AKG K44.csv	Rtings	HMS II.3	over-ear	1
AKG K701	over-ear/AKG K701 (Rtings).csv	Rtings	HMS II.3	over-ear	1
AKG K702	over-ear/AKG K702 (Rtings).csv	Rtings	HMS II.3	over-ear	1
AKG K712 PRO	over-ear/AKG K712 PRO (Rtings).csv	Rtings	HMS II.3	over-ear	1
AKG N60 NC Wireless	over-ear/AKG N60 NC Wireless (Rtings).csv	Rtings	HMS II.3	over-ear	1
AKG N700NC M2	over-ear/AKG N700NC M2 (Rtings).csv	Rtings	HMS II.3	over-ear	1
AKG N700NC	over-ear/AKG N700NC.csv	Rtings	HMS II.3	over-ear	1
AKG Q701	over-ear/AKG Q701 (Rtings).csv	Rtings	HMS II.3	over-ear	1
AmazonBasics Lightweight On Ear	over-ear/AmazonBasics Lightweight On Ear.csv	Rtings	HMS II.3	over-ear	1
Anker Soundcore Life 2	over-ear/Anker Soundcore Life 2.csv	Rtings	HMS II.3	over-ear	1
Anker Soundcore Life Q20	over-ear/Anker Soundcore Life Q20.csv	Rtings	HMS II.3	over-ear	1
Anker Soundcore Life Q35	over-ear/Anker Soundcore Life Q35.csv	Rtings	HMS II.3	over-ear	1
Anker Soundcore Space NC	over-ear/Anker Soundcore Space NC.csv	Rtings	HMS II.3	over-ear	1
Anker Soundcore Space One	over-ear/Anker Soundcore Space One (Rtings).csv	Rtings	HMS II.3	over-ear	1
ASTRO Gaming A10 (Gen 2)	over-ear/ASTRO Gaming A10 (Gen 2).csv	Rtings	HMS II.3	over-ear	1
ASTRO Gaming A10	over-ear/ASTRO Gaming A10.csv	Rtings	HMS II.3	over-ear	1
ASTRO Gaming A20 (Gen 2)	over-ear/ASTRO Gaming A20 (Gen 2).csv	Rtings	HMS II.3	over-ear	1
ASTRO Gaming A20	over-ear/ASTRO Gaming A20.csv	Rtings	HMS II.3	over-ear	1
ASTRO Gaming A30	over-ear/ASTRO Gaming A30.csv	Rtings	HMS II.3	over-ear	1
ASTRO Gaming A50 (Gen 3 2017)	over-ear/ASTRO Gaming A50 (Gen 3 2017).csv	Rtings	HMS II.3	over-ear	1
Audeze LCD-1	over-ear/Audeze LCD-1 (Rtings).csv	Rtings	HMS II.3	over-ear	1
Audeze LCD-2 Classic	over-ear/Audeze LCD-2 Classic (Rtings).csv	Rtings	HMS II.3	over-ear	1
Audeze Mobius	over-ear/Audeze Mobius.csv	Rtings	HMS II.3	over-ear	1
Audeze Penrose	over-ear/Audeze Penrose.csv	Rtings	HMS II.3	over-ear	1
Audio-Technica ATH-AD700X (2013)	over-ear/Audio-Technica ATH-AD700X (2013).csv	Rtings	HMS II.3	over-ear	1
Audio-Technica ATH-ANC70	over-ear/Audio-Technica ATH-ANC70.csv	Rtings	HMS II.3	over-ear	1
Audio-Technica ATH-ANC7B	over-ear/Audio-Technica ATH-ANC7B.csv	Rtings	HMS II.3	over-ear	1
Audio-Technica ATH-ANC9	over-ear/Audio-Technica ATH-ANC9 (Rtings).csv	Rtings	HMS II.3	over-ear	1
Audio-Technica ATH-DSR9BT	over-ear/Audio-Technica ATH-DSR9BT.csv	Rtings	HMS II.3	over-ear	1
Audio-Technica ATH-M20x	over-ear/Audio-Technica ATH-M20x (Rtings).csv	Rtings	HMS II.3	over-ear	1
Audio-Technica ATH-M30x	over-ear/Audio-Technica ATH-M30x.csv	Rtings	HMS II.3	over-ear	1
Audio-Technica ATH-M40x	over-ear/Audio-Technica ATH-M40x (Rtings).csv	Rtings	HMS II.3	over-ear	1
Audio-Technica ATH-M50xBT	over-ear/Audio-Technica ATH-M50xBT.csv	Rtings	HMS II.3	over-ear	1
Audio-Technica ATH-M50xBT2	over-ear/Audio-Technica ATH-M50xBT2.csv	Rtings	HMS II.3	over-ear	1
Audio-Technica ATH-M60x	over-ear/Audio-Technica ATH-M60x (Rtings).csv	Rtings	HMS II.3	over-ear	1
Audio-Technica ATH-M70x	over-ear/Audio-Technica ATH-M70x (Rtings).csv	Rtings	HMS II.3	over-ear	1
Audio-Technica ATH-MSR7NC	over-ear/Audio-Technica ATH-MSR7NC.csv	Rtings	HMS II.3	over-ear	1
Audio-Technica ATH-R70x	over-ear/Audio-Technica ATH-R70x (Rtings).csv	Rtings	HMS II.3	over-ear	1
Avantree HT5009	over-ear/Avantree HT5009.csv	Rtings	HMS II.3	over-ear	1
Bang & Olufsen Beoplay H6 (2nd Gen)	over-ear/Bang & Olufsen Beoplay H6 (2nd Gen) (Rtings).csv	Rtings	HMS II.3	over-ear	1
Bang & Olufsen Beoplay H9 (Gen 1)	over-ear/Bang & Olufsen Beoplay H9 (Gen 1).csv	Rtings	HMS II.3	over-ear	1
Bang & Olufsen Beoplay H9i	over-ear/Bang & Olufsen Beoplay H9i (Rtings).csv	Rtings	HMS II.3	over-ear	1
Bang & Olufsen Beoplay Portal	over-ear/Bang & Olufsen Beoplay Portal.csv	Rtings	HMS II.3	over-ear	1
Beats EP On-Ear	over-ear/Beats EP On-Ear.csv	Rtings	HMS II.3	over-ear	1
Beats Solo Pro	over-ear/Beats Solo Pro (Rtings).csv	Rtings	HMS II.3	over-ear	1
Beats Solo3 (wireless, 2019)	over-ear/Beats Solo3 (wireless, 2019).csv	Rtings	HMS II.3	over-ear	1
Beats Solo3 Wireless (2018)	over-ear/Beats Solo3 Wireless (2018).csv	Rtings	HMS II.3	over-ear	1
Beats Studio Wireless	over-ear/Beats Studio Wireless.csv	Rtings	HMS II.3	over-ear	1
Beats Studio3 Wireless	over-ear/Beats Studio3 Wireless (Rtings).csv	Rtings	HMS II.3	over-ear	1
Beyerdynamic Amiron Wireless	over-ear/Beyerdynamic Amiron Wireless.csv	Rtings	HMS II.3	over-ear	1
Beyerdynamic DT 1770 (velour earpads)	over-ear/Beyerdynamic DT 1770 (velour earpads) (Rtings).csv	Rtings	HMS II.3	over-ear	1
Beyerdynamic DT 1990 (balanced earpads)	over-ear/Beyerdynamic DT 1990 (balanced earpads) (Rtings).csv	Rtings	HMS II.3	over-ear	1
Beyerdynamic DT 700 Pro X	over-ear/Beyerdynamic DT 700 Pro X (Rtings).csv	Rtings	HMS II.3	over-ear	1
Beyerdynamic DT 880	over-ear/Beyerdynamic DT 880 (Rtings).csv	Rtings	HMS II.3	over-ear	1
Beyerdynamic DT 900 Pro X	over-ear/Beyerdynamic DT 900 Pro X (Rtings).csv	Rtings	HMS II.3	over-ear	1
Beyerdynamic T1 (2nd Gen)	over-ear/Beyerdynamic T1 (2nd Gen) (Rtings).csv	Rtings	HMS II.3	over-ear	1
Bluedio T2S	over-ear/Bluedio T2S.csv	Rtings	HMS II.3	over-ear	1
Bluedio T3 Plus	over-ear/Bluedio T3 Plus.csv	Rtings	HMS II.3	over-ear	1
Bluedio T4 Turbine	over-ear/Bluedio T4 Turbine.csv	Rtings	HMS II.3	over-ear	1
Bluedio U Plus	over-ear/Bluedio U Plus.csv	Rtings	HMS II.3	over-ear	1
BlueParrott B450-XT	over-ear/BlueParrott B450-XT.csv	Rtings	HMS II.3	over-ear	1
Bose QuietComfort 25	over-ear/Bose QuietComfort 25 (Rtings).csv	Rtings	HMS II.3	over-ear	1
Bose QuietComfort 35 II Gaming Headset​	over-ear/Bose QuietComfort 35 II Gaming Headset​.csv	Rtings	HMS II.3	over-ear	1
Bose QuietComfort 35 II	over-ear/Bose QuietComfort 35 II.csv	Rtings	HMS II.3	over-ear	1
Bose QuietComfort 35	over-ear/Bose QuietComfort 35.csv	Rtings	HMS II.3	over-ear	1
Bose QuietControl 30	over-ear/Bose QuietControl 30.csv	Rtings	HMS II.3	over-ear	1
Bose SoundLink Around-Ear II	over-ear/Bose SoundLink Around-Ear II.csv	Rtings	HMS II.3	over-ear	1
Bose SoundLink On-Ear	over-ear/Bose SoundLink On-Ear.csv	Rtings	HMS II.3	over-ear	1
Bose SoundTrue Around-Ear II	over-ear/Bose SoundTrue Around-Ear II.csv	Rtings	HMS II.3	over-ear	1
Bowers & Wilkins P5 Series 2	over-ear/Bowers & Wilkins P5 Series 2 (Rtings).csv	Rtings	HMS II.3	over-ear	1
Bowers & Wilkins P5 Wireless	over-ear/Bowers & Wilkins P5 Wireless.csv	Rtings	HMS II.3	over-ear	1
Bowers & Wilkins P7	over-ear/Bowers & Wilkins P7 (Rtings).csv	Rtings	HMS II.3	over-ear	1
Bowers & Wilkins PX	over-ear/Bowers & Wilkins PX.csv	Rtings	HMS II.3	over-ear	1
Bowers & Wilkins PX5	over-ear/Bowers & Wilkins PX5.csv	Rtings	HMS II.3	over-ear	1
Bowers & Wilkins PX7	over-ear/Bowers & Wilkins PX7.csv	Rtings	HMS II.3	over-ear	1
Brainwavz HM5	over-ear/Brainwavz HM5.csv	Rtings	HMS II.3	over-ear	1
BÖHM B-66	over-ear/BÖHM B-66.csv	Rtings	HMS II.3	over-ear	1
Cooler Master MH630	over-ear/Cooler Master MH630.csv	Rtings	HMS II.3	over-ear	1
Cooler Master MH751	over-ear/Cooler Master MH751.csv	Rtings	HMS II.3	over-ear	1
Corsair HS35	over-ear/Corsair HS35.csv	Rtings	HMS II.3	over-ear	1
Corsair HS50	over-ear/Corsair HS50.csv	Rtings	HMS II.3	over-ear	1
Corsair HS60 HAPTIC	over-ear/Corsair HS60 HAPTIC.csv	Rtings	HMS II.3	over-ear	1
Corsair HS60 PRO SURROUND	over-ear/Corsair HS60 PRO SURROUND.csv	Rtings	HMS II.3	over-ear	1
Corsair HS60	over-ear/Corsair HS60.csv	Rtings	HMS II.3	over-ear	1
Corsair HS70 Bluetooth	over-ear/Corsair HS70 Bluetooth.csv	Rtings	HMS II.3	over-ear	1
Corsair HS70 Wireless	over-ear/Corsair HS70 Wireless.csv	Rtings	HMS II.3	over-ear	1
Corsair HS75 XB WIRELESS	over-ear/Corsair HS75 XB WIRELESS.csv	Rtings	HMS II.3	over-ear	1
Corsair HS80 MAX WIRELESS	over-ear/Corsair HS80 MAX WIRELESS.csv	Rtings	HMS II.3	over-ear	1
Corsair HS80 RGB WIRELESS	over-ear/Corsair HS80 RGB WIRELESS.csv	Rtings	HMS II.3	over-ear	1
Corsair Virtuoso RGB Wireless SE	over-ear/Corsair Virtuoso RGB Wireless SE.csv	Rtings	HMS II.3	over-ear	1
Corsair VIRTUOSO RGB Wireless XT	over-ear/Corsair VIRTUOSO RGB Wireless XT.csv	Rtings	HMS II.3	over-ear	1
Corsair Void Elite	over-ear/Corsair Void Elite.csv	Rtings	HMS II.3	over-ear	1
Corsair Void PRO RGB	over-ear/Corsair Void PRO RGB.csv	Rtings	HMS II.3	over-ear	1
Cougar Immersa	over-ear/Cougar Immersa.csv	Rtings	HMS II.3	over-ear	1
Cowin E7 Pro	over-ear/Cowin E7 Pro.csv	Rtings	HMS II.3	over-ear	1
Cowin E7	over-ear/Cowin E7.csv	Rtings	HMS II.3	over-ear	1
Cowin E8	over-ear/Cowin E8.csv	Rtings	HMS II.3	over-ear	1
Cowin SE7	over-ear/Cowin SE7.csv	Rtings	HMS II.3	over-ear	1
Creative Aurvana Gold	over-ear/Creative Aurvana Gold.csv	Rtings	HMS II.3	over-ear	1
Creative Sound Blaster EVO ZxR	over-ear/Creative Sound Blaster EVO ZxR.csv	Rtings	HMS II.3	over-ear	1
Creative Sound BlasterX H5	over-ear/Creative Sound BlasterX H5.csv	Rtings	HMS II.3	over-ear	1
Creative SXFI Air	over-ear/Creative SXFI Air.csv	Rtings	HMS II.3	over-ear	1
Denon AHGC20 Globe Cruiser	over-ear/Denon AHGC20 Globe Cruiser.csv	Rtings	HMS II.3	over-ear	1
Diskin DH3	over-ear/Diskin DH3.csv	Rtings	HMS II.3	over-ear	1
Dolby Dimension	over-ear/Dolby Dimension.csv	Rtings	HMS II.3	over-ear	1
Dyson Zone	over-ear/Dyson Zone (Rtings).csv	Rtings	HMS II.3	over-ear	1
EPOS Sennheiser GSP 600	over-ear/EPOS Sennheiser GSP 600.csv	Rtings	HMS II.3	over-ear	1
Fairphone Fairbuds XL	over-ear/Fairphone Fairbuds XL (Rtings).csv	Rtings	HMS II.3	over-ear	1
Focal Celestee	over-ear/Focal Celestee (Rtings).csv	Rtings	HMS II.3	over-ear	1
Focal Clear Mg	over-ear/Focal Clear Mg (Rtings).csv	Rtings	HMS II.3	over-ear	1
Focal Elear	over-ear/Focal Elear (Rtings).csv	Rtings	HMS II.3	over-ear	1
Focal Elegia	over-ear/Focal Elegia (Rtings).csv	Rtings	HMS II.3	over-ear	1
Focal Stellia	over-ear/Focal Stellia (Rtings).csv	Rtings	HMS II.3	over-ear	1
Grado GW100	over-ear/Grado GW100 (Rtings).csv	Rtings	HMS II.3	over-ear	1
Grado SR125e	over-ear/Grado SR125e (Rtings).csv	Rtings	HMS II.3	over-ear	1
Grado SR225e	over-ear/Grado SR225e.csv	Rtings	HMS II.3	over-ear	1
Grado SR325e	over-ear/Grado SR325e (Rtings).csv	Rtings	HMS II.3	over-ear	1
Grado SR60e	over-ear/Grado SR60e (Rtings).csv	Rtings	HMS II.3	over-ear	1
Grado SR80e	over-ear/Grado SR80e (Rtings).csv	Rtings	HMS II.3	over-ear	1
Grado The Hemp Headphone	over-ear/Grado The Hemp Headphone.csv	Rtings	HMS II.3	over-ear	1
HIFIMAN Ananda BT	over-ear/HIFIMAN Ananda BT.csv	Rtings	HMS II.3	over-ear	1
HIFIMAN Ananda	over-ear/HIFIMAN Ananda (Rtings).csv	Rtings	HMS II.3	over-ear	1
HIFIMAN Arya	over-ear/HIFIMAN Arya (Rtings).csv	Rtings	HMS II.3	over-ear	1
HIFIMAN Edition X	over-ear/HIFIMAN Edition X (Rtings).csv	Rtings	HMS II.3	over-ear	1
HIFIMAN HE400i	over-ear/HIFIMAN HE400i (Rtings).csv	Rtings	HMS II.3	over-ear	1
HIFIMAN HE400se	over-ear/HIFIMAN HE400se (Rtings).csv	Rtings	HMS II.3	over-ear	1
HIFIMAN Sundara (pre-2020 earpads)	over-ear/HIFIMAN Sundara (pre-2020 earpads) (Rtings).csv	Rtings	HMS II.3	over-ear	1
HyperX Cloud Alpha S	over-ear/HyperX Cloud Alpha S.csv	Rtings	HMS II.3	over-ear	1
HyperX Cloud Alpha Wireless	over-ear/HyperX Cloud Alpha Wireless.csv	Rtings	HMS II.3	over-ear	1
HyperX Cloud Alpha	over-ear/HyperX Cloud Alpha (Rtings).csv	Rtings	HMS II.3	over-ear	1
HyperX Cloud Core	over-ear/HyperX Cloud Core.csv	Rtings	HMS II.3	over-ear	1
HyperX Cloud Flight S	over-ear/HyperX Cloud Flight S.csv	Rtings	HMS II.3	over-ear	1
HyperX Cloud Flight	over-ear/HyperX Cloud Flight.csv	Rtings	HMS II.3	over-ear	1
HyperX Cloud II Wireless	over-ear/HyperX Cloud II Wireless.csv	Rtings	HMS II.3	over-ear	1
HyperX Cloud II	over-ear/HyperX Cloud II (Rtings).csv	Rtings	HMS II.3	over-ear	1
HyperX Cloud III	over-ear/HyperX Cloud III.csv	Rtings	HMS II.3	over-ear	1
HyperX Cloud Mix	over-ear/HyperX Cloud Mix.csv	Rtings	HMS II.3	over-ear	1
HyperX Cloud Revolver + 7.1	over-ear/HyperX Cloud Revolver + 7.1.csv	Rtings	HMS II.3	over-ear	1
HyperX Cloud Revolver	over-ear/HyperX Cloud Revolver.csv	Rtings	HMS II.3	over-ear	1
HyperX Cloud Stinger 2	over-ear/HyperX Cloud Stinger 2.csv	Rtings	HMS II.3	over-ear	1
HyperX Cloud Stinger S	over-ear/HyperX Cloud Stinger S.csv	Rtings	HMS II.3	over-ear	1
HyperX Cloud Stinger	over-ear/HyperX Cloud Stinger.csv	Rtings	HMS II.3	over-ear	1
iClever Boostcare	over-ear/iClever Boostcare.csv	Rtings	HMS II.3	over-ear	1
iClever BTH02	over-ear/iClever BTH02.csv	Rtings	HMS II.3	over-ear	1
Insignia Digital Wireless Headphones	over-ear/Insignia Digital Wireless Headphones.csv	Rtings	HMS II.3	over-ear	1
Jabra Elite 85h	over-ear/Jabra Elite 85h.csv	Rtings	HMS II.3	over-ear	1
Jabra Evolve2 65	over-ear/Jabra Evolve2 65.csv	Rtings	HMS II.3	over-ear	1
Jabra Evolve2 85	over-ear/Jabra Evolve2 85.csv	Rtings	HMS II.3	over-ear	1
JBL CLUB 700BT	over-ear/JBL CLUB 700BT.csv	Rtings	HMS II.3	over-ear	1
JBL CLUB 950NC	over-ear/JBL CLUB 950NC.csv	Rtings	HMS II.3	over-ear	1
JBL CLUB ONE	over-ear/JBL CLUB ONE.csv	Rtings	HMS II.3	over-ear	1
JBL E45BT	over-ear/JBL E45BT.csv	Rtings	HMS II.3	over-ear	1
JBL E55BT	over-ear/JBL E55BT.csv	Rtings	HMS II.3	over-ear	1
JBL E65BTNC	over-ear/JBL E65BTNC.csv	Rtings	HMS II.3	over-ear	1
JBL Everest 310	over-ear/JBL Everest 310.csv	Rtings	HMS II.3	over-ear	1
JBL Everest 710	over-ear/JBL Everest 710.csv	Rtings	HMS II.3	over-ear	1
JBL Everest Elite 700	over-ear/JBL Everest Elite 700.csv	Rtings	HMS II.3	over-ear	1
JBL JR300BT	over-ear/JBL JR300BT.csv	Rtings	HMS II.3	over-ear	1
JBL Live 400BT	over-ear/JBL Live 400BT.csv	Rtings	HMS II.3	over-ear	1
JBL Live 460NC	over-ear/JBL Live 460NC.csv	Rtings	HMS II.3	over-ear	1
JBL Live 500BT	over-ear/JBL Live 500BT.csv	Rtings	HMS II.3	over-ear	1
JBL Live 650BTNC	over-ear/JBL Live 650BTNC.csv	Rtings	HMS II.3	over-ear	1
JBL Live 660NC	over-ear/JBL Live 660NC.csv	Rtings	HMS II.3	over-ear	1
JBL Quantum 100	over-ear/JBL Quantum 100.csv	Rtings	HMS II.3	over-ear	1
JBL Quantum 400	over-ear/JBL Quantum 400.csv	Rtings	HMS II.3	over-ear	1
JBL Quantum 800	over-ear/JBL Quantum 800.csv	Rtings	HMS II.3	over-ear	1
JBL Quantum ONE	over-ear/JBL Quantum ONE.csv	Rtings	HMS II.3	over-ear	1
JBL Synchros E50BT	over-ear/JBL Synchros E50BT.csv	Rtings	HMS II.3	over-ear	1
JBL T450BT	over-ear/JBL T450BT (Rtings).csv	Rtings	HMS II.3	over-ear	1
JBL Tour One	over-ear/JBL Tour One.csv	Rtings	HMS II.3	over-ear	1
JBL Tune 510BT	over-ear/JBL Tune 510BT.csv	Rtings	HMS II.3	over-ear	1
JBL Tune 660NC	over-ear/JBL Tune 660NC.csv	Rtings	HMS II.3	over-ear	1
JBL TUNE 750BTNC	over-ear/JBL TUNE 750BTNC.csv	Rtings	HMS II.3	over-ear	1
Koss KSC75	over-ear/Koss KSC75 (Rtings).csv	Rtings	HMS II.3	over-ear	1
Koss Porta Pro KTC	over-ear/Koss Porta Pro KTC.csv	Rtings	HMS II.3	over-ear	1
Koss Porta Pro Wireless	over-ear/Koss Porta Pro Wireless.csv	Rtings	HMS II.3	over-ear	1
Koss QZPro	over-ear/Koss QZPro.csv	Rtings	HMS II.3	over-ear	1
Koss UR20	over-ear/Koss UR20.csv	Rtings	HMS II.3	over-ear	1
Logitech G Pro Gaming Headset	over-ear/Logitech G Pro Gaming Headset.csv	Rtings	HMS II.3	over-ear	1
Logitech G Pro X Gaming Headset	over-ear/Logitech G Pro X Gaming Headset.csv	Rtings	HMS II.3	over-ear	1
Logitech G PRO X LIGHTSPEED	over-ear/Logitech G PRO X LIGHTSPEED.csv	Rtings	HMS II.3	over-ear	1
Logitech G335	over-ear/Logitech G335.csv	Rtings	HMS II.3	over-ear	1
Logitech G430	over-ear/Logitech G430.csv	Rtings	HMS II.3	over-ear	1
Logitech G432	over-ear/Logitech G432.csv	Rtings	HMS II.3	over-ear	1
Logitech G433	over-ear/Logitech G433 (Rtings).csv	Rtings	HMS II.3	over-ear	1
Logitech G435 LIGHTSPEED	over-ear/Logitech G435 LIGHTSPEED.csv	Rtings	HMS II.3	over-ear	1
Logitech G533	over-ear/Logitech G533.csv	Rtings	HMS II.3	over-ear	1
Logitech G635	over-ear/Logitech G635.csv	Rtings	HMS II.3	over-ear	1
Logitech G733 LIGHTSPEED	over-ear/Logitech G733 LIGHTSPEED (Rtings).csv	Rtings	HMS II.3	over-ear	1
Logitech G735	over-ear/Logitech G735.csv	Rtings	HMS II.3	over-ear	1
Logitech G930	over-ear/Logitech G930 (Rtings).csv	Rtings	HMS II.3	over-ear	1
Logitech G933	over-ear/Logitech G933.csv	Rtings	HMS II.3	over-ear	1
Logitech G935	over-ear/Logitech G935.csv	Rtings	HMS II.3	over-ear	1
Logitech Zone Wired	over-ear/Logitech Zone Wired.csv	Rtings	HMS II.3	over-ear	1
LucidSound LS31	over-ear/LucidSound LS31.csv	Rtings	HMS II.3	over-ear	1
Marshall Major II	over-ear/Marshall Major II.csv	Rtings	HMS II.3	over-ear	1
Marshall MID ANC	over-ear/Marshall MID ANC.csv	Rtings	HMS II.3	over-ear	1
Massdrop Panda	over-ear/Massdrop Panda (Rtings).csv	Rtings	HMS II.3	over-ear	1
Meze Empyrean	over-ear/Meze Empyrean (Rtings).csv	Rtings	HMS II.3	over-ear	1
Microsoft Surface Headphones 2	over-ear/Microsoft Surface Headphones 2.csv	Rtings	HMS II.3	over-ear	1
Microsoft Surface Headphones	over-ear/Microsoft Surface Headphones (Rtings).csv	Rtings	HMS II.3	over-ear	1
Mixcder E9	over-ear/Mixcder E9.csv	Rtings	HMS II.3	over-ear	1
Monoprice 110010	over-ear/Monoprice 110010.csv	Rtings	HMS II.3	over-ear	1
Motorola Squads 200	over-ear/Motorola Squads 200.csv	Rtings	HMS II.3	over-ear	1
Mpow 059	over-ear/Mpow 059.csv	Rtings	HMS II.3	over-ear	1
Mpow CH1	over-ear/Mpow CH1.csv	Rtings	HMS II.3	over-ear	1
Mpow CH6	over-ear/Mpow CH6.csv	Rtings	HMS II.3	over-ear	1
Mpow CH9	over-ear/Mpow CH9.csv	Rtings	HMS II.3	over-ear	1
Mpow H10	over-ear/Mpow H10.csv	Rtings	HMS II.3	over-ear	1
Mpow H5	over-ear/Mpow H5.csv	Rtings	HMS II.3	over-ear	1
Mpow Pro Trucker	over-ear/Mpow Pro Trucker.csv	Rtings	HMS II.3	over-ear	1
NAD VISO HP50	over-ear/NAD VISO HP50 (Rtings).csv	Rtings	HMS II.3	over-ear	1
Nura Nuraphone	over-ear/Nura Nuraphone.csv	Rtings	HMS II.3	over-ear	1
Oppo PM3	over-ear/Oppo PM3 (Rtings).csv	Rtings	HMS II.3	over-ear	1
Panasonic RP-HC101	over-ear/Panasonic RP-HC101.csv	Rtings	HMS II.3	over-ear	1
Panasonic RP-HC800	over-ear/Panasonic RP-HC800.csv	Rtings	HMS II.3	over-ear	1
Parrot Zik 2.0	over-ear/Parrot Zik 2.0 (Rtings).csv	Rtings	HMS II.3	over-ear	1
Parrot Zik 3.0	over-ear/Parrot Zik 3.0.csv	Rtings	HMS II.3	over-ear	1
Philips Fidelio NC1	over-ear/Philips Fidelio NC1 (Rtings).csv	Rtings	HMS II.3	over-ear	1
Philips Fidelio X3	over-ear/Philips Fidelio X3 (Rtings).csv	Rtings	HMS II.3	over-ear	1
Philips SHP9600	over-ear/Philips SHP9600.csv	Rtings	HMS II.3	over-ear	1
Pioneer DJ HDJ-CUE1BT	over-ear/Pioneer DJ HDJ-CUE1BT.csv	Rtings	HMS II.3	over-ear	1
Plantronics BackBeat Go 600	over-ear/Plantronics BackBeat Go 600.csv	Rtings	HMS II.3	over-ear	1
Plantronics Backbeat Go 810	over-ear/Plantronics Backbeat Go 810.csv	Rtings	HMS II.3	over-ear	1
Plantronics BackBeat Pro 2	over-ear/Plantronics BackBeat Pro 2.csv	Rtings	HMS II.3	over-ear	1
Plantronics Backbeat Pro	over-ear/Plantronics Backbeat Pro.csv	Rtings	HMS II.3	over-ear	1
Plantronics RIG 800LX	over-ear/Plantronics RIG 800LX.csv	Rtings	HMS II.3	over-ear	1
Polk Audio Buckle	over-ear/Polk Audio Buckle (Rtings).csv	Rtings	HMS II.3	over-ear	1
Polk Audio UltraFocus 8000	over-ear/Polk Audio UltraFocus 8000 (Rtings).csv	Rtings	HMS II.3	over-ear	1
Puro JuniorJams	over-ear/Puro JuniorJams.csv	Rtings	HMS II.3	over-ear	1
Razer Barracuda Pro	over-ear/Razer Barracuda Pro.csv	Rtings	HMS II.3	over-ear	1
Razer Barracuda X (2021)	over-ear/Razer Barracuda X (2021).csv	Rtings	HMS II.3	over-ear	1
Razer Barracuda	over-ear/Razer Barracuda.csv	Rtings	HMS II.3	over-ear	1
Razer BlackShark V2 Pro 2023	over-ear/Razer BlackShark V2 Pro 2023.csv	Rtings	HMS II.3	over-ear	1
Razer BlackShark V2 Pro	over-ear/Razer BlackShark V2 Pro.csv	Rtings	HMS II.3	over-ear	1
Razer BlackShark V2 X	over-ear/Razer BlackShark V2 X.csv	Rtings	HMS II.3	over-ear	1
Razer BlackShark V2	over-ear/Razer BlackShark V2 (Rtings).csv	Rtings	HMS II.3	over-ear	1
Razer Kaira Pro	over-ear/Razer Kaira Pro.csv	Rtings	HMS II.3	over-ear	1
Razer Kaira X	over-ear/Razer Kaira X.csv	Rtings	HMS II.3	over-ear	1
Razer Kraken Pro V2	over-ear/Razer Kraken Pro V2.csv	Rtings	HMS II.3	over-ear	1
Razer Kraken Tournament Edition	over-ear/Razer Kraken Tournament Edition.csv	Rtings	HMS II.3	over-ear	1
Razer Kraken Ultimate	over-ear/Razer Kraken Ultimate.csv	Rtings	HMS II.3	over-ear	1
Razer Kraken USB	over-ear/Razer Kraken USB.csv	Rtings	HMS II.3	over-ear	1
Razer Kraken V3 HyperSense	over-ear/Razer Kraken V3 HyperSense.csv	Rtings	HMS II.3	over-ear	1
Razer Kraken V3 Pro	over-ear/Razer Kraken V3 Pro (Rtings).csv	Rtings	HMS II.3	over-ear	1
Razer Kraken V3 X	over-ear/Razer Kraken V3 X.csv	Rtings	HMS II.3	over-ear	1
Razer Kraken V3	over-ear/Razer Kraken V3.csv	Rtings	HMS II.3	over-ear	1
Razer Kraken X	over-ear/Razer Kraken X.csv	Rtings	HMS II.3	over-ear	1
Razer Man O'War	over-ear/Razer Man O'War.csv	Rtings	HMS II.3	over-ear	1
Razer Nari Ultimate	over-ear/Razer Nari Ultimate.csv	Rtings	HMS II.3	over-ear	1
Razer Opus 2020	over-ear/Razer Opus 2020.csv	Rtings	HMS II.3	over-ear	1
Razer Opus 2021	over-ear/Razer Opus 2021.csv	Rtings	HMS II.3	over-ear	1
Razer Opus X	over-ear/Razer Opus X.csv	Rtings	HMS II.3	over-ear	1
ROCCAT Elo 7.1 Air	over-ear/ROCCAT Elo 7.1 Air.csv	Rtings	HMS II.3	over-ear	1
ROCCAT Syn Pro Air	over-ear/ROCCAT Syn Pro Air.csv	Rtings	HMS II.3	over-ear	1
RUNMUS RGB K1 Gaming Headset	over-ear/RUNMUS RGB K1 Gaming Headset.csv	Rtings	HMS II.3	over-ear	1
RØDE NTH-100M	over-ear/RØDE NTH-100M (Rtings).csv	Rtings	HMS II.3	over-ear	1
Samson SR850	over-ear/Samson SR850.csv	Rtings	HMS II.3	over-ear	1
Samsung Gear IconX	over-ear/Samsung Gear IconX.csv	Rtings	HMS II.3	over-ear	1
Samsung Level On Wireless	over-ear/Samsung Level On Wireless.csv	Rtings	HMS II.3	over-ear	1
Samsung Level Over Wireless	over-ear/Samsung Level Over Wireless.csv	Rtings	HMS II.3	over-ear	1
Sennheiser CX 400BT	over-ear/Sennheiser CX 400BT.csv	Rtings	HMS II.3	over-ear	1
Sennheiser GAME ONE	over-ear/Sennheiser GAME ONE (Rtings).csv	Rtings	HMS II.3	over-ear	1
Sennheiser HD 201	over-ear/Sennheiser HD 201 (Rtings).csv	Rtings	HMS II.3	over-ear	1
Sennheiser HD 280 Pro	over-ear/Sennheiser HD 280 Pro (Rtings).csv	Rtings	HMS II.3	over-ear	1
Sennheiser HD 4.40BT	over-ear/Sennheiser HD 4.40BT.csv	Rtings	HMS II.3	over-ear	1
Sennheiser HD 4.50 BTNC	over-ear/Sennheiser HD 4.50 BTNC (Rtings).csv	Rtings	HMS II.3	over-ear	1
Sennheiser HD 450BT	over-ear/Sennheiser HD 450BT (Rtings).csv	Rtings	HMS II.3	over-ear	1
Sennheiser HD 518	over-ear/Sennheiser HD 518 (Rtings).csv	Rtings	HMS II.3	over-ear	1
Sennheiser HD 58X	over-ear/Sennheiser HD 58X (Rtings).csv	Rtings	HMS II.3	over-ear	1
Sennheiser HD 598 CS	over-ear/Sennheiser HD 598 CS (Rtings).csv	Rtings	HMS II.3	over-ear	1
Sennheiser HD 598	over-ear/Sennheiser HD 598 (Rtings).csv	Rtings	HMS II.3	over-ear	1
Sennheiser HD 599	over-ear/Sennheiser HD 599 (Rtings).csv	Rtings	HMS II.3	over-ear	1
Sennheiser HD 650	over-ear/Sennheiser HD 650 (Rtings).csv	Rtings	HMS II.3	over-ear	1
Sennheiser HD 660 S	over-ear/Sennheiser HD 660 S (Rtings).csv	Rtings	HMS II.3	over-ear	1
Sennheiser HD 660S2	over-ear/Sennheiser HD 660S2 (Rtings).csv	Rtings	HMS II.3	over-ear	1
Sennheiser HD 6XX	over-ear/Sennheiser HD 6XX (Rtings).csv	Rtings	HMS II.3	over-ear	1
Sennheiser HD 700	over-ear/Sennheiser HD 700 (Rtings).csv	Rtings	HMS II.3	over-ear	1
Sennheiser HD 820	over-ear/Sennheiser HD 820 (Rtings).csv	Rtings	HMS II.3	over-ear	1
Sennheiser HD 8XX	over-ear/Sennheiser HD 8XX (Rtings).csv	Rtings	HMS II.3	over-ear	1
Sennheiser HD1 On-Ear	over-ear/Sennheiser HD1 On-Ear.csv	Rtings	HMS II.3	over-ear	1
Sennheiser HD1 Over-Ear	over-ear/Sennheiser HD1 Over-Ear.csv	Rtings	HMS II.3	over-ear	1
Sennheiser HD1 Wireless	over-ear/Sennheiser HD1 Wireless.csv	Rtings	HMS II.3	over-ear	1
Sennheiser Momentum 3 Wireless	over-ear/Sennheiser Momentum 3 Wireless (Rtings).csv	Rtings	HMS II.3	over-ear	1
Sennheiser PXC 250 II	over-ear/Sennheiser PXC 250 II.csv	Rtings	HMS II.3	over-ear	1
Sennheiser PXC 550 Wireless	over-ear/Sennheiser PXC 550 Wireless.csv	Rtings	HMS II.3	over-ear	1
Sennheiser PXC 550-II Wireless	over-ear/Sennheiser PXC 550-II Wireless (Rtings).csv	Rtings	HMS II.3	over-ear	1
Sennheiser RS 165	over-ear/Sennheiser RS 165.csv	Rtings	HMS II.3	over-ear	1
Sennheiser RS 175	over-ear/Sennheiser RS 175 (Rtings).csv	Rtings	HMS II.3	over-ear	1
Sennheiser RS 185	over-ear/Sennheiser RS 185.csv	Rtings	HMS II.3	over-ear	1
Sennheiser RS 195	over-ear/Sennheiser RS 195.csv	Rtings	HMS II.3	over-ear	1
Sennheiser SC 160 USB-C	over-ear/Sennheiser SC 160 USB-C.csv	Rtings	HMS II.3	over-ear	1
Shure AONIC 50 Gen 2	over-ear/Shure AONIC 50 Gen 2.csv	Rtings	HMS II.3	over-ear	1
Shure AONIC 50	over-ear/Shure AONIC 50 (Rtings).csv	Rtings	HMS II.3	over-ear	1
Shure SRH240	over-ear/Shure SRH240 (Rtings).csv	Rtings	HMS II.3	over-ear	1
Shure SRH440	over-ear/Shure SRH440 (Rtings).csv	Rtings	HMS II.3	over-ear	1
Skullcandy Crusher 360	over-ear/Skullcandy Crusher 360.csv	Rtings	HMS II.3	over-ear	1
Skullcandy Crusher Evo	over-ear/Skullcandy Crusher Evo.csv	Rtings	HMS II.3	over-ear	1
Skullcandy Crusher Wireless	over-ear/Skullcandy Crusher Wireless (Rtings).csv	Rtings	HMS II.3	over-ear	1
Skullcandy Crusher	over-ear/Skullcandy Crusher (Rtings).csv	Rtings	HMS II.3	over-ear	1
Skullcandy Grind	over-ear/Skullcandy Grind (Rtings).csv	Rtings	HMS II.3	over-ear	1
Skullcandy Hesh 2	over-ear/Skullcandy Hesh 2 (Rtings).csv	Rtings	HMS II.3	over-ear	1
Skullcandy Hesh 3	over-ear/Skullcandy Hesh 3.csv	Rtings	HMS II.3	over-ear	1
Skullcandy Hesh ANC	over-ear/Skullcandy Hesh ANC.csv	Rtings	HMS II.3	over-ear	1
Skullcandy Hesh Evo	over-ear/Skullcandy Hesh Evo.csv	Rtings	HMS II.3	over-ear	1
Skullcandy Riff Wireless 2	over-ear/Skullcandy Riff Wireless 2.csv	Rtings	HMS II.3	over-ear	1
Skullcandy Venue	over-ear/Skullcandy Venue.csv	Rtings	HMS II.3	over-ear	1
Sony h.ear on	over-ear/Sony h.ear on.csv	Rtings	HMS II.3	over-ear	1
Sony INZONE H3	over-ear/Sony INZONE H3.csv	Rtings	HMS II.3	over-ear	1
Sony INZONE H7	over-ear/Sony INZONE H7.csv	Rtings	HMS II.3	over-ear	1
Sony INZONE H9	over-ear/Sony INZONE H9.csv	Rtings	HMS II.3	over-ear	1
Sony MDR-1000X	over-ear/Sony MDR-1000X (Rtings).csv	Rtings	HMS II.3	over-ear	1
Sony MDR-1A	over-ear/Sony MDR-1A.csv	Rtings	HMS II.3	over-ear	1
Sony MDR-7506	over-ear/Sony MDR-7506 (Rtings).csv	Rtings	HMS II.3	over-ear	1
Sony MDR-7520	over-ear/Sony MDR-7520 (Rtings).csv	Rtings	HMS II.3	over-ear	1
Sony MDR-MV1	over-ear/Sony MDR-MV1 (Rtings).csv	Rtings	HMS II.3	over-ear	1
Sony MDR-XB950B1	over-ear/Sony MDR-XB950B1.csv	Rtings	HMS II.3	over-ear	1
Sony MDR-XB950N1	over-ear/Sony MDR-XB950N1.csv	Rtings	HMS II.3	over-ear	1
Sony MDR-ZX110NC	over-ear/Sony MDR-ZX110NC.csv	Rtings	HMS II.3	over-ear	1
Sony MDR-ZX770BN	over-ear/Sony MDR-ZX770BN.csv	Rtings	HMS II.3	over-ear	1
Sony PULSE 3D	over-ear/Sony PULSE 3D (Rtings).csv	Rtings	HMS II.3	over-ear	1
Sony WH-1000XM2	over-ear/Sony WH-1000XM2 (Rtings).csv	Rtings	HMS II.3	over-ear	1
Sony WH-1000XM3	over-ear/Sony WH-1000XM3 (Rtings).csv	Rtings	HMS II.3	over-ear	1
Sony WH-CH400	over-ear/Sony WH-CH400.csv	Rtings	HMS II.3	over-ear	1
Sony WH-CH500	over-ear/Sony WH-CH500.csv	Rtings	HMS II.3	over-ear	1
Sony WH-CH510	over-ear/Sony WH-CH510 (Rtings).csv	Rtings	HMS II.3	over-ear	1
Sony WH-CH520	over-ear/Sony WH-CH520.csv	Rtings	HMS II.3	over-ear	1
Sony WH-CH700N	over-ear/Sony WH-CH700N.csv	Rtings	HMS II.3	over-ear	1
Sony WH-CH710N	over-ear/Sony WH-CH710N (Rtings).csv	Rtings	HMS II.3	over-ear	1
Sony WH-H900N	over-ear/Sony WH-H900N (Rtings).csv	Rtings	HMS II.3	over-ear	1
Sony WH-H910N	over-ear/Sony WH-H910N.csv	Rtings	HMS II.3	over-ear	1
Sony WH-XB700	over-ear/Sony WH-XB700.csv	Rtings	HMS II.3	over-ear	1
Sony WH-XB900N	over-ear/Sony WH-XB900N.csv	Rtings	HMS II.3	over-ear	1
Sound Intone CX-05	over-ear/Sound Intone CX-05.csv	Rtings	HMS II.3	over-ear	1
Status Audio BT One	over-ear/Status Audio BT One.csv	Rtings	HMS II.3	over-ear	1
Stax SR-L300	over-ear/Stax SR-L300 (Rtings).csv	Rtings	HMS II.3	over-ear	1
SteelSeries Arctis 1 Wireless	over-ear/SteelSeries Arctis 1 Wireless.csv	Rtings	HMS II.3	over-ear	1
SteelSeries Arctis 1	over-ear/SteelSeries Arctis 1.csv	Rtings	HMS II.3	over-ear	1
SteelSeries Arctis 3 2019 Edition	over-ear/SteelSeries Arctis 3 2019 Edition.csv	Rtings	HMS II.3	over-ear	1
SteelSeries Arctis 5 2019 Edition	over-ear/SteelSeries Arctis 5 2019 Edition.csv	Rtings	HMS II.3	over-ear	1
SteelSeries Arctis 7 2019 Edition	over-ear/SteelSeries Arctis 7 2019 Edition.csv	Rtings	HMS II.3	over-ear	1
SteelSeries Arctis 7 Wireless 2017	over-ear/SteelSeries Arctis 7 Wireless 2017.csv	Rtings	HMS II.3	over-ear	1
SteelSeries Arctis 7+	over-ear/SteelSeries Arctis 7+.csv	Rtings	HMS II.3	over-ear	1
SteelSeries Arctis 7P+	over-ear/SteelSeries Arctis 7P+.csv	Rtings	HMS II.3	over-ear	1
SteelSeries Arctis 7P	over-ear/SteelSeries Arctis 7P.csv	Rtings	HMS II.3	over-ear	1
SteelSeries Arctis 7X	over-ear/SteelSeries Arctis 7X.csv	Rtings	HMS II.3	over-ear	1
SteelSeries Arctis 9	over-ear/SteelSeries Arctis 9.csv	Rtings	HMS II.3	over-ear	1
SteelSeries Arctis 9X	over-ear/SteelSeries Arctis 9X.csv	Rtings	HMS II.3	over-ear	1
SteelSeries Arctis Nova 1	over-ear/SteelSeries Arctis Nova 1.csv	Rtings	HMS II.3	over-ear	1
SteelSeries Arctis Nova 3	over-ear/SteelSeries Arctis Nova 3.csv	Rtings	HMS II.3	over-ear	1
SteelSeries Arctis Prime	over-ear/SteelSeries Arctis Prime.csv	Rtings	HMS II.3	over-ear	1
SteelSeries Arctis Pro GameDAC	over-ear/SteelSeries Arctis Pro GameDAC.csv	Rtings	HMS II.3	over-ear	1
SteelSeries Siberia 200	over-ear/SteelSeries Siberia 200.csv	Rtings	HMS II.3	over-ear	1
Superlux HD 668B	over-ear/Superlux HD 668B (Rtings).csv	Rtings	HMS II.3	over-ear	1
Superlux HD 681 EVO	over-ear/Superlux HD 681 EVO.csv	Rtings	HMS II.3	over-ear	1
TaoTronics SoundSurge 60	over-ear/TaoTronics SoundSurge 60.csv	Rtings	HMS II.3	over-ear	1
TaoTronics TT-BH041 Bluetooth Headset	over-ear/TaoTronics TT-BH041 Bluetooth Headset.csv	Rtings	HMS II.3	over-ear	1
Tascam TH-02	over-ear/Tascam TH-02.csv	Rtings	HMS II.3	over-ear	1
TREBLAB Z2	over-ear/TREBLAB Z2.csv	Rtings	HMS II.3	over-ear	1
TREBLAB Z7 Pro	over-ear/TREBLAB Z7 Pro.csv	Rtings	HMS II.3	over-ear	1
Turtle Beach Elite 800	over-ear/Turtle Beach Elite 800.csv	Rtings	HMS II.3	over-ear	1
Turtle Beach Elite Atlas Aero	over-ear/Turtle Beach Elite Atlas Aero.csv	Rtings	HMS II.3	over-ear	1
Turtle Beach Elite Atlas	over-ear/Turtle Beach Elite Atlas.csv	Rtings	HMS II.3	over-ear	1
Turtle Beach Elite Pro 2 SuperAmp	over-ear/Turtle Beach Elite Pro 2 SuperAmp.csv	Rtings	HMS II.3	over-ear	1
Turtle Beach Recon 200 Gen 2	over-ear/Turtle Beach Recon 200 Gen 2.csv	Rtings	HMS II.3	over-ear	1
Turtle Beach Recon 200	over-ear/Turtle Beach Recon 200.csv	Rtings	HMS II.3	over-ear	1
Turtle Beach Recon 500	over-ear/Turtle Beach Recon 500.csv	Rtings	HMS II.3	over-ear	1
Turtle Beach Recon 50X	over-ear/Turtle Beach Recon 50X.csv	Rtings	HMS II.3	over-ear	1
Turtle Beach Recon 70	over-ear/Turtle Beach Recon 70.csv	Rtings	HMS II.3	over-ear	1
Turtle Beach Stealth 300	over-ear/Turtle Beach Stealth 300.csv	Rtings	HMS II.3	over-ear	1
Turtle Beach Stealth 600 Gen 2	over-ear/Turtle Beach Stealth 600 Gen 2.csv	Rtings	HMS II.3	over-ear	1
Turtle Beach Stealth 600	over-ear/Turtle Beach Stealth 600.csv	Rtings	HMS II.3	over-ear	1
Turtle Beach Stealth 700 Gen 2	over-ear/Turtle Beach Stealth 700 Gen 2.csv	Rtings	HMS II.3	over-ear	1
Turtle Beach Stealth 700	over-ear/Turtle Beach Stealth 700.csv	Rtings	HMS II.3	over-ear	1
Turtle Beach Stealth Pro	over-ear/Turtle Beach Stealth Pro.csv	Rtings	HMS II.3	over-ear	1
V-MODA Crossfade 2 Wireless	over-ear/V-MODA Crossfade 2 Wireless.csv	Rtings	HMS II.3	over-ear	1
V-MODA Crossfade M-100	over-ear/V-MODA Crossfade M-100 (Rtings).csv	Rtings	HMS II.3	over-ear	1
Wyze Noise-Cancelling Headphones	over-ear/Wyze Noise-Cancelling Headphones.csv	Rtings	HMS II.3	over-ear	1
Wyze Wireless Gaming Headset	over-ear/Wyze Wireless Gaming Headset.csv	Rtings	HMS II.3	over-ear	1
Xbox Stereo Headset	over-ear/Xbox Stereo Headset.csv	Rtings	HMS II.3	over-ear	1
Xbox Wireless Headset	over-ear/Xbox Wireless Headset.csv	Rtings	HMS II.3	over-ear	1
Apple AirPods 2	earbud/Apple AirPods 2.csv	Super Review	KB006x + 711	earbud	1
Apple AirPods 3	earbud/Apple AirPods 3.csv	Super Review	KB006x + 711	earbud	1
Apple EarPods	earbud/Apple EarPods (Super Review).csv	Super Review	KB006x + 711	earbud	1
Astrotec Lyra Nature (no foam)	earbud/Astrotec Lyra Nature (no foam).csv	Super Review	KB006x + 711	earbud	1
Astrotec Lyra Nature	earbud/Astrotec Lyra Nature.csv	Super Review	KB006x + 711	earbud	1
FAAEAL Iris	earbud/FAAEAL Iris.csv	Super Review	KB006x + 711	earbud	1
FiiO FF1 (black)	earbud/FiiO FF1 (black).csv	Super Review	KB006x + 711	earbud	1
FiiO FF1 (foam)	earbud/FiiO FF1 (foam).csv	Super Review	KB006x + 711	earbud	1
FiiO FF1 (no foam)	earbud/FiiO FF1 (no foam).csv	Super Review	KB006x + 711	earbud	1
FiiO FF1 (white)	earbud/FiiO FF1 (white).csv	Super Review	KB006x + 711	earbud	1
Ks Earphone K64	earbud/Ks Earphone K64.csv	Super Review	KB006x + 711	earbud	1
Moondrop Pavane (donut foams)	earbud/Moondrop Pavane (donut foams).csv	Super Review	KB006x + 711	earbud	1
Moondrop Pavane (no foamd)	earbud/Moondrop Pavane (no foamd).csv	Super Review	KB006x + 711	earbud	1
Moondrop Pavane (white foams)	earbud/Moondrop Pavane (white foams).csv	Super Review	KB006x + 711	earbud	1
Moondrop U-2	earbud/Moondrop U-2 (Super Review).csv	Super Review	KB006x + 711	earbud	1
Moondrop U2 (foams)	earbud/Moondrop U2 (foams).csv	Super Review	KB006x + 711	earbud	1
NiceHCK EB2S Pro (foams)	earbud/NiceHCK EB2S Pro (foams).csv	Super Review	KB006x + 711	earbud	1
NiceHCK EB2S Pro (no foams)	earbud/NiceHCK EB2S Pro (no foams).csv	Super Review	KB006x + 711	earbud	1
NiceHCK EBX21	earbud/NiceHCK EBX21.csv	Super Review	KB006x + 711	earbud	1
Rikubuds Alter Rider 3	earbud/Rikubuds Alter Rider 3.csv	Super Review	KB006x + 711	earbud	1
TGXear Serratus	earbud/TGXear Serratus.csv	Super Review	KB006x + 711	earbud	1
TGXear Sunniva	earbud/TGXear Sunniva.csv	Super Review	KB006x + 711	earbud	1
TGXear Totem	earbud/TGXear Totem.csv	Super Review	KB006x + 711	earbud	1
Venture Electronics Monk Plus	earbud/Venture Electronics Monk Plus (Super Review).csv	Super Review	KB006x + 711	earbud	1
Willsound MK2	earbud/Willsound MK2.csv	Super Review	KB006x + 711	earbud	1
Yincrow RW-9	earbud/Yincrow RW-9.csv	Super Review	KB006x + 711	earbud	1
Yincrow X6	earbud/Yincrow X6 (Super Review).csv	Super Review	KB006x + 711	earbud	1
634ears MIROAK-II	in-ear/634ears MIROAK-II.csv	Super Review	711	in-ear	1
64 Audio A12t (m15 Apex module)	in-ear/64 Audio A12t (m15 Apex module) (Super Review).csv	Super Review	711	in-ear	1
64 Audio A12t (m20 Apex module)	in-ear/64 Audio A12t (m20 Apex module) (Super Review).csv	Super Review	711	in-ear	1
64 Audio A12t (mX Apex module)	in-ear/64 Audio A12t (mX Apex module) (Super Review).csv	Super Review	711	in-ear	1
64 Audio Aspire 1	in-ear/64 Audio Aspire 1.csv	Super Review	711	in-ear	1
64 Audio Aspire 2	in-ear/64 Audio Aspire 2.csv	Super Review	711	in-ear	1
64 Audio Aspire 3	in-ear/64 Audio Aspire 3.csv	Super Review	711	in-ear	1
64 Audio Aspire 4	in-ear/64 Audio Aspire 4.csv	Super Review	711	in-ear	1
64 Audio Duo	in-ear/64 Audio Duo (Super Review).csv	Super Review	711	in-ear	1
64 Audio Fourte Blanc	in-ear/64 Audio Fourte Blanc.csv	Super Review	711	in-ear	1
64 Audio Nio (Fir Audio black module)	in-ear/64 Audio Nio (Fir Audio black module).csv	Super Review	711	in-ear	1
64 Audio Nio (Fir Audio red module)	in-ear/64 Audio Nio (Fir Audio red module).csv	Super Review	711	in-ear	1
64 Audio Nio (m12 Apex module)	in-ear/64 Audio Nio (m12 Apex module).csv	Super Review	711	in-ear	1
64 Audio Nio (m15 Apex module)	in-ear/64 Audio Nio (m15 Apex module) (Super Review).csv	Super Review	711	in-ear	1
64 Audio Nio (m20 Apex module)	in-ear/64 Audio Nio (m20 Apex module) (Super Review).csv	Super Review	711	in-ear	1
64 Audio Nio (mX Apex module)	in-ear/64 Audio Nio (mX Apex module) (Super Review).csv	Super Review	711	in-ear	1
64 Audio Solo	in-ear/64 Audio Solo (Super Review).csv	Super Review	711	in-ear	1
64 Audio Tia Fourte	in-ear/64 Audio Tia Fourte (Super Review).csv	Super Review	711	in-ear	1
64 Audio Tia Trio	in-ear/64 Audio Tia Trio (Super Review).csv	Super Review	711	in-ear	1
64 Audio U12t (Fir Audio red module)	in-ear/64 Audio U12t (Fir Audio red module).csv	Super Review	711	in-ear	1
64 Audio U12t (m12 Apex module)	in-ear/64 Audio U12t (m12 Apex module).csv	Super Review	711	in-ear	1
64 Audio U12t (m15 Apex module)	in-ear/64 Audio U12t (m15 Apex module) (Super Review).csv	Super Review	711	in-ear	1
64 Audio U12t (m20 Apex module)	in-ear/64 Audio U12t (m20 Apex module) (Super Review).csv	Super Review	711	in-ear	1
64 Audio U12t (mX Apex module)	in-ear/64 Audio U12t (mX Apex module) (Super Review).csv	Super Review	711	in-ear	1
64 Audio U18s (m20 Apex module)	in-ear/64 Audio U18s (m20 Apex module).csv	Super Review	711	in-ear	1
64 Audio U18t (m15 Apex module)	in-ear/64 Audio U18t (m15 Apex module).csv	Super Review	711	in-ear	1
64 Audio U18t (m20 Apex module)	in-ear/64 Audio U18t (m20 Apex module).csv	Super Review	711	in-ear	1
64 Audio U18t (mX Apex module)	in-ear/64 Audio U18t (mX Apex module).csv	Super Review	711	in-ear	1
64 Audio U4S (Fir Audio black module)	in-ear/64 Audio U4S (Fir Audio black module).csv	Super Review	711	in-ear	1
64 Audio U4S (Fir Audio red module)	in-ear/64 Audio U4S (Fir Audio red module).csv	Super Review	711	in-ear	1
64 Audio U4S (m12 Apex module)	in-ear/64 Audio U4S (m12 Apex module) (Super Review).csv	Super Review	711	in-ear	1
64 Audio U4S (m15 Apex module)	in-ear/64 Audio U4S (m15 Apex module) (Super Review).csv	Super Review	711	in-ear	1
64 Audio U4S (m20 Apex module)	in-ear/64 Audio U4S (m20 Apex module) (Super Review).csv	Super Review	711	in-ear	1
64 Audio U4S (mX Apex module)	in-ear/64 Audio U4S (mX Apex module) (Super Review).csv	Super Review	711	in-ear	1
64 Audio U6t (m15 Apex module)	in-ear/64 Audio U6t (m15 Apex module) (Super Review).csv	Super Review	711	in-ear	1
64 Audio Volur (m12 Apex module)	in-ear/64 Audio Volur (m12 Apex module) (Super Review).csv	Super Review	711	in-ear	1
64 Audio Volur (m15 Apex module)	in-ear/64 Audio Volur (m15 Apex module) (Super Review).csv	Super Review	711	in-ear	1
64 Audio Volur (m20 Apex module)	in-ear/64 Audio Volur (m20 Apex module) (Super Review).csv	Super Review	711	in-ear	1
64 Audio Volur (mX Apex module)	in-ear/64 Audio Volur (mX Apex module) (Super Review).csv	Super Review	711	in-ear	1
7Hz Salnotes Zero	in-ear/7Hz Salnotes Zero (Super Review).csv	Super Review	711	in-ear	1
7Hz Timeless	in-ear/7Hz Timeless (Super Review).csv	Super Review	711	in-ear	1
7Hz x Crinacle Zero 2	in-ear/7Hz x Crinacle Zero 2 (Super Review).csv	Super Review	711	in-ear	1
7th Acoustics Proxima	in-ear/7th Acoustics Proxima.csv	Super Review	711	in-ear	1
7th Acoustics Supernova	in-ear/7th Acoustics Supernova (Super Review).csv	Super Review	711	in-ear	1
Acoustune RS ONE	in-ear/Acoustune RS ONE.csv	Super Review	711	in-ear	1
AFUL Acoustics Cantor	in-ear/AFUL Acoustics Cantor.csv	Super Review	711	in-ear	1
AFUL Acoustics MagicOne	in-ear/AFUL Acoustics MagicOne (Super Review).csv	Super Review	711	in-ear	1
AFUL Acoustics Performer 5+2	in-ear/AFUL Acoustics Performer 5+2.csv	Super Review	711	in-ear	1
AFUL Explorer	in-ear/AFUL Explorer (Super Review).csv	Super Review	711	in-ear	1
AFUL Performer 5	in-ear/AFUL Performer 5 (Super Review).csv	Super Review	711	in-ear	1
AFUL Performer 8	in-ear/AFUL Performer 8 (Super Review).csv	Super Review	711	in-ear	1
Akoustyx R-120	in-ear/Akoustyx R-120.csv	Super Review	711	in-ear	1
Akoustyx R-220	in-ear/Akoustyx R-220 (Super Review).csv	Super Review	711	in-ear	1
Akoustyx S-6	in-ear/Akoustyx S-6.csv	Super Review	711	in-ear	1
Alpha Omega Omega (off-off-off)	in-ear/Alpha Omega Omega (off-off-off).csv	Super Review	711	in-ear	1
Alpha Omega Omega (on-on-off)	in-ear/Alpha Omega Omega (on-on-off).csv	Super Review	711	in-ear	1
Alpha Omega Omega (on-on-on)	in-ear/Alpha Omega Omega (on-on-on).csv	Super Review	711	in-ear	1
Alpha Omega Omega on-off-off)	in-ear/Alpha Omega Omega on-off-off).csv	Super Review	711	in-ear	1
Alpha Omega Ra	in-ear/Alpha Omega Ra.csv	Super Review	711	in-ear	1
Apple AirPods Pro	in-ear/Apple AirPods Pro (Super Review).csv	Super Review	711	in-ear	1
Arpegear Hane (off-off-off-off)	in-ear/Arpegear Hane (off-off-off-off).csv	Super Review	711	in-ear	1
Arpegear Hane (off-off-off-on)	in-ear/Arpegear Hane (off-off-off-on).csv	Super Review	711	in-ear	1
Arpegear Hane (off-off-on-off)	in-ear/Arpegear Hane (off-off-on-off).csv	Super Review	711	in-ear	1
Arpegear Hane (off-on-off-off)	in-ear/Arpegear Hane (off-on-off-off).csv	Super Review	711	in-ear	1
Arpegear Hane (on-off-off-off)	in-ear/Arpegear Hane (on-off-off-off).csv	Super Review	711	in-ear	1
Audiosense AQ7	in-ear/Audiosense AQ7.csv	Super Review	711	in-ear	1
Audiosense DT200	in-ear/Audiosense DT200 (Super Review).csv	Super Review	711	in-ear	1
Audiosense T180	in-ear/Audiosense T180.csv	Super Review	711	in-ear	1
AuGlamour F300	in-ear/AuGlamour F300.csv	Super Review	711	in-ear	1
AuGlamour RT-3	in-ear/AuGlamour RT-3 (Super Review).csv	Super Review	711	in-ear	1
AUNE Jasper	in-ear/AUNE Jasper.csv	Super Review	711	in-ear	1
BGVP DM6	in-ear/BGVP DM6 (Super Review).csv	Super Review	711	in-ear	1
BGVP DM8	in-ear/BGVP DM8.csv	Super Review	711	in-ear	1
BGVP DM9	in-ear/BGVP DM9.csv	Super Review	711	in-ear	1
BGVP DMA	in-ear/BGVP DMA.csv	Super Review	711	in-ear	1
BGVP DMG (silver)	in-ear/BGVP DMG (silver).csv	Super Review	711	in-ear	1
BGVP Melody (balanced nozzle)	in-ear/BGVP Melody (balanced nozzle).csv	Super Review	711	in-ear	1
BGVP Melody (hifi nozzle)	in-ear/BGVP Melody (hifi nozzle).csv	Super Review	711	in-ear	1
BGVP Melody (pop nozzle)	in-ear/BGVP Melody (pop nozzle).csv	Super Review	711	in-ear	1
BGVP NS9 (black eartips)	in-ear/BGVP NS9 (black eartips).csv	Super Review	711	in-ear	1
BGVP NS9 (gray filter)	in-ear/BGVP NS9 (gray filter).csv	Super Review	711	in-ear	1
BGVP NS9 (no mesh, black eartips)	in-ear/BGVP NS9 (no mesh, black eartips).csv	Super Review	711	in-ear	1
BGVP NS9 (red filter)	in-ear/BGVP NS9 (red filter).csv	Super Review	711	in-ear	1
BGVP NS9 (silver filter)	in-ear/BGVP NS9 (silver filter).csv	Super Review	711	in-ear	1
BGVP Phantom	in-ear/BGVP Phantom.csv	Super Review	711	in-ear	1
Binary Acoustics Dynaquattro	in-ear/Binary Acoustics Dynaquattro (Super Review).csv	Super Review	711	in-ear	1
Binary Acoustics x Gizaudio Chopin	in-ear/Binary Acoustics x Gizaudio Chopin (Super Review).csv	Super Review	711	in-ear	1
BLON BL-03	in-ear/BLON BL-03 (Super Review).csv	Super Review	711	in-ear	1
BLON BL-05	in-ear/BLON BL-05 (Super Review).csv	Super Review	711	in-ear	1
BLON BL-A8 Prometheus	in-ear/BLON BL-A8 Prometheus (Super Review).csv	Super Review	711	in-ear	1
BLON x HBB Z300	in-ear/BLON x HBB Z300 (Super Review).csv	Super Review	711	in-ear	1
BQEYZ Autumn (bass filter)	in-ear/BQEYZ Autumn (bass filter) (Super Review).csv	Super Review	711	in-ear	1
BQEYZ Autumn (no filter)	in-ear/BQEYZ Autumn (no filter).csv	Super Review	711	in-ear	1
BQEYZ Autumn (normal filter)	in-ear/BQEYZ Autumn (normal filter) (Super Review).csv	Super Review	711	in-ear	1
BQEYZ Autumn (treble filter)	in-ear/BQEYZ Autumn (treble filter) (Super Review).csv	Super Review	711	in-ear	1
BQEYZ Frost	in-ear/BQEYZ Frost (Super Review).csv	Super Review	711	in-ear	1
Brainwavz Koel	in-ear/Brainwavz Koel.csv	Super Review	711	in-ear	1
Campfire Audio Andromeda (pre-2020)	in-ear/Campfire Audio Andromeda (pre-2020).csv	Super Review	711	in-ear	1
Campfire Audio Andromeda 2020	in-ear/Campfire Audio Andromeda 2020.csv	Super Review	711	in-ear	1
Campfire Audio Ara	in-ear/Campfire Audio Ara.csv	Super Review	711	in-ear	1
Campfire Audio Dorado 2020	in-ear/Campfire Audio Dorado 2020 (Super Review).csv	Super Review	711	in-ear	1
Campfire Audio Moon Rover	in-ear/Campfire Audio Moon Rover (Super Review).csv	Super Review	711	in-ear	1
Campfire Audio Onyx	in-ear/Campfire Audio Onyx.csv	Super Review	711	in-ear	1
Campfire Audio Pathfinder	in-ear/Campfire Audio Pathfinder.csv	Super Review	711	in-ear	1
Canpur CP622B	in-ear/Canpur CP622B (Super Review).csv	Super Review	711	in-ear	1
Cayin Fantasy	in-ear/Cayin Fantasy.csv	Super Review	711	in-ear	1
CCA C10	in-ear/CCA C10 (Super Review).csv	Super Review	711	in-ear	1
CCA CRA+	in-ear/CCA CRA+ (Super Review).csv	Super Review	711	in-ear	1
CCA CRA	in-ear/CCA CRA (Super Review).csv	Super Review	711	in-ear	1
CCA Hydro (off-off-off-off)	in-ear/CCA Hydro (off-off-off-off).csv	Super Review	711	in-ear	1
CCA Hydro (off-off-on-on)	in-ear/CCA Hydro (off-off-on-on).csv	Super Review	711	in-ear	1
CCA Hydro (on-on-off-off)	in-ear/CCA Hydro (on-on-off-off) (Super Review).csv	Super Review	711	in-ear	1
CCA Hydro (on-on-on-on)	in-ear/CCA Hydro (on-on-on-on).csv	Super Review	711	in-ear	1
CCZ Plume	in-ear/CCZ Plume.csv	Super Review	711	in-ear	1
Co-Donguri Brass	in-ear/Co-Donguri Brass (Super Review).csv	Super Review	711	in-ear	1
Co-Donguri Shizuku	in-ear/Co-Donguri Shizuku.csv	Super Review	711	in-ear	1
Colorfly Quintet	in-ear/Colorfly Quintet.csv	Super Review	711	in-ear	1
Colorfly Silver Reference	in-ear/Colorfly Silver Reference.csv	Super Review	711	in-ear	1
CrinEar Daybreak	in-ear/CrinEar Daybreak.csv	Super Review	711	in-ear	1
CrinEar Meta	in-ear/CrinEar Meta (Super Review).csv	Super Review	711	in-ear	1
Custom Art FIBAE 7 Unlimited	in-ear/Custom Art FIBAE 7 Unlimited.csv	Super Review	711	in-ear	1
Dita Audio Mecha	in-ear/Dita Audio Mecha (Super Review).csv	Super Review	711	in-ear	1
DUNU DK3001 BD	in-ear/DUNU DK3001 BD (Super Review).csv	Super Review	711	in-ear	1
DUNU DK3001BD	in-ear/DUNU DK3001BD.csv	Super Review	711	in-ear	1
DUNU EST 112	in-ear/DUNU EST 112 (Super Review).csv	Super Review	711	in-ear	1
DUNU Falcon Pro (Atmospheric Immersion filter)	in-ear/DUNU Falcon Pro (Atmospheric Immersion filter) (Super Review).csv	Super Review	711	in-ear	1
DUNU Falcon Pro (Reference filter)	in-ear/DUNU Falcon Pro (Reference filter) (Super Review).csv	Super Review	711	in-ear	1
DUNU Falcon Pro (Transparency filter)	in-ear/DUNU Falcon Pro (Transparency filter) (Super Review).csv	Super Review	711	in-ear	1
DUNU Falcon Ultra (blue nozzle)	in-ear/DUNU Falcon Ultra (blue nozzle) (Super Review).csv	Super Review	711	in-ear	1
DUNU Falcon Ultra (gold nozzle)	in-ear/DUNU Falcon Ultra (gold nozzle) (Super Review).csv	Super Review	711	in-ear	1
DUNU Glacier	in-ear/DUNU Glacier (Super Review).csv	Super Review	711	in-ear	1
DUNU Kima 2	in-ear/DUNU Kima 2 (Super Review).csv	Super Review	711	in-ear	1
DUNU Kima	in-ear/DUNU Kima (Super Review).csv	Super Review	711	in-ear	1
DUNU Mirai	in-ear/DUNU Mirai (Super Review).csv	Super Review	711	in-ear	1
DUNU SA3	in-ear/DUNU SA3.csv	Super Review	711	in-ear	1
DUNU SA6 (atmospheric Immersion mode)	in-ear/DUNU SA6 (atmospheric Immersion mode).csv	Super Review	711	in-ear	1
DUNU SA6 (default mode)	in-ear/DUNU SA6 (default mode).csv	Super Review	711	in-ear	1
DUNU SA6 EST	in-ear/DUNU SA6 EST (Super Review).csv	Super Review	711	in-ear	1
DUNU SA6 MK2 (Atmospheric Immersion mode)	in-ear/DUNU SA6 MK2 (Atmospheric Immersion mode).csv	Super Review	711	in-ear	1
DUNU SA6 MK2 (default mode)	in-ear/DUNU SA6 MK2 (default mode).csv	Super Review	711	in-ear	1
DUNU SA6 Ultra (atmospheric immersion mode)	in-ear/DUNU SA6 Ultra (atmospheric immersion mode) (Super Review).csv	Super Review	711	in-ear	1
DUNU SA6 Ultra (default mode)	in-ear/DUNU SA6 Ultra (default mode) (Super Review).csv	Super Review	711	in-ear	1
DUNU Talos (BA off)	in-ear/DUNU Talos (BA off).csv	Super Review	711	in-ear	1
DUNU Talos (BA on)	in-ear/DUNU Talos (BA on).csv	Super Review	711	in-ear	1
DUNU Titan S2	in-ear/DUNU Titan S2 (Super Review).csv	Super Review	711	in-ear	1
DUNU Vulkan (gray eartips)	in-ear/DUNU Vulkan (gray eartips).csv	Super Review	711	in-ear	1
DUNU Vulkan (red eartips)	in-ear/DUNU Vulkan (red eartips).csv	Super Review	711	in-ear	1
DUNU Vulkan	in-ear/DUNU Vulkan (Super Review).csv	Super Review	711	in-ear	1
DUNU x Gizaudio DaVinci	in-ear/DUNU x Gizaudio DaVinci (Super Review).csv	Super Review	711	in-ear	1
DUNU Zen Pro	in-ear/DUNU Zen Pro (Super Review).csv	Super Review	711	in-ear	1
DUNU Zen	in-ear/DUNU Zen (Super Review).csv	Super Review	711	in-ear	1
EarFun Free Pro (Oluv Edition, ANC off)	in-ear/EarFun Free Pro (Oluv Edition, ANC off).csv	Super Review	711	in-ear	1
EarFun Free Pro (Oluv Edition, ANC on)	in-ear/EarFun Free Pro (Oluv Edition, ANC on).csv	Super Review	711	in-ear	1
Effect Audio Axiom	in-ear/Effect Audio Axiom.csv	Super Review	711	in-ear	1
Effect Audio x Elysian Gaea	in-ear/Effect Audio x Elysian Gaea (Super Review).csv	Super Review	711	in-ear	1
Elysian Annihilator (2023)	in-ear/Elysian Annihilator (2023) (Super Review).csv	Super Review	711	in-ear	1
Elysian Diva 2023 (blue switch)	in-ear/Elysian Diva 2023 (blue switch) (Super Review).csv	Super Review	711	in-ear	1
Elysian Diva 2023 (red switch)	in-ear/Elysian Diva 2023 (red switch) (Super Review).csv	Super Review	711	in-ear	1
Elysian Diva 2023 (white switch)	in-ear/Elysian Diva 2023 (white switch) (Super Review).csv	Super Review	711	in-ear	1
Elysian Pilgrim Noir	in-ear/Elysian Pilgrim Noir.csv	Super Review	711	in-ear	1
Elysian Pilgrim	in-ear/Elysian Pilgrim (Super Review).csv	Super Review	711	in-ear	1
Empire Ears Bravado Mk2	in-ear/Empire Ears Bravado Mk2 (Super Review).csv	Super Review	711	in-ear	1
Empire Ears ESR Mk2	in-ear/Empire Ears ESR Mk2 (Super Review).csv	Super Review	711	in-ear	1
Empire Ears Legend EVO	in-ear/Empire Ears Legend EVO.csv	Super Review	711	in-ear	1
Empire Ears Legend Raven	in-ear/Empire Ears Legend Raven.csv	Super Review	711	in-ear	1
Empire Ears Valkyrie MKII	in-ear/Empire Ears Valkyrie MKII.csv	Super Review	711	in-ear	1
EPZ 530	in-ear/EPZ 530 (Super Review).csv	Super Review	711	in-ear	1
EPZ G10	in-ear/EPZ G10 (Super Review).csv	Super Review	711	in-ear	1
EPZ K5	in-ear/EPZ K5 (Super Review).csv	Super Review	711	in-ear	1
EPZ K9	in-ear/EPZ K9.csv	Super Review	711	in-ear	1
EPZ P50	in-ear/EPZ P50 (Super Review).csv	Super Review	711	in-ear	1
EPZ Q1 Pro	in-ear/EPZ Q1 Pro (Super Review).csv	Super Review	711	in-ear	1
EPZ Q5	in-ear/EPZ Q5 (Super Review).csv	Super Review	711	in-ear	1
Etymotic ER2SE	in-ear/Etymotic ER2SE (Super Review).csv	Super Review	711	in-ear	1
Etymotic ER2XR (brown filter)	in-ear/Etymotic ER2XR (brown filter).csv	Super Review	711	in-ear	1
Etymotic ER2XR (green filter)	in-ear/Etymotic ER2XR (green filter).csv	Super Review	711	in-ear	1
Etymotic ER2XR (white filter)	in-ear/Etymotic ER2XR (white filter).csv	Super Review	711	in-ear	1
Etymotic ER2XR	in-ear/Etymotic ER2XR (Super Review).csv	Super Review	711	in-ear	1
Etymotic ER4S	in-ear/Etymotic ER4S (Super Review).csv	Super Review	711	in-ear	1
Etymotic ER4XR (2-flange eartips)	in-ear/Etymotic ER4XR (2-flange eartips).csv	Super Review	711	in-ear	1
Etymotic ER4XR (3-flange eartips)	in-ear/Etymotic ER4XR (3-flange eartips).csv	Super Review	711	in-ear	1
Etymotic ER4XR (foam eartips)	in-ear/Etymotic ER4XR (foam eartips).csv	Super Review	711	in-ear	1
Etymotic ERX (brown filter)	in-ear/Etymotic ERX (brown filter).csv	Super Review	711	in-ear	1
Etymotic ERX (green filter)	in-ear/Etymotic ERX (green filter).csv	Super Review	711	in-ear	1
Etymotic ETY Kids	in-ear/Etymotic ETY Kids.csv	Super Review	711	in-ear	1
Etymotic Evo (2-flange eartips)	in-ear/Etymotic Evo (2-flange eartips).csv	Super Review	711	in-ear	1
Etymotic Evo (3-flange eartips)	in-ear/Etymotic Evo (3-flange eartips).csv	Super Review	711	in-ear	1
Etymotic mk5 Isolator	in-ear/Etymotic mk5 Isolator.csv	Super Review	711	in-ear	1
Fatfreq Grand Maestro (down)	in-ear/Fatfreq Grand Maestro (down).csv	Super Review	711	in-ear	1
Fatfreq Grand Maestro (up)	in-ear/Fatfreq Grand Maestro (up).csv	Super Review	711	in-ear	1
Fatfreq x HBB Deuce	in-ear/Fatfreq x HBB Deuce (Super Review).csv	Super Review	711	in-ear	1
FiiO FA1	in-ear/FiiO FA1.csv	Super Review	711	in-ear	1
FiiO FA19 (off)	in-ear/FiiO FA19 (off).csv	Super Review	711	in-ear	1
FiiO FA19 (on)	in-ear/FiiO FA19 (on).csv	Super Review	711	in-ear	1
FiiO FD11	in-ear/FiiO FD11 (Super Review).csv	Super Review	711	in-ear	1
FiiO FD3 (bass eartips)	in-ear/FiiO FD3 (bass eartips).csv	Super Review	711	in-ear	1
FiiO FD3 (black nozzle)	in-ear/FiiO FD3 (black nozzle).csv	Super Review	711	in-ear	1
FiiO FD3 (foam eartips)	in-ear/FiiO FD3 (foam eartips).csv	Super Review	711	in-ear	1
FiiO FD3 (stock nozzle)	in-ear/FiiO FD3 (stock nozzle).csv	Super Review	711	in-ear	1
FiiO FD3 (vocal eartips)	in-ear/FiiO FD3 (vocal eartips).csv	Super Review	711	in-ear	1
FiiO FD5 (narrow nozzle, 3-flange eartips)	in-ear/FiiO FD5 (narrow nozzle, 3-flange eartips).csv	Super Review	711	in-ear	1
FiiO FD5 (stock nozzle)	in-ear/FiiO FD5 (stock nozzle) (Super Review).csv	Super Review	711	in-ear	1
FiiO FD7 (balanced nozzle)	in-ear/FiiO FD7 (balanced nozzle).csv	Super Review	711	in-ear	1
FiiO FD7 (balanced)	in-ear/FiiO FD7 (balanced).csv	Super Review	711	in-ear	1
FiiO FD7 (bass nozzle, 3-flange eartips)	in-ear/FiiO FD7 (bass nozzle, 3-flange eartips).csv	Super Review	711	in-ear	1
FiiO FD7 (treble nozzle)	in-ear/FiiO FD7 (treble nozzle).csv	Super Review	711	in-ear	1
FiiO FD7	in-ear/FiiO FD7 (Super Review).csv	Super Review	711	in-ear	1
FiiO FH1	in-ear/FiiO FH1 (Super Review).csv	Super Review	711	in-ear	1
FiiO FH11	in-ear/FiiO FH11.csv	Super Review	711	in-ear	1
FiiO FH15 (balanced nozzle)	in-ear/FiiO FH15 (balanced nozzle).csv	Super Review	711	in-ear	1
FiiO FH15 (bass nozzle)	in-ear/FiiO FH15 (bass nozzle).csv	Super Review	711	in-ear	1
FiiO FH15 (treble nozzle)	in-ear/FiiO FH15 (treble nozzle).csv	Super Review	711	in-ear	1
FiiO FH3	in-ear/FiiO FH3 (Super Review).csv	Super Review	711	in-ear	1
FiiO FH5	in-ear/FiiO FH5 (Super Review).csv	Super Review	711	in-ear	1
FiiO FH5s (off-off-off)	in-ear/FiiO FH5s (off-off-off) (Super Review).csv	Super Review	711	in-ear	1
FiiO FH5s (off-off-on)	in-ear/FiiO FH5s (off-off-on) (Super Review).csv	Super Review	711	in-ear	1
FiiO FH5s (off-on-off)	in-ear/FiiO FH5s (off-on-off) (Super Review).csv	Super Review	711	in-ear	1
FiiO FH5s (on-off-off)	in-ear/FiiO FH5s (on-off-off) (Super Review).csv	Super Review	711	in-ear	1
FiiO FH5s (on-on-on)	in-ear/FiiO FH5s (on-on-on) (Super Review).csv	Super Review	711	in-ear	1
FiiO FH7s (balanced nozzle)	in-ear/FiiO FH7s (balanced nozzle).csv	Super Review	711	in-ear	1
FiiO FH7s (bass nozzle)	in-ear/FiiO FH7s (bass nozzle).csv	Super Review	711	in-ear	1
FiiO FH7s (treble nozzle)	in-ear/FiiO FH7s (treble nozzle).csv	Super Review	711	in-ear	1
FiiO FHE Eclipse	in-ear/FiiO FHE Eclipse.csv	Super Review	711	in-ear	1
FiiO FW5	in-ear/FiiO FW5.csv	Super Review	711	in-ear	1
FiiO FX15 (off)	in-ear/FiiO FX15 (off).csv	Super Review	711	in-ear	1
FiiO FX15 (on)	in-ear/FiiO FX15 (on).csv	Super Review	711	in-ear	1
FiiO JH5	in-ear/FiiO JH5.csv	Super Review	711	in-ear	1
Final Audio A4000	in-ear/Final Audio A4000.csv	Super Review	711	in-ear	1
Final Audio B3 (Final Audio TWS eartips)	in-ear/Final Audio B3 (Final Audio TWS eartips).csv	Super Review	711	in-ear	1
Final Audio B3 (Final Audio Type E eartips)	in-ear/Final Audio B3 (Final Audio Type E eartips).csv	Super Review	711	in-ear	1
Final Audio E1000 (Final Audio Type E eartips)	in-ear/Final Audio E1000 (Final Audio Type E eartips).csv	Super Review	711	in-ear	1
Final Audio E2000	in-ear/Final Audio E2000 (Super Review).csv	Super Review	711	in-ear	1
Final Audio E500	in-ear/Final Audio E500 (Super Review).csv	Super Review	711	in-ear	1
Final Audio VR3000	in-ear/Final Audio VR3000 (Super Review).csv	Super Review	711	in-ear	1
FLC Technology DD31	in-ear/FLC Technology DD31.csv	Super Review	711	in-ear	1
FLC Technology FLC8P (gold, black, gunmetal)	in-ear/FLC Technology FLC8P (gold, black, gunmetal).csv	Super Review	711	in-ear	1
FLC Technology FLC8P (gold, black, red)	in-ear/FLC Technology FLC8P (gold, black, red).csv	Super Review	711	in-ear	1
FLC Technology FLC8P (gold, black, transparent)	in-ear/FLC Technology FLC8P (gold, black, transparent).csv	Super Review	711	in-ear	1
FLC Technology FLC8P (gold, gray, gunmetal)	in-ear/FLC Technology FLC8P (gold, gray, gunmetal).csv	Super Review	711	in-ear	1
FLC Technology FLC8P (gold, white, gunmetal)	in-ear/FLC Technology FLC8P (gold, white, gunmetal).csv	Super Review	711	in-ear	1
FLC Technology FLC8P (green, gray, gunmetal)	in-ear/FLC Technology FLC8P (green, gray, gunmetal).csv	Super Review	711	in-ear	1
FLC Technology FLC8P (gunmetal, black, gunmetal)	in-ear/FLC Technology FLC8P (gunmetal, black, gunmetal).csv	Super Review	711	in-ear	1
FLC Technology FLC8P (gunmetal, gray, gunmetal)	in-ear/FLC Technology FLC8P (gunmetal, gray, gunmetal).csv	Super Review	711	in-ear	1
FLC Technology FLC8P (silver, gray, gunmetal)	in-ear/FLC Technology FLC8P (silver, gray, gunmetal).csv	Super Review	711	in-ear	1
GS Audio GD3A	in-ear/GS Audio GD3A (Super Review).csv	Super Review	711	in-ear	1
GS Audio GD3C	in-ear/GS Audio GD3C.csv	Super Review	711	in-ear	1
GS Audio SE11	in-ear/GS Audio SE11.csv	Super Review	711	in-ear	1
HarmonicDyne P.D.1	in-ear/HarmonicDyne P.D.1.csv	Super Review	711	in-ear	1
Haylou GT1	in-ear/Haylou GT1.csv	Super Review	711	in-ear	1
Haylou GT2	in-ear/Haylou GT2.csv	Super Review	711	in-ear	1
Hi-Fri Audio Aphex	in-ear/Hi-Fri Audio Aphex.csv	Super Review	711	in-ear	1
HiBy Crystal 6 II	in-ear/HiBy Crystal 6 II.csv	Super Review	711	in-ear	1
HiBy Crystal 6	in-ear/HiBy Crystal 6.csv	Super Review	711	in-ear	1
HiBy XOE	in-ear/HiBy XOE.csv	Super Review	711	in-ear	1
HiBy Yacht 10	in-ear/HiBy Yacht 10.csv	Super Review	711	in-ear	1
Hidition Violet	in-ear/Hidition Violet (Super Review).csv	Super Review	711	in-ear	1
HIFIMAN Bolt	in-ear/HIFIMAN Bolt.csv	Super Review	711	in-ear	1
Hisenior Cano Cristales	in-ear/Hisenior Cano Cristales.csv	Super Review	711	in-ear	1
Hisenior Mega 5 EST (sample 1)	in-ear/Hisenior Mega 5 EST (sample 1).csv	Super Review	711	in-ear	1
Hisenior Mega 5 EST (sample 2)	in-ear/Hisenior Mega 5 EST (sample 2).csv	Super Review	711	in-ear	1
Hisenior Mega 5 EST Bass+	in-ear/Hisenior Mega 5 EST Bass+.csv	Super Review	711	in-ear	1
Hisenior Mega 5 EST	in-ear/Hisenior Mega 5 EST (Super Review).csv	Super Review	711	in-ear	1
Hisenior Okavango (off-off)	in-ear/Hisenior Okavango (off-off) (Super Review).csv	Super Review	711	in-ear	1
Hisenior Okavango (on-off)	in-ear/Hisenior Okavango (on-off) (Super Review).csv	Super Review	711	in-ear	1
Hisenior Okavango (on-on)	in-ear/Hisenior Okavango (on-on) (Super Review).csv	Super Review	711	in-ear	1
HZSOUND Heart Mirror Zero	in-ear/HZSOUND Heart Mirror Zero.csv	Super Review	711	in-ear	1
HZSOUND Heart Mirror	in-ear/HZSOUND Heart Mirror (Super Review).csv	Super Review	711	in-ear	1
iBasso IT01X	in-ear/iBasso IT01X.csv	Super Review	711	in-ear	1
Ice Lab Spectrumica (orange eartips)	in-ear/Ice Lab Spectrumica (orange eartips).csv	Super Review	711	in-ear	1
Ice Lab Spectrumica (purple eartips)	in-ear/Ice Lab Spectrumica (purple eartips).csv	Super Review	711	in-ear	1
IKKO OH1	in-ear/IKKO OH1 (Super Review).csv	Super Review	711	in-ear	1
IKKO OH10	in-ear/IKKO OH10 (Super Review).csv	Super Review	711	in-ear	1
IKKO OH1S	in-ear/IKKO OH1S (Super Review).csv	Super Review	711	in-ear	1
IKKO OH2	in-ear/IKKO OH2 (Super Review).csv	Super Review	711	in-ear	1
Intime Sora Light	in-ear/Intime Sora Light (Super Review).csv	Super Review	711	in-ear	1
Intime Sora	in-ear/Intime Sora.csv	Super Review	711	in-ear	1
IO Audio Sogno	in-ear/IO Audio Sogno.csv	Super Review	711	in-ear	1
IO Audio Volare	in-ear/IO Audio Volare (Super Review).csv	Super Review	711	in-ear	1
JH Audio Layla AION (min bass)	in-ear/JH Audio Layla AION (min bass).csv	Super Review	711	in-ear	1
Juzear 41T	in-ear/Juzear 41T (Super Review).csv	Super Review	711	in-ear	1
Juzear 61T	in-ear/Juzear 61T (Super Review).csv	Super Review	711	in-ear	1
Juzear 81T	in-ear/Juzear 81T (Super Review).csv	Super Review	711	in-ear	1
Juzear x Z Reviews Defiant	in-ear/Juzear x Z Reviews Defiant (Super Review).csv	Super Review	711	in-ear	1
JVC HA-FDX1 (blue)	in-ear/JVC HA-FDX1 (blue) (Super Review).csv	Super Review	711	in-ear	1
JVC HA-FDX1 (green)	in-ear/JVC HA-FDX1 (green) (Super Review).csv	Super Review	711	in-ear	1
JVC HA-FDX1 (white)	in-ear/JVC HA-FDX1 (white) (Super Review).csv	Super Review	711	in-ear	1
JVC HA-FWX1	in-ear/JVC HA-FWX1.csv	Super Review	711	in-ear	1
JVC HA-FX7 Gumy	in-ear/JVC HA-FX7 Gumy.csv	Super Review	711	in-ear	1
KBEAR Believe	in-ear/KBEAR Believe.csv	Super Review	711	in-ear	1
KBEAR Diamond	in-ear/KBEAR Diamond.csv	Super Review	711	in-ear	1
KBEAR KS2	in-ear/KBEAR KS2 (Super Review).csv	Super Review	711	in-ear	1
KEFINE Delci AE (gold nozzle)	in-ear/KEFINE Delci AE (gold nozzle).csv	Super Review	711	in-ear	1
KEFINE Delci AE (silver nozzle)	in-ear/KEFINE Delci AE (silver nozzle).csv	Super Review	711	in-ear	1
KEFINE Delci	in-ear/KEFINE Delci (Super Review).csv	Super Review	711	in-ear	1
KEFINE Quatio (black nozzle)	in-ear/KEFINE Quatio (black nozzle) (Super Review).csv	Super Review	711	in-ear	1
KEFINE Quatio (gold nozzle)	in-ear/KEFINE Quatio (gold nozzle) (Super Review).csv	Super Review	711	in-ear	1
KEFINE Quatio (silver nozzle)	in-ear/KEFINE Quatio (silver nozzle) (Super Review).csv	Super Review	711	in-ear	1
Kinera Celest Wyvern Abyss	in-ear/Kinera Celest Wyvern Abyss (Super Review).csv	Super Review	711	in-ear	1
Kinera Celest Wyvern Qing	in-ear/Kinera Celest Wyvern Qing (Super Review).csv	Super Review	711	in-ear	1
Kinera Freya	in-ear/Kinera Freya (Super Review).csv	Super Review	711	in-ear	1
Kinera SIF	in-ear/Kinera SIF.csv	Super Review	711	in-ear	1
Kiwi Ears Aether	in-ear/Kiwi Ears Aether (Super Review).csv	Super Review	711	in-ear	1
Kiwi Ears Cadenza	in-ear/Kiwi Ears Cadenza (Super Review).csv	Super Review	711	in-ear	1
Kiwi Ears KE4	in-ear/Kiwi Ears KE4 (Super Review).csv	Super Review	711	in-ear	1
Kiwi Ears Orchestra Lite	in-ear/Kiwi Ears Orchestra Lite (Super Review).csv	Super Review	711	in-ear	1
Kiwi Ears Orchestra	in-ear/Kiwi Ears Orchestra.csv	Super Review	711	in-ear	1
Kiwi Ears Quartet (off-off)	in-ear/Kiwi Ears Quartet (off-off) (Super Review).csv	Super Review	711	in-ear	1
Kiwi Ears Quartet (off-on)	in-ear/Kiwi Ears Quartet (off-on) (Super Review).csv	Super Review	711	in-ear	1
Kiwi Ears Quartet (on-off)	in-ear/Kiwi Ears Quartet (on-off) (Super Review).csv	Super Review	711	in-ear	1
Kiwi Ears Quartet (on-on)	in-ear/Kiwi Ears Quartet (on-on) (Super Review).csv	Super Review	711	in-ear	1
Kiwi Ears Quintet	in-ear/Kiwi Ears Quintet (Super Review).csv	Super Review	711	in-ear	1
Kiwi Ears x Crinacle Singolo	in-ear/Kiwi Ears x Crinacle Singolo (Super Review).csv	Super Review	711	in-ear	1
Koss KEB90	in-ear/Koss KEB90.csv	Super Review	711	in-ear	1
KZ AS06	in-ear/KZ AS06.csv	Super Review	711	in-ear	1
KZ AS10	in-ear/KZ AS10 (Super Review).csv	Super Review	711	in-ear	1
KZ AST	in-ear/KZ AST (Super Review).csv	Super Review	711	in-ear	1
KZ ASX	in-ear/KZ ASX.csv	Super Review	711	in-ear	1
KZ ATE	in-ear/KZ ATE (Super Review).csv	Super Review	711	in-ear	1
KZ Castor (off-off-off-off)	in-ear/KZ Castor (off-off-off-off) (Super Review).csv	Super Review	711	in-ear	1
KZ Castor (off-off-on-on)	in-ear/KZ Castor (off-off-on-on) (Super Review).csv	Super Review	711	in-ear	1
KZ Castor (on-n-off-off)	in-ear/KZ Castor (on-n-off-off).csv	Super Review	711	in-ear	1
KZ Castor (on-on-on-on)	in-ear/KZ Castor (on-on-on-on) (Super Review).csv	Super Review	711	in-ear	1
KZ D-FI (off-off-off-off)	in-ear/KZ D-FI (off-off-off-off) (Super Review).csv	Super Review	711	in-ear	1
KZ D-FI (off-off-off-on)	in-ear/KZ D-FI (off-off-off-on).csv	Super Review	711	in-ear	1
KZ D-FI (on-off-off-off)	in-ear/KZ D-FI (on-off-off-off) (Super Review).csv	Super Review	711	in-ear	1
KZ D-FI (on-on-off-off)	in-ear/KZ D-FI (on-on-off-off) (Super Review).csv	Super Review	711	in-ear	1
KZ D-FI (on-on-on-off)	in-ear/KZ D-FI (on-on-on-off) (Super Review).csv	Super Review	711	in-ear	1
KZ D-FI (on-on-on-on)	in-ear/KZ D-FI (on-on-on-on) (Super Review).csv	Super Review	711	in-ear	1
KZ DQ6	in-ear/KZ DQ6 (Super Review).csv	Super Review	711	in-ear	1
KZ EDX Pro	in-ear/KZ EDX Pro (Super Review).csv	Super Review	711	in-ear	1
KZ PR1 Pro	in-ear/KZ PR1 Pro.csv	Super Review	711	in-ear	1
KZ SK10	in-ear/KZ SK10.csv	Super Review	711	in-ear	1
KZ x Crinacle CRN	in-ear/KZ x Crinacle CRN (Super Review).csv	Super Review	711	in-ear	1
KZ x HBB PR2	in-ear/KZ x HBB PR2 (Super Review).csv	Super Review	711	in-ear	1
KZ ZEX	in-ear/KZ ZEX (Super Review).csv	Super Review	711	in-ear	1
KZ ZS10 Pro X	in-ear/KZ ZS10 Pro X.csv	Super Review	711	in-ear	1
KZ ZS10 Pro	in-ear/KZ ZS10 Pro (Super Review).csv	Super Review	711	in-ear	1
KZ ZS10	in-ear/KZ ZS10 (Super Review).csv	Super Review	711	in-ear	1
KZ ZS7	in-ear/KZ ZS7 (Super Review).csv	Super Review	711	in-ear	1
KZ ZSN Pro	in-ear/KZ ZSN Pro (Super Review).csv	Super Review	711	in-ear	1
LG Tone Ultra (ANC off)	in-ear/LG Tone Ultra (ANC off).csv	Super Review	711	in-ear	1
LG Tone Ultra (ANC on)	in-ear/LG Tone Ultra (ANC on).csv	Super Review	711	in-ear	1
Lime Ears Maris	in-ear/Lime Ears Maris (Super Review).csv	Super Review	711	in-ear	1
Lime Ears Terra	in-ear/Lime Ears Terra (Super Review).csv	Super Review	711	in-ear	1
Magaosi K3 (cross filter)	in-ear/Magaosi K3 (cross filter).csv	Super Review	711	in-ear	1
Magaosi K3 (harsh filter)	in-ear/Magaosi K3 (harsh filter).csv	Super Review	711	in-ear	1
Magaosi K3 (no filter)	in-ear/Magaosi K3 (no filter).csv	Super Review	711	in-ear	1
Magaosi K3	in-ear/Magaosi K3.csv	Super Review	711	in-ear	1
Magaosi K5 (15 ohm adapter, IEMatch, high)	in-ear/Magaosi K5 (15 ohm adapter, IEMatch, high).csv	Super Review	711	in-ear	1
Magaosi K5 (15 ohm adapter, iFi IEMatch, ultra)	in-ear/Magaosi K5 (15 ohm adapter, iFi IEMatch, ultra).csv	Super Review	711	in-ear	1
Magaosi K5	in-ear/Magaosi K5.csv	Super Review	711	in-ear	1
Mangird Tea	in-ear/Mangird Tea (Super Review).csv	Super Review	711	in-ear	1
Massdrop Plus Universal IEM	in-ear/Massdrop Plus Universal IEM (Super Review).csv	Super Review	711	in-ear	1
MEE Audio M6 Pro 2nd Generation	in-ear/MEE Audio M6 Pro 2nd Generation.csv	Super Review	711	in-ear	1
Meizu Live (black filter)	in-ear/Meizu Live (black filter).csv	Super Review	711	in-ear	1
Meizu Live (blue filter)	in-ear/Meizu Live (blue filter).csv	Super Review	711	in-ear	1
Meizu Live (white filter)	in-ear/Meizu Live (white filter).csv	Super Review	711	in-ear	1
Meze Alba	in-ear/Meze Alba (Super Review).csv	Super Review	711	in-ear	1
MiM Audio Dark Magician (revised)	in-ear/MiM Audio Dark Magician (revised).csv	Super Review	711	in-ear	1
MiM Audio Dark Magician	in-ear/MiM Audio Dark Magician (Super Review).csv	Super Review	711	in-ear	1
Monoprice Quartet	in-ear/Monoprice Quartet.csv	Super Review	711	in-ear	1
Moondrop Alice (default EQ)	in-ear/Moondrop Alice (default EQ).csv	Super Review	711	in-ear	1
Moondrop Aria 2	in-ear/Moondrop Aria 2 (Super Review).csv	Super Review	711	in-ear	1
Moondrop Aria Snow Edition	in-ear/Moondrop Aria Snow Edition (Super Review).csv	Super Review	711	in-ear	1
Moondrop Aria	in-ear/Moondrop Aria (Super Review).csv	Super Review	711	in-ear	1
Moondrop Blessing 3	in-ear/Moondrop Blessing 3 (Super Review).csv	Super Review	711	in-ear	1
Moondrop BLOCK	in-ear/Moondrop BLOCK (Super Review).csv	Super Review	KB006x + 711	in-ear	1
Moondrop Chu 2	in-ear/Moondrop Chu 2 (Super Review).csv	Super Review	711	in-ear	1
Moondrop Chu	in-ear/Moondrop Chu (Super Review).csv	Super Review	711	in-ear	1
Moondrop Concerto	in-ear/Moondrop Concerto (Super Review).csv	Super Review	711	in-ear	1
Moondrop Crescent	in-ear/Moondrop Crescent (Super Review).csv	Super Review	711	in-ear	1
Moondrop Darksaber	in-ear/Moondrop Darksaber (Super Review).csv	Super Review	711	in-ear	1
Moondrop Droplet	in-ear/Moondrop Droplet (Super Review).csv	Super Review	711	in-ear	1
Moondrop Golden Ages (monitor eq)	in-ear/Moondrop Golden Ages (monitor eq) (Super Review).csv	Super Review	711	in-ear	1
Moondrop Harmon	in-ear/Moondrop Harmon (Super Review).csv	Super Review	711	in-ear	1
Moondrop Illumination	in-ear/Moondrop Illumination.csv	Super Review	711	in-ear	1
Moondrop ILLUSTRIOUS	in-ear/Moondrop ILLUSTRIOUS (Super Review).csv	Super Review	711	in-ear	1
Moondrop Jiu	in-ear/Moondrop Jiu (Super Review).csv	Super Review	711	in-ear	1
Moondrop Kadenz (long nozzle)	in-ear/Moondrop Kadenz (long nozzle).csv	Super Review	711	in-ear	1
Moondrop Kadenz (medium nozzle)	in-ear/Moondrop Kadenz (medium nozzle).csv	Super Review	711	in-ear	1
Moondrop Kadenz (short nozzle)	in-ear/Moondrop Kadenz (short nozzle).csv	Super Review	711	in-ear	1
Moondrop Kanas Pro	in-ear/Moondrop Kanas Pro (Super Review).csv	Super Review	711	in-ear	1
Moondrop Kato (gold nozzle)	in-ear/Moondrop Kato (gold nozzle) (Super Review).csv	Super Review	711	in-ear	1
Moondrop Kato (silver nozzle)	in-ear/Moondrop Kato (silver nozzle) (Super Review).csv	Super Review	711	in-ear	1
Moondrop KXXS	in-ear/Moondrop KXXS (Super Review).csv	Super Review	711	in-ear	1
Moondrop KXXX	in-ear/Moondrop KXXX (Super Review).csv	Super Review	711	in-ear	1
Moondrop LAN	in-ear/Moondrop LAN (Super Review).csv	Super Review	711	in-ear	1
Moondrop May (3.5 mm)	in-ear/Moondrop May (3.5 mm) (Super Review).csv	Super Review	711	in-ear	1
Moondrop May	in-ear/Moondrop May (Super Review).csv	Super Review	711	in-ear	1
Moondrop Meteor (wide bore eartips)	in-ear/Moondrop Meteor (wide bore eartips).csv	Super Review	711	in-ear	1
Moondrop Meteor	in-ear/Moondrop Meteor (Super Review).csv	Super Review	711	in-ear	1
Moondrop Moca (reference)	in-ear/Moondrop Moca (reference).csv	Super Review	711	in-ear	1
Moondrop Moca (standard)	in-ear/Moondrop Moca (standard).csv	Super Review	711	in-ear	1
Moondrop Nekocake (ANC off)	in-ear/Moondrop Nekocake (ANC off).csv	Super Review	711	in-ear	1
Moondrop Nekocake (ANC on)	in-ear/Moondrop Nekocake (ANC on).csv	Super Review	711	in-ear	1
Moondrop Quark 2	in-ear/Moondrop Quark 2 (Super Review).csv	Super Review	711	in-ear	1
Moondrop Quarks DSP	in-ear/Moondrop Quarks DSP (Super Review).csv	Super Review	711	in-ear	1
Moondrop Quarks	in-ear/Moondrop Quarks (Super Review).csv	Super Review	711	in-ear	1
Moondrop Rays (analog)	in-ear/Moondrop Rays (analog).csv	Super Review	711	in-ear	1
Moondrop Rays	in-ear/Moondrop Rays.csv	Super Review	711	in-ear	1
Moondrop S8	in-ear/Moondrop S8 (Super Review).csv	Super Review	711	in-ear	1
Moondrop Solis 2	in-ear/Moondrop Solis 2.csv	Super Review	711	in-ear	1
Moondrop Solis	in-ear/Moondrop Solis.csv	Super Review	711	in-ear	1
Moondrop Space Travel 2 (ANC off)	in-ear/Moondrop Space Travel 2 (ANC off).csv	Super Review	711	in-ear	1
Moondrop Space Travel 2	in-ear/Moondrop Space Travel 2.csv	Super Review	711	in-ear	1
Moondrop Spaceship	in-ear/Moondrop Spaceship (Super Review).csv	Super Review	711	in-ear	1
Moondrop Sparks	in-ear/Moondrop Sparks.csv	Super Review	711	in-ear	1
Moondrop SSP	in-ear/Moondrop SSP (Super Review).csv	Super Review	711	in-ear	1
Moondrop SSR (Ostry 0S100 eartips)	in-ear/Moondrop SSR (Ostry 0S100 eartips).csv	Super Review	711	in-ear	1
Moondrop SSR (Ostry 0S200 eartips)	in-ear/Moondrop SSR (Ostry 0S200 eartips).csv	Super Review	711	in-ear	1
Moondrop SSR (Ostry 0S300 eartips)	in-ear/Moondrop SSR (Ostry 0S300 eartips).csv	Super Review	711	in-ear	1
Moondrop SSR	in-ear/Moondrop SSR (Super Review).csv	Super Review	711	in-ear	1
Moondrop Stardust	in-ear/Moondrop Stardust.csv	Super Review	711	in-ear	1
Moondrop Starfield 2 (bass plug)	in-ear/Moondrop Starfield 2 (bass plug).csv	Super Review	711	in-ear	1
Moondrop Starfield 2 (Spinfit CP-145 eartips)	in-ear/Moondrop Starfield 2 (Spinfit CP-145 eartips).csv	Super Review	711	in-ear	1
Moondrop Starfield 2	in-ear/Moondrop Starfield 2 (Super Review).csv	Super Review	711	in-ear	1
Moondrop Starfield	in-ear/Moondrop Starfield (Super Review).csv	Super Review	711	in-ear	1
Moondrop Stellaris	in-ear/Moondrop Stellaris (Super Review).csv	Super Review	711	in-ear	1
Moondrop Ultrasonic (reference EQ)	in-ear/Moondrop Ultrasonic (reference EQ) (Super Review).csv	Super Review	711	in-ear	1
Moondrop Variations	in-ear/Moondrop Variations (Super Review).csv	Super Review	711	in-ear	1
Moondrop Voyager	in-ear/Moondrop Voyager.csv	Super Review	711	in-ear	1
Moondrop x Crinacle Blessing2 Dusk	in-ear/Moondrop x Crinacle Blessing2 Dusk (Super Review).csv	Super Review	711	in-ear	1
Moondrop x Crinacle DUSK	in-ear/Moondrop x Crinacle DUSK (Super Review).csv	Super Review	711	in-ear	1
MYER-AUDIO CKLVX D62	in-ear/MYER-AUDIO CKLVX D62 (Super Review).csv	Super Review	711	in-ear	1
NF ACOUS NA2+ (Atmosphere eartips)	in-ear/NF ACOUS NA2+ (Atmosphere eartips).csv	Super Review	711	in-ear	1
NF ACOUS NA2+ (Balanced eartips)	in-ear/NF ACOUS NA2+ (Balanced eartips).csv	Super Review	711	in-ear	1
NF ACOUS NA2+ (Final Audio Type E eartips	in-ear/NF ACOUS NA2+ (Final Audio Type E eartips.csv	Super Review	711	in-ear	1
NF ACOUS NM2	in-ear/NF ACOUS NM2 (Super Review).csv	Super Review	711	in-ear	1
NF ACOUS RA15 (gold nozzle)	in-ear/NF ACOUS RA15 (gold nozzle) (Super Review).csv	Super Review	711	in-ear	1
NF ACOUS RA15 (silver nozzle)	in-ear/NF ACOUS RA15 (silver nozzle) (Super Review).csv	Super Review	711	in-ear	1
NiceHCK NX8	in-ear/NiceHCK NX8 (Super Review).csv	Super Review	711	in-ear	1
NiceHCK Topguy	in-ear/NiceHCK Topguy (Super Review).csv	Super Review	711	in-ear	1
Night Oblivion Butastur (off-off)	in-ear/Night Oblivion Butastur (off-off) (Super Review).csv	Super Review	711	in-ear	1
Night Oblivion Butastur (off-on)	in-ear/Night Oblivion Butastur (off-on) (Super Review).csv	Super Review	711	in-ear	1
Night Oblivion Butastur (on-off)	in-ear/Night Oblivion Butastur (on-off) (Super Review).csv	Super Review	711	in-ear	1
Night Oblivion Butastur (on-on)	in-ear/Night Oblivion Butastur (on-on) (Super Review).csv	Super Review	711	in-ear	1
Nightjar Singularity	in-ear/Nightjar Singularity (Super Review).csv	Super Review	711	in-ear	1
Nothing ear (2)	in-ear/Nothing ear (2) (Super Review).csv	Super Review	711	in-ear	1
OpenAudio Mercury	in-ear/OpenAudio Mercury.csv	Super Review	711	in-ear	1
OpenAudio Siren	in-ear/OpenAudio Siren.csv	Super Review	711	in-ear	1
Oriolus Mk2	in-ear/Oriolus Mk2.csv	Super Review	711	in-ear	1
Oriolus Traillii	in-ear/Oriolus Traillii.csv	Super Review	711	in-ear	1
Oriveti bleqk Dynabird	in-ear/Oriveti bleqk Dynabird.csv	Super Review	711	in-ear	1
Penon Fan 3 (off)	in-ear/Penon Fan 3 (off).csv	Super Review	711	in-ear	1
Penon Fan 3 (on)	in-ear/Penon Fan 3 (on).csv	Super Review	711	in-ear	1
Philips SHE3590PK28	in-ear/Philips SHE3590PK28.csv	Super Review	711	in-ear	1
Phonak PFE 112	in-ear/Phonak PFE 112.csv	Super Review	711	in-ear	1
PMG Audio Apx SE	in-ear/PMG Audio Apx SE.csv	Super Review	711	in-ear	1
Prisma Audio Azul (AZLA Sedna eartips)	in-ear/Prisma Audio Azul (AZLA Sedna eartips).csv	Super Review	711	in-ear	1
Prisma Audio Azul (Final Audio Type E eartips)	in-ear/Prisma Audio Azul (Final Audio Type E eartips).csv	Super Review	711	in-ear	1
Prisma Audio Azul (JVC Spiral Dot eartips)	in-ear/Prisma Audio Azul (JVC Spiral Dot eartips).csv	Super Review	711	in-ear	1
Prisma Audio Azul (SpinFit eartips)	in-ear/Prisma Audio Azul (SpinFit eartips).csv	Super Review	711	in-ear	1
Prisma Audio Azul	in-ear/Prisma Audio Azul (Super Review).csv	Super Review	711	in-ear	1
PULA Anvil 114	in-ear/PULA Anvil 114 (Super Review).csv	Super Review	711	in-ear	1
qdc Anole V14 (off-off-off-off)	in-ear/qdc Anole V14 (off-off-off-off).csv	Super Review	711	in-ear	1
qdc Anole V14 (off-off-off-on)	in-ear/qdc Anole V14 (off-off-off-on).csv	Super Review	711	in-ear	1
qdc Anole V14 (off-off-on-off)	in-ear/qdc Anole V14 (off-off-on-off).csv	Super Review	711	in-ear	1
qdc Anole V14 (off-on-off-off)	in-ear/qdc Anole V14 (off-on-off-off).csv	Super Review	711	in-ear	1
qdc Anole V14 (on-off-off-off)	in-ear/qdc Anole V14 (on-off-off-off).csv	Super Review	711	in-ear	1
qdc Anole VX (off-off-off)	in-ear/qdc Anole VX (off-off-off).csv	Super Review	711	in-ear	1
qdc Anole VX (off-off-on)	in-ear/qdc Anole VX (off-off-on).csv	Super Review	711	in-ear	1
qdc Anole VX (off-on-off)	in-ear/qdc Anole VX (off-on-off).csv	Super Review	711	in-ear	1
qdc Anole VX (on-off-off)	in-ear/qdc Anole VX (on-off-off).csv	Super Review	711	in-ear	1
qdc Neptune	in-ear/qdc Neptune.csv	Super Review	711	in-ear	1
qdc Uranus	in-ear/qdc Uranus.csv	Super Review	711	in-ear	1
QKZ x HBB Hades	in-ear/QKZ x HBB Hades (Super Review).csv	Super Review	711	in-ear	1
QKZ x HBB	in-ear/QKZ x HBB.csv	Super Review	711	in-ear	1
Radius HP-NEF11	in-ear/Radius HP-NEF11.csv	Super Review	711	in-ear	1
Raptgo Hook	in-ear/Raptgo Hook.csv	Super Review	711	in-ear	1
Samsung Earphones Tuned by AKG (2019)	in-ear/Samsung Earphones Tuned by AKG (2019).csv	Super Review	711	in-ear	1
Samsung Earphones Tuned by AKG	in-ear/Samsung Earphones Tuned by AKG.csv	Super Review	711	in-ear	1
Samsung Galaxy Buds Plus	in-ear/Samsung Galaxy Buds Plus (Super Review).csv	Super Review	711	in-ear	1
Samsung Galaxy Buds2 Pro	in-ear/Samsung Galaxy Buds2 Pro (Super Review).csv	Super Review	711	in-ear	1
SeeAudio Bravery	in-ear/SeeAudio Bravery (Super Review).csv	Super Review	711	in-ear	1
SeeAudio x Crinacle Yume Midnight	in-ear/SeeAudio x Crinacle Yume Midnight (Super Review).csv	Super Review	711	in-ear	1
SeeAudio Yume	in-ear/SeeAudio Yume (Super Review).csv	Super Review	711	in-ear	1
Sennheiser IE 200 (AZLA Max eartips)	in-ear/Sennheiser IE 200 (AZLA Max eartips).csv	Super Review	711	in-ear	1
Sennheiser IE 200 (JVC Spiral Dot++ eartips)	in-ear/Sennheiser IE 200 (JVC Spiral Dot++ eartips).csv	Super Review	711	in-ear	1
Sennheiser IE 200 (long nozzle)	in-ear/Sennheiser IE 200 (long nozzle) (Super Review).csv	Super Review	711	in-ear	1
Sennheiser IE 200 (short nozzle)	in-ear/Sennheiser IE 200 (short nozzle) (Super Review).csv	Super Review	711	in-ear	1
Sennheiser IE 200 (SoftEars UC eartips)	in-ear/Sennheiser IE 200 (SoftEars UC eartips).csv	Super Review	711	in-ear	1
Sennheiser IE 300 (AZLA Sedna Light eartips)	in-ear/Sennheiser IE 300 (AZLA Sedna Light eartips).csv	Super Review	711	in-ear	1
Sennheiser IE 300 (Final Audio Type E eartips)	in-ear/Sennheiser IE 300 (Final Audio Type E eartips).csv	Super Review	711	in-ear	1
Sennheiser IE 300	in-ear/Sennheiser IE 300 (Super Review).csv	Super Review	711	in-ear	1
Sennheiser IE 40 Pro	in-ear/Sennheiser IE 40 Pro (Super Review).csv	Super Review	711	in-ear	1
Sennheiser IE 600 (AZLA Sedna eartips)	in-ear/Sennheiser IE 600 (AZLA Sedna eartips).csv	Super Review	711	in-ear	1
Sennheiser IE 600 (Final Audio Type E eartips)	in-ear/Sennheiser IE 600 (Final Audio Type E eartips).csv	Super Review	711	in-ear	1
Sennheiser IE 600 (foam eartips)	in-ear/Sennheiser IE 600 (foam eartips) (Super Review).csv	Super Review	711	in-ear	1
Sennheiser IE 600 (Moondrop Spring eartips)	in-ear/Sennheiser IE 600 (Moondrop Spring eartips).csv	Super Review	711	in-ear	1
Sennheiser IE 600 (silicone eartips)	in-ear/Sennheiser IE 600 (silicone eartips) (Super Review).csv	Super Review	711	in-ear	1
Sennheiser IE 600 (Spinfit eartips)	in-ear/Sennheiser IE 600 (Spinfit eartips).csv	Super Review	711	in-ear	1
Sennheiser IE 900 (Final Audio Type E eartips)	in-ear/Sennheiser IE 900 (Final Audio Type E eartips).csv	Super Review	711	in-ear	1
Sennheiser IE 900	in-ear/Sennheiser IE 900 (Super Review).csv	Super Review	711	in-ear	1
Sennheiser Momentum True Wireless 2	in-ear/Sennheiser Momentum True Wireless 2 (Super Review).csv	Super Review	711	in-ear	1
Sennheiser Momentum True Wireless 3	in-ear/Sennheiser Momentum True Wireless 3 (Super Review).csv	Super Review	711	in-ear	1
Shanling ME700 Lite	in-ear/Shanling ME700 Lite.csv	Super Review	711	in-ear	1
Shozy & Neo CP	in-ear/Shozy & Neo CP.csv	Super Review	711	in-ear	1
Shozy Rouge	in-ear/Shozy Rouge.csv	Super Review	711	in-ear	1
Shuoer Cadenza 12	in-ear/Shuoer Cadenza 12 (Super Review).csv	Super Review	711	in-ear	1
Shuoer Cadenza 4	in-ear/Shuoer Cadenza 4 (Super Review).csv	Super Review	711	in-ear	1
Shuoer Cadenza	in-ear/Shuoer Cadenza.csv	Super Review	711	in-ear	1
Shuoer D13 (gold nozzle)	in-ear/Shuoer D13 (gold nozzle) (Super Review).csv	Super Review	711	in-ear	1
Shuoer D13 (silver nozzle)	in-ear/Shuoer D13 (silver nozzle) (Super Review).csv	Super Review	711	in-ear	1
Shuoer Dx1	in-ear/Shuoer Dx1 (Super Review).csv	Super Review	711	in-ear	1
Shuoer DZ4	in-ear/Shuoer DZ4 (Super Review).csv	Super Review	711	in-ear	1
Shuoer EJ07M Kinda Lava Edition	in-ear/Shuoer EJ07M Kinda Lava Edition (Super Review).csv	Super Review	711	in-ear	1
Shuoer EJ07M	in-ear/Shuoer EJ07M (Super Review).csv	Super Review	711	in-ear	1
Shuoer Galileo	in-ear/Shuoer Galileo (Super Review).csv	Super Review	711	in-ear	1
Shuoer Mystic 8 (black eartips)	in-ear/Shuoer Mystic 8 (black eartips).csv	Super Review	711	in-ear	1
Shuoer Mystic 8 (clear eartips)	in-ear/Shuoer Mystic 8 (clear eartips).csv	Super Review	711	in-ear	1
Shuoer Mystic 8 (wide eartips)	in-ear/Shuoer Mystic 8 (wide eartips).csv	Super Review	711	in-ear	1
Shuoer S08	in-ear/Shuoer S08 (Super Review).csv	Super Review	711	in-ear	1
Shuoer S12	in-ear/Shuoer S12 (Super Review).csv	Super Review	711	in-ear	1
Shuoer S15	in-ear/Shuoer S15 (Super Review).csv	Super Review	711	in-ear	1
Shuoer Singer	in-ear/Shuoer Singer.csv	Super Review	711	in-ear	1
Shure SE215	in-ear/Shure SE215 (Super Review).csv	Super Review	711	in-ear	1
Simgot Audio EA1000 (black nozzle)	in-ear/Simgot Audio EA1000 (black nozzle) (Super Review).csv	Super Review	711	in-ear	1
Simgot Audio EA1000 (red nozzle)	in-ear/Simgot Audio EA1000 (red nozzle) (Super Review).csv	Super Review	711	in-ear	1
Simgot Audio EA1000 (white nozzle)	in-ear/Simgot Audio EA1000 (white nozzle).csv	Super Review	711	in-ear	1
Simgot Audio EA500 (black nozzle)	in-ear/Simgot Audio EA500 (black nozzle) (Super Review).csv	Super Review	711	in-ear	1
Simgot Audio EA500 (red nozzle)	in-ear/Simgot Audio EA500 (red nozzle) (Super Review).csv	Super Review	711	in-ear	1
Simgot Audio EA500LM (gold nozzle)	in-ear/Simgot Audio EA500LM (gold nozzle) (Super Review).csv	Super Review	711	in-ear	1
Simgot Audio EM6L	in-ear/Simgot Audio EM6L (Super Review).csv	Super Review	711	in-ear	1
Simgot Audio EN700 Pro	in-ear/Simgot Audio EN700 Pro (Super Review).csv	Super Review	711	in-ear	1
Simgot Audio SuperMix 4	in-ear/Simgot Audio SuperMix 4 (Super Review).csv	Super Review	711	in-ear	1
Sivga Nightingale	in-ear/Sivga Nightingale (Super Review).csv	Super Review	711	in-ear	1
Sivga Que	in-ear/Sivga Que (Super Review).csv	Super Review	711	in-ear	1
SoftEars Enigma	in-ear/SoftEars Enigma.csv	Super Review	711	in-ear	1
SoftEars RSV	in-ear/SoftEars RSV (Super Review).csv	Super Review	711	in-ear	1
SoftEars Studio 2	in-ear/SoftEars Studio 2 (Super Review).csv	Super Review	711	in-ear	1
SoftEars Studio 4	in-ear/SoftEars Studio 4 (Super Review).csv	Super Review	711	in-ear	1
SoftEars Studio4 Starry Version	in-ear/SoftEars Studio4 Starry Version.csv	Super Review	711	in-ear	1
SoftEars Volume S (high impedance)	in-ear/SoftEars Volume S (high impedance).csv	Super Review	711	in-ear	1
SoftEars Volume S (low impedance)	in-ear/SoftEars Volume S (low impedance).csv	Super Review	711	in-ear	1
SoftEars Volume	in-ear/SoftEars Volume (Super Review).csv	Super Review	711	in-ear	1
Soncie Meory SW500H	in-ear/Soncie Meory SW500H.csv	Super Review	711	in-ear	1
Sony IER-NW510N	in-ear/Sony IER-NW510N.csv	Super Review	711	in-ear	1
Sony IER-Z1R (AZLA Sedna eartips)	in-ear/Sony IER-Z1R (AZLA Sedna eartips).csv	Super Review	711	in-ear	1
Sony IER-Z1R (Symbio eartips)	in-ear/Sony IER-Z1R (Symbio eartips).csv	Super Review	711	in-ear	1
Sony IER-Z1R	in-ear/Sony IER-Z1R (Super Review).csv	Super Review	711	in-ear	1
Sony MDR-AS800	in-ear/Sony MDR-AS800.csv	Super Review	711	in-ear	1
Sony MDR-EX15LP	in-ear/Sony MDR-EX15LP (Super Review).csv	Super Review	711	in-ear	1
Sony MH1	in-ear/Sony MH1 (Super Review).csv	Super Review	711	in-ear	1
Sony MH755	in-ear/Sony MH755 (Super Review).csv	Super Review	711	in-ear	1
Sony WF-1000XM3	in-ear/Sony WF-1000XM3 (Super Review).csv	Super Review	711	in-ear	1
Sony WF-1000XM4 (ANC off)	in-ear/Sony WF-1000XM4 (ANC off).csv	Super Review	711	in-ear	1
Sony WF-1000XM4 (ANC on)	in-ear/Sony WF-1000XM4 (ANC on).csv	Super Review	711	in-ear	1
Sony WF-1000XM4 (AZLA Sedna Light Short eartips)	in-ear/Sony WF-1000XM4 (AZLA Sedna Light Short eartips).csv	Super Review	711	in-ear	1
Sony WF-1000XM4 (Bass Boost preset)	in-ear/Sony WF-1000XM4 (Bass Boost preset).csv	Super Review	711	in-ear	1
Sony WF-1000XM4 (Bright preset)	in-ear/Sony WF-1000XM4 (Bright preset).csv	Super Review	711	in-ear	1
Sony WF-1000XM4 (EQ off)	in-ear/Sony WF-1000XM4 (EQ off).csv	Super Review	711	in-ear	1
Sony WF-1000XM4 (Excited preset)	in-ear/Sony WF-1000XM4 (Excited preset).csv	Super Review	711	in-ear	1
Sony WF-1000XM4 (Final Audio Type E eartips)	in-ear/Sony WF-1000XM4 (Final Audio Type E eartips).csv	Super Review	711	in-ear	1
Sony WF-1000XM4 (Mellow preset)	in-ear/Sony WF-1000XM4 (Mellow preset).csv	Super Review	711	in-ear	1
Sony WF-1000XM4 (Relaxed preset)	in-ear/Sony WF-1000XM4 (Relaxed preset).csv	Super Review	711	in-ear	1
Sony WF-1000XM4 (Sony WF-1000XM3 silicone eartips)	in-ear/Sony WF-1000XM4 (Sony WF-1000XM3 silicone eartips).csv	Super Review	711	in-ear	1
Sony WF-1000XM4 (Speech preset)	in-ear/Sony WF-1000XM4 (Speech preset).csv	Super Review	711	in-ear	1
Sony WF-1000XM4 (SpinFit eartips)	in-ear/Sony WF-1000XM4 (SpinFit eartips).csv	Super Review	711	in-ear	1
Sony WF-1000XM4 (Tanchjim APB eartips)	in-ear/Sony WF-1000XM4 (Tanchjim APB eartips).csv	Super Review	711	in-ear	1
Sony WF-1000XM4 (Treble Boost preset)	in-ear/Sony WF-1000XM4 (Treble Boost preset).csv	Super Review	711	in-ear	1
Sony WF-1000XM4 (Vocal preset)	in-ear/Sony WF-1000XM4 (Vocal preset).csv	Super Review	711	in-ear	1
Sony WF-1000XM5	in-ear/Sony WF-1000XM5 (Super Review).csv	Super Review	711	in-ear	1
Sony XBA-A3	in-ear/Sony XBA-A3 (Super Review).csv	Super Review	711	in-ear	1
Sony XBA-N3	in-ear/Sony XBA-N3 (Super Review).csv	Super Review	711	in-ear	1
Status Audio IEM-2X	in-ear/Status Audio IEM-2X.csv	Super Review	711	in-ear	1
Symphonium Audio Helios SE	in-ear/Symphonium Audio Helios SE (Super Review).csv	Super Review	711	in-ear	1
Symphonium Audio Helios	in-ear/Symphonium Audio Helios (Super Review).csv	Super Review	711	in-ear	1
Symphonium Audio Meteor	in-ear/Symphonium Audio Meteor (Super Review).csv	Super Review	711	in-ear	1
Symphonium Audio Titan	in-ear/Symphonium Audio Titan.csv	Super Review	711	in-ear	1
Symphonium Audio Triton	in-ear/Symphonium Audio Triton.csv	Super Review	711	in-ear	1
Tanchjim 4U (atmophere)	in-ear/Tanchjim 4U (atmophere) (Super Review).csv	Super Review	711	in-ear	1
Tanchjim 4U (monitoring)	in-ear/Tanchjim 4U (monitoring) (Super Review).csv	Super Review	711	in-ear	1
Tanchjim 4U (natural)	in-ear/Tanchjim 4U (natural) (Super Review).csv	Super Review	711	in-ear	1
Tanchjim 4U (pop)	in-ear/Tanchjim 4U (pop) (Super Review).csv	Super Review	711	in-ear	1
Tanchjim Bunny (analog)	in-ear/Tanchjim Bunny (analog).csv	Super Review	711	in-ear	1
Tanchjim Bunny (USB)	in-ear/Tanchjim Bunny (USB).csv	Super Review	711	in-ear	1
Tanchjim Darling	in-ear/Tanchjim Darling (Super Review).csv	Super Review	711	in-ear	1
Tanchjim Echo	in-ear/Tanchjim Echo (Super Review).csv	Super Review	711	in-ear	1
Tanchjim Fission (gold nozzle, atmosphere switch)	in-ear/Tanchjim Fission (gold nozzle, atmosphere switch).csv	Super Review	711	in-ear	1
Tanchjim Fission (nickel nozzle, atmosphere switch)	in-ear/Tanchjim Fission (nickel nozzle, atmosphere switch).csv	Super Review	711	in-ear	1
Tanchjim Fission (silver nozzle, atmosphere switch)	in-ear/Tanchjim Fission (silver nozzle, atmosphere switch).csv	Super Review	711	in-ear	1
Tanchjim Fission (silver nozzle, monitoring switch)	in-ear/Tanchjim Fission (silver nozzle, monitoring switch).csv	Super Review	711	in-ear	1
Tanchjim Fission (silver nozzle, natural switch)	in-ear/Tanchjim Fission (silver nozzle, natural switch).csv	Super Review	711	in-ear	1
Tanchjim Fission (silver nozzle, pop switch)	in-ear/Tanchjim Fission (silver nozzle, pop switch).csv	Super Review	711	in-ear	1
Tanchjim Hana (AZLA Sedna Light eartips)	in-ear/Tanchjim Hana (AZLA Sedna Light eartips).csv	Super Review	711	in-ear	1
Tanchjim Hana (Final Audio Type E eartips)	in-ear/Tanchjim Hana (Final Audio Type E eartips).csv	Super Review	711	in-ear	1
Tanchjim Hana 2021	in-ear/Tanchjim Hana 2021.csv	Super Review	711	in-ear	1
Tanchjim Hana	in-ear/Tanchjim Hana (Super Review).csv	Super Review	711	in-ear	1
Tanchjim Kara	in-ear/Tanchjim Kara (Super Review).csv	Super Review	711	in-ear	1
Tanchjim Ola (no filter)	in-ear/Tanchjim Ola (no filter).csv	Super Review	711	in-ear	1
Tanchjim Ola	in-ear/Tanchjim Ola (Super Review).csv	Super Review	711	in-ear	1
Tanchjim ONE (3.5 mm cable)	in-ear/Tanchjim ONE (3.5 mm cable).csv	Super Review	711	in-ear	1
Tanchjim One (USB)	in-ear/Tanchjim One (USB).csv	Super Review	711	in-ear	1
Tanchjim Origin (D nozzle)	in-ear/Tanchjim Origin (D nozzle).csv	Super Review	711	in-ear	1
Tanchjim Origin (L nozzle)	in-ear/Tanchjim Origin (L nozzle).csv	Super Review	711	in-ear	1
Tanchjim Origin (S nozzle)	in-ear/Tanchjim Origin (S nozzle).csv	Super Review	711	in-ear	1
Tanchjim Oxygen	in-ear/Tanchjim Oxygen (Super Review).csv	Super Review	711	in-ear	1
Tanchjim Prism (bass eartips)	in-ear/Tanchjim Prism (bass eartips).csv	Super Review	711	in-ear	1
Tanchjim Prism (treble eartips)	in-ear/Tanchjim Prism (treble eartips).csv	Super Review	711	in-ear	1
Tanchjim Tanya	in-ear/Tanchjim Tanya (Super Review).csv	Super Review	711	in-ear	1
Tanchjim Zero	in-ear/Tanchjim Zero (Super Review).csv	Super Review	711	in-ear	1
TANGZU Wan'er S.G	in-ear/TANGZU Wan'er S.G (Super Review).csv	Super Review	711	in-ear	1
TANGZU x HBB Zetian Wu Heyday Edition	in-ear/TANGZU x HBB Zetian Wu Heyday Edition (Super Review).csv	Super Review	711	in-ear	1
TANGZU Zetian Wu	in-ear/TANGZU Zetian Wu (Super Review).csv	Super Review	711	in-ear	1
Tansio Mirai Shock (yellow 0, brown 0)	in-ear/Tansio Mirai Shock (yellow 0, brown 0).csv	Super Review	711	in-ear	1
Tansio Mirai Shock (yellow 0, brown 4)	in-ear/Tansio Mirai Shock (yellow 0, brown 4).csv	Super Review	711	in-ear	1
Tansio Mirai Shock (yellow 4, brown 0)	in-ear/Tansio Mirai Shock (yellow 4, brown 0).csv	Super Review	711	in-ear	1
Tansio Mirai Shock (yellow 4, brown 4)	in-ear/Tansio Mirai Shock (yellow 4, brown 4).csv	Super Review	711	in-ear	1
Tansio Mirai Spark (off-on-off)	in-ear/Tansio Mirai Spark (off-on-off).csv	Super Review	711	in-ear	1
Tansio Mirai Spark (on-on-off)	in-ear/Tansio Mirai Spark (on-on-off).csv	Super Review	711	in-ear	1
Tansio Mirai Spark (on-on-on)	in-ear/Tansio Mirai Spark (on-on-on).csv	Super Review	711	in-ear	1
TENHZ 3BA	in-ear/TENHZ 3BA.csv	Super Review	711	in-ear	1
TENHZ P4 Pro	in-ear/TENHZ P4 Pro.csv	Super Review	711	in-ear	1
TFZ No.3	in-ear/TFZ No.3 (Super Review).csv	Super Review	711	in-ear	1
TFZ T2 Galaxy	in-ear/TFZ T2 Galaxy (Super Review).csv	Super Review	711	in-ear	1
ThieAudio Clairvoyance	in-ear/ThieAudio Clairvoyance.csv	Super Review	711	in-ear	1
ThieAudio Elixir	in-ear/ThieAudio Elixir.csv	Super Review	711	in-ear	1
ThieAudio Hype 2	in-ear/ThieAudio Hype 2 (Super Review).csv	Super Review	711	in-ear	1
ThieAudio Hype 4	in-ear/ThieAudio Hype 4 (Super Review).csv	Super Review	711	in-ear	1
ThieAudio Legacy 2	in-ear/ThieAudio Legacy 2.csv	Super Review	711	in-ear	1
ThieAudio Legacy 4 (off-off)	in-ear/ThieAudio Legacy 4 (off-off).csv	Super Review	711	in-ear	1
ThieAudio Legacy 4 (on-on)	in-ear/ThieAudio Legacy 4 (on-on).csv	Super Review	711	in-ear	1
ThieAudio Legacy 5	in-ear/ThieAudio Legacy 5.csv	Super Review	711	in-ear	1
ThieAudio Monarch MKII (JVC Spring eartips)	in-ear/ThieAudio Monarch MKII (JVC Spring eartips).csv	Super Review	711	in-ear	1
ThieAudio Monarch MKII	in-ear/ThieAudio Monarch MKII (Super Review).csv	Super Review	711	in-ear	1
ThieAudio Monarch MKIII	in-ear/ThieAudio Monarch MKIII (Super Review).csv	Super Review	711	in-ear	1
ThieAudio Monarch	in-ear/ThieAudio Monarch (Super Review).csv	Super Review	711	in-ear	1
ThieAudio Oracle MKII	in-ear/ThieAudio Oracle MKII (Super Review).csv	Super Review	711	in-ear	1
ThieAudio Oracle MKIII	in-ear/ThieAudio Oracle MKIII.csv	Super Review	711	in-ear	1
ThieAudio Oracle	in-ear/ThieAudio Oracle (Super Review).csv	Super Review	711	in-ear	1
ThieAudio Origin	in-ear/ThieAudio Origin (Super Review).csv	Super Review	711	in-ear	1
Thinksound Rain3	in-ear/Thinksound Rain3.csv	Super Review	711	in-ear	1
Tin HiFi C0	in-ear/Tin HiFi C0 (Super Review).csv	Super Review	711	in-ear	1
Tin HiFi C1	in-ear/Tin HiFi C1.csv	Super Review	711	in-ear	1
Tin HiFi C2 2025	in-ear/Tin HiFi C2 2025.csv	Super Review	711	in-ear	1
Tin HiFi C2	in-ear/Tin HiFi C2 (Super Review).csv	Super Review	711	in-ear	1
Tin HiFi C3	in-ear/Tin HiFi C3 (Super Review).csv	Super Review	711	in-ear	1
Tin HiFi C5	in-ear/Tin HiFi C5.csv	Super Review	711	in-ear	1
Tin HiFi Dudu (analog)	in-ear/Tin HiFi Dudu (analog).csv	Super Review	711	in-ear	1
Tin HiFi Dudu (USB)	in-ear/Tin HiFi Dudu (USB).csv	Super Review	711	in-ear	1
Tin HiFi P1 Max	in-ear/Tin HiFi P1 Max (Super Review).csv	Super Review	711	in-ear	1
Tin HiFi P1 Plus	in-ear/Tin HiFi P1 Plus (Super Review).csv	Super Review	711	in-ear	1
Tin HiFi P1	in-ear/Tin HiFi P1 (Super Review).csv	Super Review	711	in-ear	1
Tin HiFi T2 DLC	in-ear/Tin HiFi T2 DLC (Super Review).csv	Super Review	711	in-ear	1
Tin HiFi T2 Evo	in-ear/Tin HiFi T2 Evo (Super Review).csv	Super Review	711	in-ear	1
Tin HiFi T2 Plus (AZLA Sedna Light Short eartips)	in-ear/Tin HiFi T2 Plus (AZLA Sedna Light Short eartips).csv	Super Review	711	in-ear	1
Tin HiFi T2 Plus	in-ear/Tin HiFi T2 Plus (Super Review).csv	Super Review	711	in-ear	1
Tin HiFi T2 Pro (Comply eartips with Waxguard)	in-ear/Tin HiFi T2 Pro (Comply eartips with Waxguard).csv	Super Review	711	in-ear	1
Tin HiFi T2 Pro (white grill, Comply eartips with Waxguard)	in-ear/Tin HiFi T2 Pro (white grill, Comply eartips with Waxguard).csv	Super Review	711	in-ear	1
Tin HiFi T2 Pro	in-ear/Tin HiFi T2 Pro.csv	Super Review	711	in-ear	1
Tin HiFi T2	in-ear/Tin HiFi T2 (Super Review).csv	Super Review	711	in-ear	1
Tin HiFi T3 Plus	in-ear/Tin HiFi T3 Plus (Super Review).csv	Super Review	711	in-ear	1
Tin HiFi T3	in-ear/Tin HiFi T3 (Super Review).csv	Super Review	711	in-ear	1
Tin HiFi T4 Plus	in-ear/Tin HiFi T4 Plus (Super Review).csv	Super Review	711	in-ear	1
Tin HiFi T4	in-ear/Tin HiFi T4 (Super Review).csv	Super Review	711	in-ear	1
Tin HiFi T5 (Comply eartips with Waxguard)	in-ear/Tin HiFi T5 (Comply eartips with Waxguard).csv	Super Review	711	in-ear	1
Tin HiFi T5	in-ear/Tin HiFi T5.csv	Super Review	711	in-ear	1
Tin HiFi T5S	in-ear/Tin HiFi T5S (Super Review).csv	Super Review	711	in-ear	1
Tin HiFi T7	in-ear/Tin HiFi T7.csv	Super Review	711	in-ear	1
Tin HiFi Tin Buds 3	in-ear/Tin HiFi Tin Buds 3 (Super Review).csv	Super Review	711	in-ear	1
TOZO A1	in-ear/TOZO A1.csv	Super Review	711	in-ear	1
Tripowin Cencibel	in-ear/Tripowin Cencibel (Super Review).csv	Super Review	711	in-ear	1
Tripowin Kailua	in-ear/Tripowin Kailua (Super Review).csv	Super Review	711	in-ear	1
Tripowin Leá	in-ear/Tripowin Leá (Super Review).csv	Super Review	711	in-ear	1
Tripowin Olina SE	in-ear/Tripowin Olina SE (Super Review).csv	Super Review	711	in-ear	1
Tripowin Olina	in-ear/Tripowin Olina (Super Review).csv	Super Review	711	in-ear	1
Tripowin Rhombus	in-ear/Tripowin Rhombus.csv	Super Review	711	in-ear	1
Tripowin x 0diBi Vivace	in-ear/Tripowin x 0diBi Vivace (Super Review).csv	Super Review	711	in-ear	1
Tripowin x HBB Mele	in-ear/Tripowin x HBB Mele (Super Review).csv	Super Review	711	in-ear	1
TRN IM1	in-ear/TRN IM1.csv	Super Review	711	in-ear	1
TRN V30	in-ear/TRN V30.csv	Super Review	711	in-ear	1
TRN V90	in-ear/TRN V90.csv	Super Review	711	in-ear	1
Truthear Gate	in-ear/Truthear Gate (Super Review).csv	Super Review	711	in-ear	1
Truthear Hexa	in-ear/Truthear Hexa (Super Review).csv	Super Review	711	in-ear	1
Truthear Hola	in-ear/Truthear Hola (Super Review).csv	Super Review	711	in-ear	1
Truthear Nova (black double flange eartips)	in-ear/Truthear Nova (black double flange eartips).csv	Super Review	711	in-ear	1
Truthear Nova (foam eartips)	in-ear/Truthear Nova (foam eartips).csv	Super Review	711	in-ear	1
Truthear Nova (silicone eartips)	in-ear/Truthear Nova (silicone eartips).csv	Super Review	711	in-ear	1
Truthear Nova (white double flange eartips)	in-ear/Truthear Nova (white double flange eartips).csv	Super Review	711	in-ear	1
Truthear Pure	in-ear/Truthear Pure.csv	Super Review	711	in-ear	1
Truthear x Crinacle Zero Blue 2 (foam eartips)	in-ear/Truthear x Crinacle Zero Blue 2 (foam eartips).csv	Super Review	711	in-ear	1
Truthear x Crinacle Zero Blue 2 (silicone eartips)	in-ear/Truthear x Crinacle Zero Blue 2 (silicone eartips).csv	Super Review	711	in-ear	1
Truthear x Crinacle Zero RED (Bass+)	in-ear/Truthear x Crinacle Zero RED (Bass+) (Super Review).csv	Super Review	711	in-ear	1
Truthear x Crinacle Zero RED	in-ear/Truthear x Crinacle Zero RED (Super Review).csv	Super Review	711	in-ear	1
Truthear x Crinacle Zero	in-ear/Truthear x Crinacle Zero (Super Review).csv	Super Review	711	in-ear	1
TWISTURA Woodnote (gold nozzle)	in-ear/TWISTURA Woodnote (gold nozzle).csv	Super Review	711	in-ear	1
TWISTURA Woodnote (silver nozzle)	in-ear/TWISTURA Woodnote (silver nozzle).csv	Super Review	711	in-ear	1
TWISTURA Woodnote (steel nozzle)	in-ear/TWISTURA Woodnote (steel nozzle).csv	Super Review	711	in-ear	1
Ucotech RE-2	in-ear/Ucotech RE-2.csv	Super Review	711	in-ear	1
Unique Melody MEST Mk2	in-ear/Unique Melody MEST Mk2 (Super Review).csv	Super Review	711	in-ear	1
Unique Melody MEST	in-ear/Unique Melody MEST.csv	Super Review	711	in-ear	1
Vision Ears VE7	in-ear/Vision Ears VE7.csv	Super Review	711	in-ear	1
Vision Ears VE8	in-ear/Vision Ears VE8 (Super Review).csv	Super Review	711	in-ear	1
VSonic GR07 Bass Edition	in-ear/VSonic GR07 Bass Edition (Super Review).csv	Super Review	711	in-ear	1
VSonic GR07	in-ear/VSonic GR07 (Super Review).csv	Super Review	711	in-ear	1
VSonic VS7	in-ear/VSonic VS7 (Super Review).csv	Super Review	711	in-ear	1
Xenns Mangird Tea	in-ear/Xenns Mangird Tea.csv	Super Review	711	in-ear	1
Xenns Mangird Tea2	in-ear/Xenns Mangird Tea2 (Super Review).csv	Super Review	711	in-ear	1
Xenns Mangird Top Pro	in-ear/Xenns Mangird Top Pro (Super Review).csv	Super Review	711	in-ear	1
Xenns Mangird Top	in-ear/Xenns Mangird Top (Super Review).csv	Super Review	711	in-ear	1
Xiaomi Mi True Wireless Earbuds Basic 2	in-ear/Xiaomi Mi True Wireless Earbuds Basic 2.csv	Super Review	711	in-ear	1
Yanyin Canon II (off-off)	in-ear/Yanyin Canon II (off-off).csv	Super Review	711	in-ear	1
Yanyin Canon II (off-on)	in-ear/Yanyin Canon II (off-on).csv	Super Review	711	in-ear	1
Yanyin Canon II (on-off)	in-ear/Yanyin Canon II (on-off).csv	Super Review	711	in-ear	1
Yanyin Canon II (on-on)	in-ear/Yanyin Canon II (on-on).csv	Super Review	711	in-ear	1
Yanyin Canon Pro (off-off)	in-ear/Yanyin Canon Pro (off-off) (Super Review).csv	Super Review	711	in-ear	1
Yanyin Canon Pro (off-on)	in-ear/Yanyin Canon Pro (off-on) (Super Review).csv	Super Review	711	in-ear	1
Yanyin Canon Pro (on-off)	in-ear/Yanyin Canon Pro (on-off) (Super Review).csv	Super Review	711	in-ear	1
Yanyin Canon Pro (on-on)	in-ear/Yanyin Canon Pro (on-on) (Super Review).csv	Super Review	711	in-ear	1
Yanyin Mahina	in-ear/Yanyin Mahina.csv	Super Review	711	in-ear	1
Yinfu MD51	in-ear/Yinfu MD51.csv	Super Review	711	in-ear	1
Yinyoo V2	in-ear/Yinyoo V2.csv	Super Review	711	in-ear	1
ZiiGaat Arcanis	in-ear/ZiiGaat Arcanis (Super Review).csv	Super Review	711	in-ear	1
ZiiGaat Estrella	in-ear/ZiiGaat Estrella.csv	Super Review	711	in-ear	1
ZiiGaat Lush	in-ear/ZiiGaat Lush (Super Review).csv	Super Review	711	in-ear	1
AKG K371	over-ear/AKG K371 (Super Review).csv	Super Review	KB006x + 711	over-ear	1
AKG K712	over-ear/AKG K712 (Super Review).csv	Super Review	KB006x + 711	over-ear	1
AKG K7XX	over-ear/AKG K7XX (Super Review).csv	Super Review	KB006x + 711	over-ear	1
AKG Q701	over-ear/AKG Q701 (Super Review).csv	Super Review	KB006x + 711	over-ear	1
Audeze LCD-2 Closed Back	over-ear/Audeze LCD-2 Closed Back (Super Review).csv	Super Review	KB006x + 711	over-ear	1
Audeze MM-500	over-ear/Audeze MM-500 (Super Review).csv	Super Review	KB006x + 711	over-ear	1
Auribus Acoustics Everest	over-ear/Auribus Acoustics Everest.csv	Super Review	KB006x + 711	over-ear	1
Auribus Acoustics Sierra Open	over-ear/Auribus Acoustics Sierra Open.csv	Super Review	KB006x + 711	over-ear	1
Austrian Audio Hi-X60	over-ear/Austrian Audio Hi-X60 (Super Review).csv	Super Review	KB006x + 711	over-ear	1
Beyerdynamic DT 770 Pro (32 ohm)	over-ear/Beyerdynamic DT 770 Pro (32 ohm).csv	Super Review	KB006x + 711	over-ear	1
Beyerdynamic DT 880 (600 ohm)	over-ear/Beyerdynamic DT 880 (600 ohm).csv	Super Review	KB006x + 711	over-ear	1
Beyerdynamic DT 900 Pro X	over-ear/Beyerdynamic DT 900 Pro X (Super Review).csv	Super Review	KB006x + 711	over-ear	1
Creative Aurvana Live! (Brainwavz small oval perforated earpads)	over-ear/Creative Aurvana Live! (Brainwavz small oval perforated earpads).csv	Super Review	KB006x + 711	over-ear	1
Creative Aurvana Live!	over-ear/Creative Aurvana Live! (Super Review).csv	Super Review	KB006x + 711	over-ear	1
Dan Clark Audio E3	over-ear/Dan Clark Audio E3 (Super Review).csv	Super Review	KB006x + 711	over-ear	1
Dan Clark Audio EXPANSE	over-ear/Dan Clark Audio EXPANSE (Super Review).csv	Super Review	KB006x + 711	over-ear	1
Dan Clark Audio Stealth	over-ear/Dan Clark Audio Stealth (Super Review).csv	Super Review	KB006x + 711	over-ear	1
DMS Project Omega	over-ear/DMS Project Omega.csv	Super Review	KB006x + 711	over-ear	1
ETA O2	over-ear/ETA O2.csv	Super Review	KB006x + 711	over-ear	1
FiiO FT1 Pro	over-ear/FiiO FT1 Pro (Super Review).csv	Super Review	KB006x + 711	over-ear	1
FiiO FT1	over-ear/FiiO FT1 (Super Review).csv	Super Review	KB006x + 711	over-ear	1
FiiO FT5 (pleather earpads)	over-ear/FiiO FT5 (pleather earpads) (Super Review).csv	Super Review	KB006x + 711	over-ear	1
FiiO FT5 (suede earpads)	over-ear/FiiO FT5 (suede earpads) (Super Review).csv	Super Review	KB006x + 711	over-ear	1
FiiO FT7 (fabric earpads)	over-ear/FiiO FT7 (fabric earpads) (Super Review).csv	Super Review	KB006x + 711	over-ear	1
FiiO FT7 (leather earpads)	over-ear/FiiO FT7 (leather earpads) (Super Review).csv	Super Review	KB006x + 711	over-ear	1
Final Audio UX3000 SV (analog connection)	over-ear/Final Audio UX3000 SV (analog connection).csv	Super Review	KB006x + 711	over-ear	1
Final Audio UX3000 SV (ANC off)	over-ear/Final Audio UX3000 SV (ANC off).csv	Super Review	KB006x + 711	over-ear	1
Final Audio UX3000 SV (ANC on)	over-ear/Final Audio UX3000 SV (ANC on).csv	Super Review	KB006x + 711	over-ear	1
Final Audio UX3000	over-ear/Final Audio UX3000.csv	Super Review	KB006x + 711	over-ear	1
Focal Azurys	over-ear/Focal Azurys (Super Review).csv	Super Review	KB006x + 711	over-ear	1
Focal Bathys (USB)	over-ear/Focal Bathys (USB).csv	Super Review	KB006x + 711	over-ear	1
Focal Bathys (wired)	over-ear/Focal Bathys (wired).csv	Super Review	KB006x + 711	over-ear	1
Focal Bathys (wireless)	over-ear/Focal Bathys (wireless).csv	Super Review	KB006x + 711	over-ear	1
Focal Celestee	over-ear/Focal Celestee (Super Review).csv	Super Review	KB006x + 711	over-ear	1
Focal Clear MG Professional	over-ear/Focal Clear MG Professional.csv	Super Review	KB006x + 711	over-ear	1
Focal Elex (worn earpads)	over-ear/Focal Elex (worn earpads).csv	Super Review	KB006x + 711	over-ear	1
Focal Elex	over-ear/Focal Elex (Super Review).csv	Super Review	KB006x + 711	over-ear	1
Focal Radiance	over-ear/Focal Radiance (Super Review).csv	Super Review	KB006x + 711	over-ear	1
Focal Utopia 2022	over-ear/Focal Utopia 2022 (Super Review).csv	Super Review	KB006x + 711	over-ear	1
Fosi Audio i5	over-ear/Fosi Audio i5.csv	Super Review	KB006x + 711	over-ear	1
Fostex T50RP Mk4	over-ear/Fostex T50RP Mk4.csv	Super Review	KB006x + 711	over-ear	1
Grado GW100 (bluetooth)	over-ear/Grado GW100 (bluetooth).csv	Super Review	KB006x + 711	over-ear	1
Grado GW100 (wired)	over-ear/Grado GW100 (wired).csv	Super Review	KB006x + 711	over-ear	1
Grado SR80 (L-Cush earpads)	over-ear/Grado SR80 (L-Cush earpads).csv	Super Review	KB006x + 711	over-ear	1
Grado SR80 (S-Cush earpads)	over-ear/Grado SR80 (S-Cush earpads).csv	Super Review	KB006x + 711	over-ear	1
HarmonicDyne Poseidon	over-ear/HarmonicDyne Poseidon.csv	Super Review	KB006x + 711	over-ear	1
HarmonicDyne Zeus Elite	over-ear/HarmonicDyne Zeus Elite (Super Review).csv	Super Review	KB006x + 711	over-ear	1
HarmonicDyne Zeus	over-ear/HarmonicDyne Zeus (Super Review).csv	Super Review	KB006x + 711	over-ear	1
HEDD Audio HEDDphone Two GT (leather earpads)	over-ear/HEDD Audio HEDDphone Two GT (leather earpads).csv	Super Review	KB006x + 711	over-ear	1
HEDD Heddphone 2	over-ear/HEDD Heddphone 2 (Super Review).csv	Super Review	KB006x + 711	over-ear	1
HEDD HEDDphone Two GT (leather earpads)	over-ear/HEDD HEDDphone Two GT (leather earpads).csv	Super Review	KB006x + 711	over-ear	1
HEDD HEDDphone Two GT (suede earpads)	over-ear/HEDD HEDDphone Two GT (suede earpads).csv	Super Review	KB006x + 711	over-ear	1
HIFI FOR ALL Dahlia (balanced resonator)	over-ear/HIFI FOR ALL Dahlia (balanced resonator).csv	Super Review	KB006x + 711	over-ear	1
HIFI FOR ALL Dahlia (dynamic resonator)	over-ear/HIFI FOR ALL Dahlia (dynamic resonator).csv	Super Review	KB006x + 711	over-ear	1
HIFIMAN Ananda Nano	over-ear/HIFIMAN Ananda Nano (Super Review).csv	Super Review	KB006x + 711	over-ear	1
HIFIMAN Edition XS	over-ear/HIFIMAN Edition XS (Super Review).csv	Super Review	KB006x + 711	over-ear	1
HIFIMAN Sundara	over-ear/HIFIMAN Sundara.csv	Super Review	KB006x + 711	over-ear	1
iKF Y3	over-ear/iKF Y3.csv	Super Review	KB006x + 711	over-ear	1
JM Audio Editions XTC^2.5 Closed	over-ear/JM Audio Editions XTC^2.5 Closed.csv	Super Review	KB006x + 711	over-ear	1
Kiwi Ears Ardor (ANC off)	over-ear/Kiwi Ears Ardor (ANC off).csv	Super Review	KB006x + 711	over-ear	1
Kiwi Ears Ardor (ANC on)	over-ear/Kiwi Ears Ardor (ANC on).csv	Super Review	KB006x + 711	over-ear	1
Kiwi Ears Atheia	over-ear/Kiwi Ears Atheia.csv	Super Review	KB006x + 711	over-ear	1
Kiwi Ears Aventus (ANC off)	over-ear/Kiwi Ears Aventus (ANC off).csv	Super Review	KB006x + 711	over-ear	1
Kiwi Ears Aventus (ANC on)	over-ear/Kiwi Ears Aventus (ANC on).csv	Super Review	KB006x + 711	over-ear	1
Kiwi Ears Division	over-ear/Kiwi Ears Division (Super Review).csv	Super Review	KB006x + 711	over-ear	1
Kiwi Ears Ellipse	over-ear/Kiwi Ears Ellipse.csv	Super Review	KB006x + 711	over-ear	1
Koss ESP95X (Vesper earpads)	over-ear/Koss ESP95X (Vesper earpads).csv	Super Review	KB006x + 711	over-ear	1
Koss ESP95X	over-ear/Koss ESP95X (Super Review).csv	Super Review	KB006x + 711	over-ear	1
Koss KDE250	over-ear/Koss KDE250 (Super Review).csv	Super Review	KB006x + 711	over-ear	1
Koss KPH30i	over-ear/Koss KPH30i (Super Review).csv	Super Review	KB006x + 711	over-ear	1
Koss KPH40	over-ear/Koss KPH40 (Super Review).csv	Super Review	KB006x + 711	over-ear	1
Koss KSC75	over-ear/Koss KSC75 (Super Review).csv	Super Review	KB006x + 711	over-ear	1
Koss Porta Pro (Dekoni earpads)	over-ear/Koss Porta Pro (Dekoni earpads).csv	Super Review	KB006x + 711	over-ear	1
Koss Porta Pro (Yaxi earpads)	over-ear/Koss Porta Pro (Yaxi earpads) (Super Review).csv	Super Review	KB006x + 711	over-ear	1
Koss Porta Pro Wireless	over-ear/Koss Porta Pro Wireless (Super Review).csv	Super Review	KB006x + 711	over-ear	1
Koss Porta Pro	over-ear/Koss Porta Pro (Super Review).csv	Super Review	KB006x + 711	over-ear	1
Massdrop + Grell OAE1 Signature	over-ear/Massdrop + Grell OAE1 Signature (Super Review).csv	Super Review	KB006x + 711	over-ear	1
Massdrop Panda	over-ear/Massdrop Panda (Super Review).csv	Super Review	KB006x + 711	over-ear	1
Meze 105 Aer	over-ear/Meze 105 Aer (Super Review).csv	Super Review	KB006x + 711	over-ear	1
Meze 109 Pro	over-ear/Meze 109 Pro (Super Review).csv	Super Review	KB006x + 711	over-ear	1
Meze Empyrean II (alcantara earpads)	over-ear/Meze Empyrean II (alcantara earpads) (Super Review).csv	Super Review	KB006x + 711	over-ear	1
Meze Empyrean II (duo earpads)	over-ear/Meze Empyrean II (duo earpads) (Super Review).csv	Super Review	KB006x + 711	over-ear	1
Meze Liric II	over-ear/Meze Liric II.csv	Super Review	KB006x + 711	over-ear	1
Meze Liric	over-ear/Meze Liric (Super Review).csv	Super Review	KB006x + 711	over-ear	1
Meze Poet	over-ear/Meze Poet.csv	Super Review	KB006x + 711	over-ear	1
Modhouse Audio Tungsten Double Sided (ZMF Caldera hybrid earpads)	over-ear/Modhouse Audio Tungsten Double Sided (ZMF Caldera hybrid earpads).csv	Super Review	KB006x + 711	over-ear	1
Modhouse Audio Tungsten Double Sided (ZMF Caldera Ultra-Perf earpads)	over-ear/Modhouse Audio Tungsten Double Sided (ZMF Caldera Ultra-Perf earpads).csv	Super Review	KB006x + 711	over-ear	1
Modhouse Audio Tungsten Single Sided (ZMF Caldera Hybrid earpads)	over-ear/Modhouse Audio Tungsten Single Sided (ZMF Caldera Hybrid earpads).csv	Super Review	KB006x + 711	over-ear	1
Modhouse Audio Tungsten Single Sided (ZMF Caldera Ultra-Perf earpads)	over-ear/Modhouse Audio Tungsten Single Sided (ZMF Caldera Ultra-Perf earpads).csv	Super Review	KB006x + 711	over-ear	1
Moondrop Cosmo	over-ear/Moondrop Cosmo.csv	Super Review	KB006x + 711	over-ear	1
Moondrop Horizon	over-ear/Moondrop Horizon.csv	Super Review	KB006x + 711	over-ear	1
Moondrop Joker	over-ear/Moondrop Joker (Super Review).csv	Super Review	KB006x + 711	over-ear	1
Moondrop Para (fenestrated PU earpads)	over-ear/Moondrop Para (fenestrated PU earpads) (Super Review).csv	Super Review	KB006x + 711	over-ear	1
Moondrop Para (hybrid earpads)	over-ear/Moondrop Para (hybrid earpads) (Super Review).csv	Super Review	KB006x + 711	over-ear	1
Moondrop Para II	over-ear/Moondrop Para II.csv	Super Review	KB006x + 711	over-ear	1
Moondrop Venus	over-ear/Moondrop Venus (Super Review).csv	Super Review	KB006x + 711	over-ear	1
Moondrop Void	over-ear/Moondrop Void (Super Review).csv	Super Review	KB006x + 711	over-ear	1
Philips Fidelio X2HR	over-ear/Philips Fidelio X2HR (Super Review).csv	Super Review	KB006x + 711	over-ear	1
Philips SHP9500	over-ear/Philips SHP9500 (Super Review).csv	Super Review	KB006x + 711	over-ear	1
Plantronics BackBeat Go 600 (wired, pad swap)	over-ear/Plantronics BackBeat Go 600 (wired, pad swap).csv	Super Review	KB006x + 711	over-ear	1
Plantronics BackBeat Go 600 (wireless, pad swap)	over-ear/Plantronics BackBeat Go 600 (wireless, pad swap).csv	Super Review	KB006x + 711	over-ear	1
Sendy Aiva	over-ear/Sendy Aiva (Super Review).csv	Super Review	KB006x + 711	over-ear	1
Sennheiser HD 490 Pro (mixing earpads)	over-ear/Sennheiser HD 490 Pro (mixing earpads).csv	Super Review	KB006x + 711	over-ear	1
Sennheiser HD 490 Pro (producing earpads)	over-ear/Sennheiser HD 490 Pro (producing earpads).csv	Super Review	KB006x + 711	over-ear	1
Sennheiser HD 505	over-ear/Sennheiser HD 505 (Super Review).csv	Super Review	KB006x + 711	over-ear	1
Sennheiser HD 550	over-ear/Sennheiser HD 550 (Super Review).csv	Super Review	KB006x + 711	over-ear	1
Sennheiser HD 560S	over-ear/Sennheiser HD 560S (Super Review).csv	Super Review	KB006x + 711	over-ear	1
Sennheiser HD 58X	over-ear/Sennheiser HD 58X (Super Review).csv	Super Review	KB006x + 711	over-ear	1
Sennheiser HD 600	over-ear/Sennheiser HD 600 (Super Review).csv	Super Review	KB006x + 711	over-ear	1
Sennheiser HD 660 S	over-ear/Sennheiser HD 660 S (Super Review).csv	Super Review	KB006x + 711	over-ear	1
Sennheiser HD 6XX	over-ear/Sennheiser HD 6XX (Super Review).csv	Super Review	KB006x + 711	over-ear	1
Sennheiser HD 800	over-ear/Sennheiser HD 800 (Super Review).csv	Super Review	KB006x + 711	over-ear	1
Sennheiser HD 820	over-ear/Sennheiser HD 820 (Super Review).csv	Super Review	KB006x + 711	over-ear	1
Shure AONIC 50	over-ear/Shure AONIC 50 (Super Review).csv	Super Review	KB006x + 711	over-ear	1
Simgot Audio EP5	over-ear/Simgot Audio EP5.csv	Super Review	KB006x + 711	over-ear	1
Sivga Anser	over-ear/Sivga Anser (Super Review).csv	Super Review	KB006x + 711	over-ear	1
Sivga Luan	over-ear/Sivga Luan (Super Review).csv	Super Review	KB006x + 711	over-ear	1
Sony MDR-7506	over-ear/Sony MDR-7506 (Super Review).csv	Super Review	KB006x + 711	over-ear	1
Sony MDR-CD900ST	over-ear/Sony MDR-CD900ST (Super Review).csv	Super Review	KB006x + 711	over-ear	1
Sony MDR-MV1	over-ear/Sony MDR-MV1 (Super Review).csv	Super Review	KB006x + 711	over-ear	1
Sony MDR-V6 (Yaxi earpads)	over-ear/Sony MDR-V6 (Yaxi earpads).csv	Super Review	KB006x + 711	over-ear	1
Sony MDR-V6	over-ear/Sony MDR-V6 (Super Review).csv	Super Review	KB006x + 711	over-ear	1
Sony WH-1000XM3	over-ear/Sony WH-1000XM3 (Super Review).csv	Super Review	KB006x + 711	over-ear	1
Sony WH-1000XM5	over-ear/Sony WH-1000XM5 (Super Review).csv	Super Review	KB006x + 711	over-ear	1
Sony WH-1000XM6 (analog cable)	over-ear/Sony WH-1000XM6 (analog cable).csv	Super Review	KB006x + 711	over-ear	1
Sony WH-1000XM6	over-ear/Sony WH-1000XM6.csv	Super Review	KB006x + 711	over-ear	1
ZMF Atrium (solid mesh, perforated lambskin earpads)	over-ear/ZMF Atrium (solid mesh, perforated lambskin earpads).csv	Super Review	KB006x + 711	over-ear	1
ZMF Atrium (solid mesh, perforated suede earpads)	over-ear/ZMF Atrium (solid mesh, perforated suede earpads).csv	Super Review	KB006x + 711	over-ear	1
ZMF Auteur Classic (ZMF Caldera hybrid earpads)	over-ear/ZMF Auteur Classic (ZMF Caldera hybrid earpads).csv	Super Review	KB006x + 711	over-ear	1
ZMF Auteur Classic (ZMF Caldera lambskin earpads)	over-ear/ZMF Auteur Classic (ZMF Caldera lambskin earpads).csv	Super Review	KB006x + 711	over-ear	1
ZMF Auteur Classic (ZMF Caldera suede earpads)	over-ear/ZMF Auteur Classic (ZMF Caldera suede earpads).csv	Super Review	KB006x + 711	over-ear	1
ZMF Auteur Classic	over-ear/ZMF Auteur Classic.csv	Super Review	KB006x + 711	over-ear	1
ZMF Bokeh Closed (hybrid earpads, black mesh)	over-ear/ZMF Bokeh Closed (hybrid earpads, black mesh).csv	Super Review	KB006x + 711	over-ear	1
ZMF Bokeh Closed (hybrid earpads, burst mesh)	over-ear/ZMF Bokeh Closed (hybrid earpads, burst mesh).csv	Super Review	KB006x + 711	over-ear	1
ZMF Bokeh Closed (hybrid earpads, green mesh)	over-ear/ZMF Bokeh Closed (hybrid earpads, green mesh).csv	Super Review	KB006x + 711	over-ear	1
ZMF Bokeh Closed (hybrid earpads, no mesh)	over-ear/ZMF Bokeh Closed (hybrid earpads, no mesh).csv	Super Review	KB006x + 711	over-ear	1
ZMF Bokeh Closed (hybrid earpads, red mesh)	over-ear/ZMF Bokeh Closed (hybrid earpads, red mesh).csv	Super Review	KB006x + 711	over-ear	1
ZMF Bokeh Closed (hybrid earpads, solid mesh)	over-ear/ZMF Bokeh Closed (hybrid earpads, solid mesh).csv	Super Review	KB006x + 711	over-ear	1
ZMF Bokeh Closed (lambskin earpads, red mesh)	over-ear/ZMF Bokeh Closed (lambskin earpads, red mesh).csv	Super Review	KB006x + 711	over-ear	1
ZMF Bokeh Closed (protein earpads, burst mesh)	over-ear/ZMF Bokeh Closed (protein earpads, burst mesh).csv	Super Review	KB006x + 711	over-ear	1
ZMF Bokeh Closed (protein earpads, red mesh)	over-ear/ZMF Bokeh Closed (protein earpads, red mesh).csv	Super Review	KB006x + 711	over-ear	1
ZMF Bokeh Closed (suede earpads, burst mesh)	over-ear/ZMF Bokeh Closed (suede earpads, burst mesh).csv	Super Review	KB006x + 711	over-ear	1
ZMF Bokeh Closed (suede earpads, red mesh)	over-ear/ZMF Bokeh Closed (suede earpads, red mesh).csv	Super Review	KB006x + 711	over-ear	1
7Hz Salnotes Dioko	in-ear/7Hz Salnotes Dioko (Ted's Squig Hoard).csv	Ted's Squig Hoard	711	in-ear	1
7Hz Salnotes Zero	in-ear/7Hz Salnotes Zero (Ted's Squig Hoard).csv	Ted's Squig Hoard	711	in-ear	1
DUNU Titan S	in-ear/DUNU Titan S (Ted's Squig Hoard).csv	Ted's Squig Hoard	711	in-ear	1
Kinera Celest Wyvern Pro	in-ear/Kinera Celest Wyvern Pro (Ted's Squig Hoard).csv	Ted's Squig Hoard	711	in-ear	1
Kinera Freya 2.0	in-ear/Kinera Freya 2.0 (Ted's Squig Hoard).csv	Ted's Squig Hoard	711	in-ear	1
Kinera Hodur	in-ear/Kinera Hodur.csv	Ted's Squig Hoard	711	in-ear	1
Kinera Imperial Loki Emerald	in-ear/Kinera Imperial Loki Emerald.csv	Ted's Squig Hoard	711	in-ear	1
Kinera Imperial Nanna	in-ear/Kinera Imperial Nanna.csv	Ted's Squig Hoard	711	in-ear	1
Kinera Imperial Odin	in-ear/Kinera Imperial Odin.csv	Ted's Squig Hoard	711	in-ear	1
Kinera Imperial URD	in-ear/Kinera Imperial URD.csv	Ted's Squig Hoard	711	in-ear	1
Kinera Norn	in-ear/Kinera Norn.csv	Ted's Squig Hoard	711	in-ear	1
Kinera Skuld	in-ear/Kinera Skuld.csv	Ted's Squig Hoard	711	in-ear	1
Moondrop Chu	in-ear/Moondrop Chu (Ted's Squig Hoard).csv	Ted's Squig Hoard	711	in-ear	1
Moondrop Quarks	in-ear/Moondrop Quarks (Ted's Squig Hoard).csv	Ted's Squig Hoard	711	in-ear	1
Symphonium Audio Meteor	in-ear/Symphonium Audio Meteor (Ted's Squig Hoard).csv	Ted's Squig Hoard	711	in-ear	1
64 Audio U12t (m15 Apex module)	in-ear/64 Audio U12t (m15 Apex module) (ToneDeafMonk).csv	ToneDeafMonk	711	in-ear	1
64 Audio U12t (m20 Apex module)	in-ear/64 Audio U12t (m20 Apex module) (ToneDeafMonk).csv	ToneDeafMonk	711	in-ear	1
64 Audio U12t (mX Apex module)	in-ear/64 Audio U12t (mX Apex module) (ToneDeafMonk).csv	ToneDeafMonk	711	in-ear	1
64 Audio Volur (m12 Apex module)	in-ear/64 Audio Volur (m12 Apex module) (ToneDeafMonk).csv	ToneDeafMonk	711	in-ear	1
64 Audio Volur (m15 Apex module)	in-ear/64 Audio Volur (m15 Apex module) (ToneDeafMonk).csv	ToneDeafMonk	711	in-ear	1
64 Audio Volur (m20 Apex module)	in-ear/64 Audio Volur (m20 Apex module) (ToneDeafMonk).csv	ToneDeafMonk	711	in-ear	1
64 Audio Volur (mX Apex module)	in-ear/64 Audio Volur (mX Apex module) (ToneDeafMonk).csv	ToneDeafMonk	711	in-ear	1
7Hz Legato	in-ear/7Hz Legato (ToneDeafMonk).csv	ToneDeafMonk	711	in-ear	1
7Hz Salnotes Zero 2	in-ear/7Hz Salnotes Zero 2.csv	ToneDeafMonk	711	in-ear	1
7Hz Sonus	in-ear/7Hz Sonus (ToneDeafMonk).csv	ToneDeafMonk	711	in-ear	1
7Hz x Crinacle Zero 2	in-ear/7Hz x Crinacle Zero 2 (ToneDeafMonk).csv	ToneDeafMonk	711	in-ear	1
7th Acoustics Stargazer	in-ear/7th Acoustics Stargazer (ToneDeafMonk).csv	ToneDeafMonk	711	in-ear	1
AAW Z02	in-ear/AAW Z02.csv	ToneDeafMonk	711	in-ear	1
AAW Z06	in-ear/AAW Z06.csv	ToneDeafMonk	711	in-ear	1
AFUL Cantor	in-ear/AFUL Cantor (ToneDeafMonk).csv	ToneDeafMonk	711	in-ear	1
AFUL Explorer 3	in-ear/AFUL Explorer 3.csv	ToneDeafMonk	711	in-ear	1
AFUL Performer 7	in-ear/AFUL Performer 7 (ToneDeafMonk).csv	ToneDeafMonk	711	in-ear	1
AFUL Performer 8	in-ear/AFUL Performer 8 (ToneDeafMonk).csv	ToneDeafMonk	711	in-ear	1
Agasound AGA ONE	in-ear/Agasound AGA ONE.csv	ToneDeafMonk	711	in-ear	1
Alpha & Delta KS1	in-ear/Alpha & Delta KS1.csv	ToneDeafMonk	711	in-ear	1
Alpha & Delta KS3	in-ear/Alpha & Delta KS3.csv	ToneDeafMonk	711	in-ear	1
Alpha Omega Omega (off-off-off)	in-ear/Alpha Omega Omega (off-off-off) (ToneDeafMonk).csv	ToneDeafMonk	711	in-ear	1
Alpha Omega Omega (off-off-on)	in-ear/Alpha Omega Omega (off-off-on).csv	ToneDeafMonk	711	in-ear	1
Alpha Omega Omega (off-on-off)	in-ear/Alpha Omega Omega (off-on-off).csv	ToneDeafMonk	711	in-ear	1
Alpha Omega Omega (off-on-on)	in-ear/Alpha Omega Omega (off-on-on).csv	ToneDeafMonk	711	in-ear	1
Alpha Omega Omega (on-off-off)	in-ear/Alpha Omega Omega (on-off-off).csv	ToneDeafMonk	711	in-ear	1
Alpha Omega Omega (on-off-on)	in-ear/Alpha Omega Omega (on-off-on).csv	ToneDeafMonk	711	in-ear	1
Alpha Omega Omega (on-on-off)	in-ear/Alpha Omega Omega (on-on-off) (ToneDeafMonk).csv	ToneDeafMonk	711	in-ear	1
Alpha Omega Omega (on-on-on)	in-ear/Alpha Omega Omega (on-on-on) (ToneDeafMonk).csv	ToneDeafMonk	711	in-ear	1
AOSHIDA E20	in-ear/AOSHIDA E20 (ToneDeafMonk).csv	ToneDeafMonk	711	in-ear	1
Aroma Audio Thunder	in-ear/Aroma Audio Thunder.csv	ToneDeafMonk	711	in-ear	1
ARTTI R1	in-ear/ARTTI R1 (ToneDeafMonk).csv	ToneDeafMonk	711	in-ear	1
ARTTI R2	in-ear/ARTTI R2.csv	ToneDeafMonk	711	in-ear	1
ARTTI R3	in-ear/ARTTI R3.csv	ToneDeafMonk	711	in-ear	1
ARTTI R6	in-ear/ARTTI R6.csv	ToneDeafMonk	711	in-ear	1
ARTTI T10 Pro	in-ear/ARTTI T10 Pro (ToneDeafMonk).csv	ToneDeafMonk	711	in-ear	1
ARTTI T10	in-ear/ARTTI T10 (ToneDeafMonk).csv	ToneDeafMonk	711	in-ear	1
BGVP DMA	in-ear/BGVP DMA (ToneDeafMonk).csv	ToneDeafMonk	711	in-ear	1
BGVP NS10 PRO (red filter)	in-ear/BGVP NS10 PRO (red filter).csv	ToneDeafMonk	711	in-ear	1
BGVP NS10 PRO (short filter)	in-ear/BGVP NS10 PRO (short filter).csv	ToneDeafMonk	711	in-ear	1
BGVP NS10 PRO (silver filter)	in-ear/BGVP NS10 PRO (silver filter).csv	ToneDeafMonk	711	in-ear	1
BGVP Phantom SE Snake Edition	in-ear/BGVP Phantom SE Snake Edition.csv	ToneDeafMonk	711	in-ear	1
BGVP Solomon	in-ear/BGVP Solomon.csv	ToneDeafMonk	711	in-ear	1
Binary Acoustics Dynaquattro	in-ear/Binary Acoustics Dynaquattro (ToneDeafMonk).csv	ToneDeafMonk	711	in-ear	1
Binary Acoustics x Gizaudio Chopin	in-ear/Binary Acoustics x Gizaudio Chopin (ToneDeafMonk).csv	ToneDeafMonk	711	in-ear	1
BLON x HBB Z300	in-ear/BLON x HBB Z300 (ToneDeafMonk).csv	ToneDeafMonk	711	in-ear	1
BQEYZ Wind	in-ear/BQEYZ Wind (ToneDeafMonk).csv	ToneDeafMonk	711	in-ear	1
CCA DUO	in-ear/CCA DUO (ToneDeafMonk).csv	ToneDeafMonk	711	in-ear	1
CCA Pianist	in-ear/CCA Pianist (ToneDeafMonk).csv	ToneDeafMonk	711	in-ear	1
CCA Polaris (off-off-off-off)	in-ear/CCA Polaris (off-off-off-off).csv	ToneDeafMonk	711	in-ear	1
CCA Polaris (off-off-on-off)	in-ear/CCA Polaris (off-off-on-off).csv	ToneDeafMonk	711	in-ear	1
CCA Polaris (off-on-off-off)	in-ear/CCA Polaris (off-on-off-off).csv	ToneDeafMonk	711	in-ear	1
CCA Polaris (on-off-off-off)	in-ear/CCA Polaris (on-off-off-off).csv	ToneDeafMonk	711	in-ear	1
CCA Rhapsody (off-off-off-off)	in-ear/CCA Rhapsody (off-off-off-off) (ToneDeafMonk).csv	ToneDeafMonk	711	in-ear	1
CCA Rhapsody (off-off-on-off)	in-ear/CCA Rhapsody (off-off-on-off).csv	ToneDeafMonk	711	in-ear	1
CCA Rhapsody (off-off-on-on)	in-ear/CCA Rhapsody (off-off-on-on) (ToneDeafMonk).csv	ToneDeafMonk	711	in-ear	1
CCA Rhapsody (off-on-on-off)	in-ear/CCA Rhapsody (off-on-on-off).csv	ToneDeafMonk	711	in-ear	1
CCA Rhapsody (on-off-off-off)	in-ear/CCA Rhapsody (on-off-off-off).csv	ToneDeafMonk	711	in-ear	1
CCA Rhapsody (on-off-on-off)	in-ear/CCA Rhapsody (on-off-on-off).csv	ToneDeafMonk	711	in-ear	1
CCA Rhapsody (on-on-off-off)	in-ear/CCA Rhapsody (on-on-off-off).csv	ToneDeafMonk	711	in-ear	1
CCA Rhapsody (on-on-on-off)	in-ear/CCA Rhapsody (on-on-on-off).csv	ToneDeafMonk	711	in-ear	1
CCA Trio (off-off-off-off)	in-ear/CCA Trio (off-off-off-off).csv	ToneDeafMonk	711	in-ear	1
CCA Trio (off-off-on-on)	in-ear/CCA Trio (off-off-on-on).csv	ToneDeafMonk	711	in-ear	1
CCA Trio (off-on-on-off)	in-ear/CCA Trio (off-on-on-off).csv	ToneDeafMonk	711	in-ear	1
CCA Trio (off-on-on-on)	in-ear/CCA Trio (off-on-on-on).csv	ToneDeafMonk	711	in-ear	1
CCA Trio (on-off-off-off)	in-ear/CCA Trio (on-off-off-off).csv	ToneDeafMonk	711	in-ear	1
CCA Trio (on-off-off-on)	in-ear/CCA Trio (on-off-off-on).csv	ToneDeafMonk	711	in-ear	1
CCA Trio (on-on-off-off)	in-ear/CCA Trio (on-on-off-off).csv	ToneDeafMonk	711	in-ear	1
CCA Trio (on-on-on-off)	in-ear/CCA Trio (on-on-on-off).csv	ToneDeafMonk	711	in-ear	1
CCA Trio (on-on-on-on)	in-ear/CCA Trio (on-on-on-on).csv	ToneDeafMonk	711	in-ear	1
CCZ SOLO	in-ear/CCZ SOLO.csv	ToneDeafMonk	711	in-ear	1
Colorfly Silver Reference	in-ear/Colorfly Silver Reference (ToneDeafMonk).csv	ToneDeafMonk	711	in-ear	1
CVJ Aria 2025 (blue nozzle)	in-ear/CVJ Aria 2025 (blue nozzle).csv	ToneDeafMonk	711	in-ear	1
CVJ Aria 2025 (gold nozzle)	in-ear/CVJ Aria 2025 (gold nozzle).csv	ToneDeafMonk	711	in-ear	1
CVJ Aria 2025 (silver nozzle)	in-ear/CVJ Aria 2025 (silver nozzle).csv	ToneDeafMonk	711	in-ear	1
CVJ Assassin (off-off)	in-ear/CVJ Assassin (off-off).csv	ToneDeafMonk	711	in-ear	1
CVJ Assassin (off-on)	in-ear/CVJ Assassin (off-on).csv	ToneDeafMonk	711	in-ear	1
CVJ Assassin (on-off)	in-ear/CVJ Assassin (on-off).csv	ToneDeafMonk	711	in-ear	1
CVJ Assassin (on-on)	in-ear/CVJ Assassin (on-on).csv	ToneDeafMonk	711	in-ear	1
CVJ Mei (off-off)	in-ear/CVJ Mei (off-off).csv	ToneDeafMonk	711	in-ear	1
CVJ Mei (off-on)	in-ear/CVJ Mei (off-on).csv	ToneDeafMonk	711	in-ear	1
CVJ Mei (on-off)	in-ear/CVJ Mei (on-off).csv	ToneDeafMonk	711	in-ear	1
CVJ Mei (on-on)	in-ear/CVJ Mei (on-on).csv	ToneDeafMonk	711	in-ear	1
CVJ Mermaid II	in-ear/CVJ Mermaid II.csv	ToneDeafMonk	711	in-ear	1
CVJ ShadowBlade (black nozzle)	in-ear/CVJ ShadowBlade (black nozzle) (ToneDeafMonk).csv	ToneDeafMonk	711	in-ear	1
CVJ ShadowBlade (gold nozzle)	in-ear/CVJ ShadowBlade (gold nozzle) (ToneDeafMonk).csv	ToneDeafMonk	711	in-ear	1
CVJ ShadowBlade (silver nozzle)	in-ear/CVJ ShadowBlade (silver nozzle).csv	ToneDeafMonk	711	in-ear	1
CVJ TXS (off-off)	in-ear/CVJ TXS (off-off).csv	ToneDeafMonk	711	in-ear	1
CVJ TXS (off-on)	in-ear/CVJ TXS (off-on).csv	ToneDeafMonk	711	in-ear	1
CVJ TXS (on-on)	in-ear/CVJ TXS (on-on).csv	ToneDeafMonk	711	in-ear	1
CVJ Yakumi	in-ear/CVJ Yakumi.csv	ToneDeafMonk	711	in-ear	1
ddHiFi Janus3	in-ear/ddHiFi Janus3.csv	ToneDeafMonk	711	in-ear	1
ddHiFi Surface	in-ear/ddHiFi Surface.csv	ToneDeafMonk	711	in-ear	1
Dita Audio Mecha	in-ear/Dita Audio Mecha (ToneDeafMonk).csv	ToneDeafMonk	711	in-ear	1
Dita Audio Prelude	in-ear/Dita Audio Prelude.csv	ToneDeafMonk	711	in-ear	1
Dita Audio Project M (foam eartips)	in-ear/Dita Audio Project M (foam eartips).csv	ToneDeafMonk	711	in-ear	1
Dita Audio Project M (silicone eartips)	in-ear/Dita Audio Project M (silicone eartips).csv	ToneDeafMonk	711	in-ear	1
DUNU Falcon Ultra (blue nozzle)	in-ear/DUNU Falcon Ultra (blue nozzle) (ToneDeafMonk).csv	ToneDeafMonk	711	in-ear	1
DUNU Falcon Ultra (brass nozzle)	in-ear/DUNU Falcon Ultra (brass nozzle).csv	ToneDeafMonk	711	in-ear	1
DUNU SA6 MK2 (Atmospheric Immersion mode)	in-ear/DUNU SA6 MK2 (Atmospheric Immersion mode) (ToneDeafMonk).csv	ToneDeafMonk	711	in-ear	1
DUNU SA6 MK2 (default mode)	in-ear/DUNU SA6 MK2 (default mode) (ToneDeafMonk).csv	ToneDeafMonk	711	in-ear	1
DUNU Titan S2	in-ear/DUNU Titan S2 (ToneDeafMonk).csv	ToneDeafMonk	711	in-ear	1
DUNU Vulkan	in-ear/DUNU Vulkan (ToneDeafMonk).csv	ToneDeafMonk	711	in-ear	1
DUNU x Gizaudio DaVinci	in-ear/DUNU x Gizaudio DaVinci (ToneDeafMonk).csv	ToneDeafMonk	711	in-ear	1
ECCI YST-02	in-ear/ECCI YST-02 (ToneDeafMonk).csv	ToneDeafMonk	711	in-ear	1
Effect Audio Agea (foam eartips)	in-ear/Effect Audio Agea (foam eartips).csv	ToneDeafMonk	711	in-ear	1
Elysian Pilgrim (foam eartips)	in-ear/Elysian Pilgrim (foam eartips).csv	ToneDeafMonk	711	in-ear	1
Elysian Pilgrim	in-ear/Elysian Pilgrim (ToneDeafMonk).csv	ToneDeafMonk	711	in-ear	1
Empire Ears Legend EVO	in-ear/Empire Ears Legend EVO (ToneDeafMonk).csv	ToneDeafMonk	711	in-ear	1
Empire Ears Triton	in-ear/Empire Ears Triton (ToneDeafMonk).csv	ToneDeafMonk	711	in-ear	1
EPZ 320	in-ear/EPZ 320.csv	ToneDeafMonk	711	in-ear	1
EPZ 530	in-ear/EPZ 530 (ToneDeafMonk).csv	ToneDeafMonk	711	in-ear	1
EPZ G10	in-ear/EPZ G10 (ToneDeafMonk).csv	ToneDeafMonk	711	in-ear	1
EPZ K5	in-ear/EPZ K5 (ToneDeafMonk).csv	ToneDeafMonk	711	in-ear	1
EPZ K9	in-ear/EPZ K9 (ToneDeafMonk).csv	ToneDeafMonk	711	in-ear	1
EPZ P50	in-ear/EPZ P50 (ToneDeafMonk).csv	ToneDeafMonk	711	in-ear	1
EPZ Q1 Pro	in-ear/EPZ Q1 Pro (ToneDeafMonk).csv	ToneDeafMonk	711	in-ear	1
EPZ Q5 Pro	in-ear/EPZ Q5 Pro (ToneDeafMonk).csv	ToneDeafMonk	711	in-ear	1
EPZ Q5	in-ear/EPZ Q5 (ToneDeafMonk).csv	ToneDeafMonk	711	in-ear	1
EPZ x Tipsy Star & One	in-ear/EPZ x Tipsy Star & One (ToneDeafMonk).csv	ToneDeafMonk	711	in-ear	1
FAAEAL Tulip	in-ear/FAAEAL Tulip.csv	ToneDeafMonk	711	in-ear	1
Fatfreq Scarlet Mini	in-ear/Fatfreq Scarlet Mini (ToneDeafMonk).csv	ToneDeafMonk	711	in-ear	1
Fatfreq x HBB Deuce	in-ear/Fatfreq x HBB Deuce (ToneDeafMonk).csv	ToneDeafMonk	711	in-ear	1
FiiO FH5s	in-ear/FiiO FH5s.csv	ToneDeafMonk	711	in-ear	1
Fir Audio Xenon 6	in-ear/Fir Audio Xenon 6 (ToneDeafMonk).csv	ToneDeafMonk	711	in-ear	1
Gaudio Tödi	in-ear/Gaudio Tödi.csv	ToneDeafMonk	711	in-ear	1
GS Audio SE12	in-ear/GS Audio SE12.csv	ToneDeafMonk	711	in-ear	1
HiBy x FAudio Project Ace	in-ear/HiBy x FAudio Project Ace (ToneDeafMonk).csv	ToneDeafMonk	711	in-ear	1
HiBy XENO	in-ear/HiBy XENO.csv	ToneDeafMonk	711	in-ear	1
HiBy Yacht 10	in-ear/HiBy Yacht 10 (ToneDeafMonk).csv	ToneDeafMonk	711	in-ear	1
HiBy Yves	in-ear/HiBy Yves.csv	ToneDeafMonk	711	in-ear	1
Hidizs MS5 (red nozzle)	in-ear/Hidizs MS5 (red nozzle) (ToneDeafMonk).csv	ToneDeafMonk	711	in-ear	1
Hidizs MS5 (rosegold nozzle)	in-ear/Hidizs MS5 (rosegold nozzle) (ToneDeafMonk).csv	ToneDeafMonk	711	in-ear	1
Hidizs MS5 (silver nozzle)	in-ear/Hidizs MS5 (silver nozzle) (ToneDeafMonk).csv	ToneDeafMonk	711	in-ear	1
Hisenior Mega 5 EST	in-ear/Hisenior Mega 5 EST (ToneDeafMonk).csv	ToneDeafMonk	711	in-ear	1
Hisenior Mega5P	in-ear/Hisenior Mega5P.csv	ToneDeafMonk	711	in-ear	1
Hisenior Okavango (off-off)	in-ear/Hisenior Okavango (off-off) (ToneDeafMonk).csv	ToneDeafMonk	711	in-ear	1
Hisenior Okavango (off-on)	in-ear/Hisenior Okavango (off-on) (ToneDeafMonk).csv	ToneDeafMonk	711	in-ear	1
Hisenior Okavango (on-off)	in-ear/Hisenior Okavango (on-off) (ToneDeafMonk).csv	ToneDeafMonk	711	in-ear	1
Hisenior Okavango (on-on)	in-ear/Hisenior Okavango (on-on) (ToneDeafMonk).csv	ToneDeafMonk	711	in-ear	1
Hisenior T2U	in-ear/Hisenior T2U.csv	ToneDeafMonk	711	in-ear	1
Hisenior T4 (off-off)	in-ear/Hisenior T4 (off-off).csv	ToneDeafMonk	711	in-ear	1
Hisenior T4 (off-on)	in-ear/Hisenior T4 (off-on).csv	ToneDeafMonk	711	in-ear	1
Hisenior T4 (on-off)	in-ear/Hisenior T4 (on-off).csv	ToneDeafMonk	711	in-ear	1
Hisenior T4 (on-on)	in-ear/Hisenior T4 (on-on).csv	ToneDeafMonk	711	in-ear	1
HZSOUND LUNA	in-ear/HZSOUND LUNA.csv	ToneDeafMonk	711	in-ear	1
HZSOUND White Snow	in-ear/HZSOUND White Snow.csv	ToneDeafMonk	711	in-ear	1
iBasso 3T-154	in-ear/iBasso 3T-154.csv	ToneDeafMonk	711	in-ear	1
iBasso Jr. KLEE	in-ear/iBasso Jr. KLEE.csv	ToneDeafMonk	711	in-ear	1
Ice Lab Prismatica	in-ear/Ice Lab Prismatica.csv	ToneDeafMonk	711	in-ear	1
IKKO OH10	in-ear/IKKO OH10 (ToneDeafMonk).csv	ToneDeafMonk	711	in-ear	1
InAwaken Dawn	in-ear/InAwaken Dawn.csv	ToneDeafMonk	711	in-ear	1
IO Audio Volare	in-ear/IO Audio Volare (ToneDeafMonk).csv	ToneDeafMonk	711	in-ear	1
ISN AUDIO H50	in-ear/ISN AUDIO H50.csv	ToneDeafMonk	711	in-ear	1
ISN AUDIO Neo 1	in-ear/ISN AUDIO Neo 1.csv	ToneDeafMonk	711	in-ear	1
ISN AUDIO Neo 5	in-ear/ISN AUDIO Neo 5.csv	ToneDeafMonk	711	in-ear	1
ivipQ Q-09 Phoenixia	in-ear/ivipQ Q-09 Phoenixia.csv	ToneDeafMonk	711	in-ear	1
Jialai Carat	in-ear/Jialai Carat.csv	ToneDeafMonk	711	in-ear	1
Juzear 41T	in-ear/Juzear 41T (ToneDeafMonk).csv	ToneDeafMonk	711	in-ear	1
Juzear 61T	in-ear/Juzear 61T (ToneDeafMonk).csv	ToneDeafMonk	711	in-ear	1
Juzear 81T	in-ear/Juzear 81T (ToneDeafMonk).csv	ToneDeafMonk	711	in-ear	1
Juzear Clear	in-ear/Juzear Clear (ToneDeafMonk).csv	ToneDeafMonk	711	in-ear	1
Juzear x Z Reviews Defiant	in-ear/Juzear x Z Reviews Defiant (ToneDeafMonk).csv	ToneDeafMonk	711	in-ear	1
KBEAR KB02	in-ear/KBEAR KB02 (ToneDeafMonk).csv	ToneDeafMonk	711	in-ear	1
KBEAR Rosefinch	in-ear/KBEAR Rosefinch (ToneDeafMonk).csv	ToneDeafMonk	711	in-ear	1
KEFINE Delci AE (gold nozzle)	in-ear/KEFINE Delci AE (gold nozzle) (ToneDeafMonk).csv	ToneDeafMonk	711	in-ear	1
KEFINE Delci AE (silver nozzle)	in-ear/KEFINE Delci AE (silver nozzle) (ToneDeafMonk).csv	ToneDeafMonk	711	in-ear	1
KEFINE Delci	in-ear/KEFINE Delci (ToneDeafMonk).csv	ToneDeafMonk	711	in-ear	1
KEFINE Klean (black filter)	in-ear/KEFINE Klean (black filter) (ToneDeafMonk).csv	ToneDeafMonk	711	in-ear	1
KEFINE Klean (silver filter)	in-ear/KEFINE Klean (silver filter) (ToneDeafMonk).csv	ToneDeafMonk	711	in-ear	1
KEFINE Quatio (black nozzle)	in-ear/KEFINE Quatio (black nozzle) (ToneDeafMonk).csv	ToneDeafMonk	711	in-ear	1
KEFINE Quatio (gold nozzle)	in-ear/KEFINE Quatio (gold nozzle) (ToneDeafMonk).csv	ToneDeafMonk	711	in-ear	1
KEFINE Quatio (silver nozzle)	in-ear/KEFINE Quatio (silver nozzle) (ToneDeafMonk).csv	ToneDeafMonk	711	in-ear	1
Kinera Celest Phoenixcall	in-ear/Kinera Celest Phoenixcall (ToneDeafMonk).csv	ToneDeafMonk	711	in-ear	1
Kinera Celest Plutus Beast	in-ear/Kinera Celest Plutus Beast (ToneDeafMonk).csv	ToneDeafMonk	711	in-ear	1
Kinera Celest Wyvern Pro	in-ear/Kinera Celest Wyvern Pro (ToneDeafMonk).csv	ToneDeafMonk	711	in-ear	1
Kinera Celest Wyvern Qing	in-ear/Kinera Celest Wyvern Qing (ToneDeafMonk).csv	ToneDeafMonk	711	in-ear	1
Kinera Celest Yaksha	in-ear/Kinera Celest Yaksha (ToneDeafMonk).csv	ToneDeafMonk	711	in-ear	1
Kinera Freya 2.0	in-ear/Kinera Freya 2.0 (ToneDeafMonk).csv	ToneDeafMonk	711	in-ear	1
Kinera Imperial Loki	in-ear/Kinera Imperial Loki.csv	ToneDeafMonk	711	in-ear	1
Kinera Verdandi	in-ear/Kinera Verdandi (ToneDeafMonk).csv	ToneDeafMonk	711	in-ear	1
Kiwi Ears Aether	in-ear/Kiwi Ears Aether (ToneDeafMonk).csv	ToneDeafMonk	711	in-ear	1
Kiwi Ears Airoso	in-ear/Kiwi Ears Airoso (ToneDeafMonk).csv	ToneDeafMonk	711	in-ear	1
Kiwi Ears Cadenza	in-ear/Kiwi Ears Cadenza (ToneDeafMonk).csv	ToneDeafMonk	711	in-ear	1
Kiwi Ears Dolce	in-ear/Kiwi Ears Dolce (ToneDeafMonk).csv	ToneDeafMonk	711	in-ear	1
Kiwi Ears Forteza	in-ear/Kiwi Ears Forteza (ToneDeafMonk).csv	ToneDeafMonk	711	in-ear	1
Kiwi Ears Melody	in-ear/Kiwi Ears Melody (ToneDeafMonk).csv	ToneDeafMonk	711	in-ear	1
Kiwi Ears Quartet (off-off)	in-ear/Kiwi Ears Quartet (off-off) (ToneDeafMonk).csv	ToneDeafMonk	711	in-ear	1
Kiwi Ears Quartet (off-on)	in-ear/Kiwi Ears Quartet (off-on) (ToneDeafMonk).csv	ToneDeafMonk	711	in-ear	1
Kiwi Ears Quartet (on-off)	in-ear/Kiwi Ears Quartet (on-off) (ToneDeafMonk).csv	ToneDeafMonk	711	in-ear	1
Kiwi Ears Quartet (on-on)	in-ear/Kiwi Ears Quartet (on-on) (ToneDeafMonk).csv	ToneDeafMonk	711	in-ear	1
Kiwi Ears Quintet	in-ear/Kiwi Ears Quintet (ToneDeafMonk).csv	ToneDeafMonk	711	in-ear	1
Kiwi Ears Septet	in-ear/Kiwi Ears Septet (ToneDeafMonk).csv	ToneDeafMonk	711	in-ear	1
Kotori Vampire	in-ear/Kotori Vampire.csv	ToneDeafMonk	711	in-ear	1
Kotori Zephyr	in-ear/Kotori Zephyr.csv	ToneDeafMonk	711	in-ear	1
KZ Castor (off-off-off-off)	in-ear/KZ Castor (off-off-off-off) (ToneDeafMonk).csv	ToneDeafMonk	711	in-ear	1
KZ Castor (off-off-on-off)	in-ear/KZ Castor (off-off-on-off) (ToneDeafMonk).csv	ToneDeafMonk	711	in-ear	1
KZ Castor (off-off-on-on)	in-ear/KZ Castor (off-off-on-on) (ToneDeafMonk).csv	ToneDeafMonk	711	in-ear	1
KZ Castor (on-off-off-off)	in-ear/KZ Castor (on-off-off-off) (ToneDeafMonk).csv	ToneDeafMonk	711	in-ear	1
KZ Castor (on-on-off-off)	in-ear/KZ Castor (on-on-off-off) (ToneDeafMonk).csv	ToneDeafMonk	711	in-ear	1
KZ Castor (on-on-on-on)	in-ear/KZ Castor (on-on-on-on) (ToneDeafMonk).csv	ToneDeafMonk	711	in-ear	1
KZ Castor Improved Bass Version (off-off-off-on)	in-ear/KZ Castor Improved Bass Version (off-off-off-on).csv	ToneDeafMonk	711	in-ear	1
KZ Castor Improved Bass Version (off-off-on-off)	in-ear/KZ Castor Improved Bass Version (off-off-on-off).csv	ToneDeafMonk	711	in-ear	1
KZ Castor Improved Bass Version (off-off-on-on)	in-ear/KZ Castor Improved Bass Version (off-off-on-on).csv	ToneDeafMonk	711	in-ear	1
KZ Castor Improved Bass Version (off-on-on-on)	in-ear/KZ Castor Improved Bass Version (off-on-on-on).csv	ToneDeafMonk	711	in-ear	1
KZ Castor Improved Bass Version (on-off-off-off)	in-ear/KZ Castor Improved Bass Version (on-off-off-off).csv	ToneDeafMonk	711	in-ear	1
KZ Castor Improved Bass Version (on-on-off-off)	in-ear/KZ Castor Improved Bass Version (on-on-off-off).csv	ToneDeafMonk	711	in-ear	1
KZ Castor Improved Bass Version (on-on-on-on)	in-ear/KZ Castor Improved Bass Version (on-on-on-on).csv	ToneDeafMonk	711	in-ear	1
KZ D-FI (off-off-off-off)	in-ear/KZ D-FI (off-off-off-off) (ToneDeafMonk).csv	ToneDeafMonk	711	in-ear	1
KZ D-FI (on-off-off-off)	in-ear/KZ D-FI (on-off-off-off) (ToneDeafMonk).csv	ToneDeafMonk	711	in-ear	1
KZ D-FI (on-on-off-off)	in-ear/KZ D-FI (on-on-off-off) (ToneDeafMonk).csv	ToneDeafMonk	711	in-ear	1
KZ D-FI (on-on-on-off)	in-ear/KZ D-FI (on-on-on-off) (ToneDeafMonk).csv	ToneDeafMonk	711	in-ear	1
KZ D-FI (on-on-on-on)	in-ear/KZ D-FI (on-on-on-on) (ToneDeafMonk).csv	ToneDeafMonk	711	in-ear	1
KZ EDXS	in-ear/KZ EDXS (ToneDeafMonk).csv	ToneDeafMonk	711	in-ear	1
KZ Lin Long	in-ear/KZ Lin Long.csv	ToneDeafMonk	711	in-ear	1
KZ PR1 Pro	in-ear/KZ PR1 Pro (ToneDeafMonk).csv	ToneDeafMonk	711	in-ear	1
KZ PR3	in-ear/KZ PR3 (ToneDeafMonk).csv	ToneDeafMonk	711	in-ear	1
KZ Symphony	in-ear/KZ Symphony (ToneDeafMonk).csv	ToneDeafMonk	711	in-ear	1
KZ x HBB PR2	in-ear/KZ x HBB PR2 (ToneDeafMonk).csv	ToneDeafMonk	711	in-ear	1
KZ ZS10 Pro 2 (on-off-off-off)	in-ear/KZ ZS10 Pro 2 (on-off-off-off) (ToneDeafMonk).csv	ToneDeafMonk	711	in-ear	1
KZ ZS10 Pro 2 (on-on-off-off)	in-ear/KZ ZS10 Pro 2 (on-on-off-off) (ToneDeafMonk).csv	ToneDeafMonk	711	in-ear	1
KZ ZS10 Pro 2 (on-on-on-off)	in-ear/KZ ZS10 Pro 2 (on-on-on-off) (ToneDeafMonk).csv	ToneDeafMonk	711	in-ear	1
KZ ZS10 Pro 2 (on-on-on-on)	in-ear/KZ ZS10 Pro 2 (on-on-on-on) (ToneDeafMonk).csv	ToneDeafMonk	711	in-ear	1
KZ ZS12 PRO X	in-ear/KZ ZS12 PRO X.csv	ToneDeafMonk	711	in-ear	1
KZ ZVX	in-ear/KZ ZVX (ToneDeafMonk).csv	ToneDeafMonk	711	in-ear	1
Linsoul x THOR Mjölnir MKII	in-ear/Linsoul x THOR Mjölnir MKII.csv	ToneDeafMonk	711	in-ear	1
Meyer Audio SLIIVO SLT6 (off-off)	in-ear/Meyer Audio SLIIVO SLT6 (off-off).csv	ToneDeafMonk	711	in-ear	1
Meyer Audio SLIIVO SLT6 (off-on)	in-ear/Meyer Audio SLIIVO SLT6 (off-on).csv	ToneDeafMonk	711	in-ear	1
Meyer Audio SLIIVO SLT6 (on-off)	in-ear/Meyer Audio SLIIVO SLT6 (on-off).csv	ToneDeafMonk	711	in-ear	1
Meyer Audio SLIIVO SLT6 (on-on)	in-ear/Meyer Audio SLIIVO SLT6 (on-on).csv	ToneDeafMonk	711	in-ear	1
Meze Advar	in-ear/Meze Advar (ToneDeafMonk).csv	ToneDeafMonk	711	in-ear	1
Moondrop Chu 2	in-ear/Moondrop Chu 2 (ToneDeafMonk).csv	ToneDeafMonk	711	in-ear	1
Moondrop Chu	in-ear/Moondrop Chu (ToneDeafMonk).csv	ToneDeafMonk	711	in-ear	1
MYER-AUDIO CKLVX CK2V	in-ear/MYER-AUDIO CKLVX CK2V.csv	ToneDeafMonk	711	in-ear	1
MYER-AUDIO CKLVX D41	in-ear/MYER-AUDIO CKLVX D41.csv	ToneDeafMonk	711	in-ear	1
MYER-AUDIO CKLVX D62	in-ear/MYER-AUDIO CKLVX D62 (ToneDeafMonk).csv	ToneDeafMonk	711	in-ear	1
MYER-AUDIO SLIIVO SL224	in-ear/MYER-AUDIO SLIIVO SL224.csv	ToneDeafMonk	711	in-ear	1
MYER-AUDIO SLIIVO SL41 MKII	in-ear/MYER-AUDIO SLIIVO SL41 MKII.csv	ToneDeafMonk	711	in-ear	1
MYER-AUDIO SLIIVO SL41	in-ear/MYER-AUDIO SLIIVO SL41.csv	ToneDeafMonk	711	in-ear	1
MYER-AUDIO SLIIVO SLA3	in-ear/MYER-AUDIO SLIIVO SLA3.csv	ToneDeafMonk	711	in-ear	1
MYER-AUDIO SLIIVO SLT6 (off-off)	in-ear/MYER-AUDIO SLIIVO SLT6 (off-off).csv	ToneDeafMonk	711	in-ear	1
MYER-AUDIO SLIIVO SLT6 (off-on)	in-ear/MYER-AUDIO SLIIVO SLT6 (off-on).csv	ToneDeafMonk	711	in-ear	1
MYER-AUDIO SLIIVO SLT6 (on-off)	in-ear/MYER-AUDIO SLIIVO SLT6 (on-off).csv	ToneDeafMonk	711	in-ear	1
MYER-AUDIO SLIIVO SLT6 (on-on)	in-ear/MYER-AUDIO SLIIVO SLT6 (on-on).csv	ToneDeafMonk	711	in-ear	1
ND Planet	in-ear/ND Planet (ToneDeafMonk).csv	ToneDeafMonk	711	in-ear	1
ND Venus	in-ear/ND Venus.csv	ToneDeafMonk	711	in-ear	1
NF ACOUS NA20	in-ear/NF ACOUS NA20.csv	ToneDeafMonk	711	in-ear	1
NF ACOUS NE4 (clear faceplate)	in-ear/NF ACOUS NE4 (clear faceplate).csv	ToneDeafMonk	711	in-ear	1
NF ACOUS NE4 (grey faceplate)	in-ear/NF ACOUS NE4 (grey faceplate).csv	ToneDeafMonk	711	in-ear	1
NF ACOUS NE4 (red faceplate)	in-ear/NF ACOUS NE4 (red faceplate).csv	ToneDeafMonk	711	in-ear	1
NF ACOUS NE4 (transparent blue faceplate)	in-ear/NF ACOUS NE4 (transparent blue faceplate).csv	ToneDeafMonk	711	in-ear	1
NF ACOUS NF2u	in-ear/NF ACOUS NF2u.csv	ToneDeafMonk	711	in-ear	1
NF ACOUS NM20	in-ear/NF ACOUS NM20 (ToneDeafMonk).csv	ToneDeafMonk	711	in-ear	1
NF ACOUS RA15 (gold nozzle)	in-ear/NF ACOUS RA15 (gold nozzle) (ToneDeafMonk).csv	ToneDeafMonk	711	in-ear	1
NF ACOUS RA15 (silver nozzle)	in-ear/NF ACOUS RA15 (silver nozzle) (ToneDeafMonk).csv	ToneDeafMonk	711	in-ear	1
NF ACOUS RG15	in-ear/NF ACOUS RG15.csv	ToneDeafMonk	711	in-ear	1
NiceHCK DB2	in-ear/NiceHCK DB2 (ToneDeafMonk).csv	ToneDeafMonk	711	in-ear	1
NiceHCK F1 Pro	in-ear/NiceHCK F1 Pro (ToneDeafMonk).csv	ToneDeafMonk	711	in-ear	1
NiceHCK Himalaya (black filter)	in-ear/NiceHCK Himalaya (black filter).csv	ToneDeafMonk	711	in-ear	1
NiceHCK Himalaya (blue filter)	in-ear/NiceHCK Himalaya (blue filter) (ToneDeafMonk).csv	ToneDeafMonk	711	in-ear	1
NiceHCK Himalaya (brass filter)	in-ear/NiceHCK Himalaya (brass filter).csv	ToneDeafMonk	711	in-ear	1
NiceHCK NX8	in-ear/NiceHCK NX8 (ToneDeafMonk).csv	ToneDeafMonk	711	in-ear	1
Noble Audio Knight	in-ear/Noble Audio Knight (ToneDeafMonk).csv	ToneDeafMonk	711	in-ear	1
Oriolus Szalayi	in-ear/Oriolus Szalayi.csv	ToneDeafMonk	711	in-ear	1
Oriveti bleqk Lowmaster	in-ear/Oriveti bleqk Lowmaster (ToneDeafMonk).csv	ToneDeafMonk	711	in-ear	1
Oriveti Dynabird	in-ear/Oriveti Dynabird (ToneDeafMonk).csv	ToneDeafMonk	711	in-ear	1
Oriveti OD100	in-ear/Oriveti OD100 (ToneDeafMonk).csv	ToneDeafMonk	711	in-ear	1
Oriveti OD200 (black nozzle)	in-ear/Oriveti OD200 (black nozzle).csv	ToneDeafMonk	711	in-ear	1
Oriveti OD200 (silver nozzle)	in-ear/Oriveti OD200 (silver nozzle).csv	ToneDeafMonk	711	in-ear	1
Oriveti OH700VB (bass switch off)	in-ear/Oriveti OH700VB (bass switch off) (ToneDeafMonk).csv	ToneDeafMonk	711	in-ear	1
Oriveti OH700VB (bass switch on)	in-ear/Oriveti OH700VB (bass switch on) (ToneDeafMonk).csv	ToneDeafMonk	711	in-ear	1
Penon 10th Anniversary IEM	in-ear/Penon 10th Anniversary IEM.csv	ToneDeafMonk	711	in-ear	1
Penon DOME	in-ear/Penon DOME.csv	ToneDeafMonk	711	in-ear	1
Penon Fan 2	in-ear/Penon Fan 2 (ToneDeafMonk).csv	ToneDeafMonk	711	in-ear	1
Penon IMPACT	in-ear/Penon IMPACT.csv	ToneDeafMonk	711	in-ear	1
Penon QUATTRO	in-ear/Penon QUATTRO.csv	ToneDeafMonk	711	in-ear	1
Penon Turbo (off, off-off-on)	in-ear/Penon Turbo (off, off-off-on).csv	ToneDeafMonk	711	in-ear	1
Penon Turbo (off, off-on-off)	in-ear/Penon Turbo (off, off-on-off).csv	ToneDeafMonk	711	in-ear	1
Penon Turbo (off, off-on-on)	in-ear/Penon Turbo (off, off-on-on).csv	ToneDeafMonk	711	in-ear	1
Penon Turbo (off, on-off-off)	in-ear/Penon Turbo (off, on-off-off).csv	ToneDeafMonk	711	in-ear	1
Penon Turbo (off, on-off-on)	in-ear/Penon Turbo (off, on-off-on).csv	ToneDeafMonk	711	in-ear	1
Penon Turbo (off, on-on-off)	in-ear/Penon Turbo (off, on-on-off).csv	ToneDeafMonk	711	in-ear	1
Penon Turbo (off, on-on-on)	in-ear/Penon Turbo (off, on-on-on).csv	ToneDeafMonk	711	in-ear	1
Penon Turbo (on, off-off-off)	in-ear/Penon Turbo (on, off-off-off).csv	ToneDeafMonk	711	in-ear	1
Penon Turbo (on, off-off-on)	in-ear/Penon Turbo (on, off-off-on).csv	ToneDeafMonk	711	in-ear	1
Penon Turbo (on, off-on-on)	in-ear/Penon Turbo (on, off-on-on).csv	ToneDeafMonk	711	in-ear	1
Penon Turbo (on, on-off-off)	in-ear/Penon Turbo (on, on-off-off).csv	ToneDeafMonk	711	in-ear	1
Penon Turbo (on, on-off-on)	in-ear/Penon Turbo (on, on-off-on).csv	ToneDeafMonk	711	in-ear	1
Penon Turbo (on, on-on-off)	in-ear/Penon Turbo (on, on-on-off).csv	ToneDeafMonk	711	in-ear	1
Penon Turbo (on, on-on-on)	in-ear/Penon Turbo (on, on-on-on).csv	ToneDeafMonk	711	in-ear	1
Plunge Audio Unity IEM	in-ear/Plunge Audio Unity IEM (ToneDeafMonk).csv	ToneDeafMonk	711	in-ear	1
PULA Anvil 114	in-ear/PULA Anvil 114 (ToneDeafMonk).csv	ToneDeafMonk	711	in-ear	1
PULA PA01	in-ear/PULA PA01.csv	ToneDeafMonk	711	in-ear	1
PULA PA02	in-ear/PULA PA02 (ToneDeafMonk).csv	ToneDeafMonk	711	in-ear	1
Punch Audio Martilo	in-ear/Punch Audio Martilo (ToneDeafMonk).csv	ToneDeafMonk	711	in-ear	1
QKZ x HBB Khan	in-ear/QKZ x HBB Khan (ToneDeafMonk).csv	ToneDeafMonk	711	in-ear	1
Queen of Audio Aviation	in-ear/Queen of Audio Aviation.csv	ToneDeafMonk	711	in-ear	1
Queen of Audio Mimosa	in-ear/Queen of Audio Mimosa (ToneDeafMonk).csv	ToneDeafMonk	711	in-ear	1
RevoNext RH-213 Plus	in-ear/RevoNext RH-213 Plus.csv	ToneDeafMonk	711	in-ear	1
Rose Technics Aurora Ultra	in-ear/Rose Technics Aurora Ultra (ToneDeafMonk).csv	ToneDeafMonk	711	in-ear	1
Shanling ME600 (black nozzle)	in-ear/Shanling ME600 (black nozzle).csv	ToneDeafMonk	711	in-ear	1
Shanling ME600 (clear nozzle)	in-ear/Shanling ME600 (clear nozzle).csv	ToneDeafMonk	711	in-ear	1
Shanling ME600 (red nozzle)	in-ear/Shanling ME600 (red nozzle).csv	ToneDeafMonk	711	in-ear	1
Shanling TINO (analog cable)	in-ear/Shanling TINO (analog cable).csv	ToneDeafMonk	711	in-ear	1
Shanling TINO (USB cable)	in-ear/Shanling TINO (USB cable).csv	ToneDeafMonk	711	in-ear	1
Shuoer Cadenza 12 2025 Edition	in-ear/Shuoer Cadenza 12 2025 Edition.csv	ToneDeafMonk	711	in-ear	1
Shuoer Cadenza 12	in-ear/Shuoer Cadenza 12 (ToneDeafMonk).csv	ToneDeafMonk	711	in-ear	1
Shuoer Cadenza 4	in-ear/Shuoer Cadenza 4 (ToneDeafMonk).csv	ToneDeafMonk	711	in-ear	1
Shuoer Conductor	in-ear/Shuoer Conductor.csv	ToneDeafMonk	711	in-ear	1
Shuoer Dx1	in-ear/Shuoer Dx1 (ToneDeafMonk).csv	ToneDeafMonk	711	in-ear	1
Shuoer DZ4	in-ear/Shuoer DZ4 (ToneDeafMonk).csv	ToneDeafMonk	711	in-ear	1
Shuoer EJ07	in-ear/Shuoer EJ07 (ToneDeafMonk).csv	ToneDeafMonk	711	in-ear	1
Shuoer EJ07M	in-ear/Shuoer EJ07M (ToneDeafMonk).csv	ToneDeafMonk	711	in-ear	1
Shuoer EJ09	in-ear/Shuoer EJ09.csv	ToneDeafMonk	711	in-ear	1
Shuoer Galileo	in-ear/Shuoer Galileo (ToneDeafMonk).csv	ToneDeafMonk	711	in-ear	1
Shuoer Mystic 8	in-ear/Shuoer Mystic 8 (ToneDeafMonk).csv	ToneDeafMonk	711	in-ear	1
Shuoer S08	in-ear/Shuoer S08 (ToneDeafMonk).csv	ToneDeafMonk	711	in-ear	1
Shuoer S12 2024 Special Edition	in-ear/Shuoer S12 2024 Special Edition.csv	ToneDeafMonk	711	in-ear	1
Shuoer S12	in-ear/Shuoer S12 (ToneDeafMonk).csv	ToneDeafMonk	711	in-ear	1
Shuoer Soloist	in-ear/Shuoer Soloist.csv	ToneDeafMonk	711	in-ear	1
Simgot Audio EA1000 (black nozzle)	in-ear/Simgot Audio EA1000 (black nozzle) (ToneDeafMonk).csv	ToneDeafMonk	711	in-ear	1
Simgot Audio EA1000 (gold nozzle)	in-ear/Simgot Audio EA1000 (gold nozzle) (ToneDeafMonk).csv	ToneDeafMonk	711	in-ear	1
Simgot Audio EA1000 (red nozzle)	in-ear/Simgot Audio EA1000 (red nozzle) (ToneDeafMonk).csv	ToneDeafMonk	711	in-ear	1
Simgot Audio EA500 (red nozzle)	in-ear/Simgot Audio EA500 (red nozzle) (ToneDeafMonk).csv	ToneDeafMonk	711	in-ear	1
Simgot Audio EA500LM (black nozzle)	in-ear/Simgot Audio EA500LM (black nozzle) (ToneDeafMonk).csv	ToneDeafMonk	711	in-ear	1
Simgot Audio EA500LM (red nozzle)	in-ear/Simgot Audio EA500LM (red nozzle) (ToneDeafMonk).csv	ToneDeafMonk	711	in-ear	1
Simgot Audio EM10	in-ear/Simgot Audio EM10 (ToneDeafMonk).csv	ToneDeafMonk	711	in-ear	1
Simgot Audio EM6L	in-ear/Simgot Audio EM6L (ToneDeafMonk).csv	ToneDeafMonk	711	in-ear	1
Simgot Audio EW100P	in-ear/Simgot Audio EW100P (ToneDeafMonk).csv	ToneDeafMonk	711	in-ear	1
Simgot Audio EW200	in-ear/Simgot Audio EW200 (ToneDeafMonk).csv	ToneDeafMonk	711	in-ear	1
Simgot Audio SuperMix 4	in-ear/Simgot Audio SuperMix 4 (ToneDeafMonk).csv	ToneDeafMonk	711	in-ear	1
Sivga Que UTG	in-ear/Sivga Que UTG.csv	ToneDeafMonk	711	in-ear	1
Sivga Que	in-ear/Sivga Que (ToneDeafMonk).csv	ToneDeafMonk	711	in-ear	1
SoftEars Twilight	in-ear/SoftEars Twilight (ToneDeafMonk).csv	ToneDeafMonk	711	in-ear	1
SoftEars Volume S (high impedance)	in-ear/SoftEars Volume S (high impedance) (ToneDeafMonk).csv	ToneDeafMonk	711	in-ear	1
SoftEars Volume S (low impedance)	in-ear/SoftEars Volume S (low impedance) (ToneDeafMonk).csv	ToneDeafMonk	711	in-ear	1
Sony IER-M9	in-ear/Sony IER-M9 (ToneDeafMonk).csv	ToneDeafMonk	711	in-ear	1
Soratune YI01	in-ear/Soratune YI01.csv	ToneDeafMonk	711	in-ear	1
Sound Rhyme DTE900 (off-off)	in-ear/Sound Rhyme DTE900 (off-off).csv	ToneDeafMonk	711	in-ear	1
Sound Rhyme DTE900 (off-on)	in-ear/Sound Rhyme DTE900 (off-on).csv	ToneDeafMonk	711	in-ear	1
Sound Rhyme DTE900 (on-off)	in-ear/Sound Rhyme DTE900 (on-off).csv	ToneDeafMonk	711	in-ear	1
Sound Rhyme DTE900 (on-on)	in-ear/Sound Rhyme DTE900 (on-on).csv	ToneDeafMonk	711	in-ear	1
Sound Rhyme Prado (off-off)	in-ear/Sound Rhyme Prado (off-off).csv	ToneDeafMonk	711	in-ear	1
Sound Rhyme Prado (off-on)	in-ear/Sound Rhyme Prado (off-on).csv	ToneDeafMonk	711	in-ear	1
Sound Rhyme Prado (on-off)	in-ear/Sound Rhyme Prado (on-off).csv	ToneDeafMonk	711	in-ear	1
Sound Rhyme Prado (on-on)	in-ear/Sound Rhyme Prado (on-on).csv	ToneDeafMonk	711	in-ear	1
Sound Rhyme SR5	in-ear/Sound Rhyme SR5 (ToneDeafMonk).csv	ToneDeafMonk	711	in-ear	1
Sound Rhyme SR7 (off-off)	in-ear/Sound Rhyme SR7 (off-off).csv	ToneDeafMonk	711	in-ear	1
Sound Rhyme SR7 (off-on)	in-ear/Sound Rhyme SR7 (off-on).csv	ToneDeafMonk	711	in-ear	1
Sound Rhyme SR7 (on-off)	in-ear/Sound Rhyme SR7 (on-off).csv	ToneDeafMonk	711	in-ear	1
Sound Rhyme SR7 (on-on)	in-ear/Sound Rhyme SR7 (on-on).csv	ToneDeafMonk	711	in-ear	1
Symphonium Audio Titan	in-ear/Symphonium Audio Titan (ToneDeafMonk).csv	ToneDeafMonk	711	in-ear	1
SymphonyEars Tetrad MK1	in-ear/SymphonyEars Tetrad MK1.csv	ToneDeafMonk	711	in-ear	1
Tanchjim Bunny (analog)	in-ear/Tanchjim Bunny (analog) (ToneDeafMonk).csv	ToneDeafMonk	711	in-ear	1
Tanchjim Bunny (USB)	in-ear/Tanchjim Bunny (USB) (ToneDeafMonk).csv	ToneDeafMonk	711	in-ear	1
Tanchjim Fission (USB cable)	in-ear/Tanchjim Fission (USB cable).csv	ToneDeafMonk	711	in-ear	1
Tanchjim One	in-ear/Tanchjim One (ToneDeafMonk).csv	ToneDeafMonk	711	in-ear	1
Tanchjim Origin (D nozzle)	in-ear/Tanchjim Origin (D nozzle) (ToneDeafMonk).csv	ToneDeafMonk	711	in-ear	1
Tanchjim Origin (L nozzle)	in-ear/Tanchjim Origin (L nozzle) (ToneDeafMonk).csv	ToneDeafMonk	711	in-ear	1
Tanchjim Origin (S nozzle)	in-ear/Tanchjim Origin (S nozzle) (ToneDeafMonk).csv	ToneDeafMonk	711	in-ear	1
Tansio Mirai HALO	in-ear/Tansio Mirai HALO.csv	ToneDeafMonk	711	in-ear	1
Tansio Mirai RGB	in-ear/Tansio Mirai RGB.csv	ToneDeafMonk	711	in-ear	1
ThieAudio Hype 10	in-ear/ThieAudio Hype 10 (ToneDeafMonk).csv	ToneDeafMonk	711	in-ear	1
ThieAudio Monarch MKII	in-ear/ThieAudio Monarch MKII (ToneDeafMonk).csv	ToneDeafMonk	711	in-ear	1
ThieAudio Monarch MKIII	in-ear/ThieAudio Monarch MKIII (ToneDeafMonk).csv	ToneDeafMonk	711	in-ear	1
ThieAudio Oracle	in-ear/ThieAudio Oracle (ToneDeafMonk).csv	ToneDeafMonk	711	in-ear	1
Timsok TS-316	in-ear/Timsok TS-316.csv	ToneDeafMonk	711	in-ear	1
Tin HiFi C0	in-ear/Tin HiFi C0 (ToneDeafMonk).csv	ToneDeafMonk	711	in-ear	1
Tin HiFi C1	in-ear/Tin HiFi C1 (ToneDeafMonk).csv	ToneDeafMonk	711	in-ear	1
Tin HiFi C3 MKII	in-ear/Tin HiFi C3 MKII.csv	ToneDeafMonk	711	in-ear	1
Tin HiFi C3	in-ear/Tin HiFi C3 (ToneDeafMonk).csv	ToneDeafMonk	711	in-ear	1
Tin HiFi DUDU	in-ear/Tin HiFi DUDU (ToneDeafMonk).csv	ToneDeafMonk	711	in-ear	1
Tingker H6	in-ear/Tingker H6.csv	ToneDeafMonk	711	in-ear	1
TRI Draco	in-ear/TRI Draco.csv	ToneDeafMonk	711	in-ear	1
TRI i3 MK3	in-ear/TRI i3 MK3 (ToneDeafMonk).csv	ToneDeafMonk	711	in-ear	1
TRN Azure Dragon (Atmospheric Immersion)	in-ear/TRN Azure Dragon (Atmospheric Immersion).csv	ToneDeafMonk	711	in-ear	1
TRN Azure Dragon (Reference nozzle)	in-ear/TRN Azure Dragon (Reference nozzle).csv	ToneDeafMonk	711	in-ear	1
TRN Azure Dragon (Transparency nozzle)	in-ear/TRN Azure Dragon (Transparency nozzle).csv	ToneDeafMonk	711	in-ear	1
TRN BAX Pro (off-off-off)	in-ear/TRN BAX Pro (off-off-off).csv	ToneDeafMonk	711	in-ear	1
TRN BAX Pro (off-off-on)	in-ear/TRN BAX Pro (off-off-on).csv	ToneDeafMonk	711	in-ear	1
TRN BAX Pro (off-on-on)	in-ear/TRN BAX Pro (off-on-on).csv	ToneDeafMonk	711	in-ear	1
TRN BAX Pro (on-off-off)	in-ear/TRN BAX Pro (on-off-off).csv	ToneDeafMonk	711	in-ear	1
TRN BAX Pro (on-on-off)	in-ear/TRN BAX Pro (on-on-off).csv	ToneDeafMonk	711	in-ear	1
TRN BAX Pro (on-on-on)	in-ear/TRN BAX Pro (on-on-on).csv	ToneDeafMonk	711	in-ear	1
TRN Conch (black nozzle)	in-ear/TRN Conch (black nozzle) (ToneDeafMonk).csv	ToneDeafMonk	711	in-ear	1
TRN Conch (blue nozzle)	in-ear/TRN Conch (blue nozzle) (ToneDeafMonk).csv	ToneDeafMonk	711	in-ear	1
TRN Conch (red nozzle)	in-ear/TRN Conch (red nozzle) (ToneDeafMonk).csv	ToneDeafMonk	711	in-ear	1
TRN Jaws	in-ear/TRN Jaws.csv	ToneDeafMonk	711	in-ear	1
TRN Medusa	in-ear/TRN Medusa (ToneDeafMonk).csv	ToneDeafMonk	711	in-ear	1
TRN MT4 Pro	in-ear/TRN MT4 Pro.csv	ToneDeafMonk	711	in-ear	1
TRN MT4	in-ear/TRN MT4.csv	ToneDeafMonk	711	in-ear	1
TRN ORCA (off-off-off)	in-ear/TRN ORCA (off-off-off).csv	ToneDeafMonk	711	in-ear	1
TRN ORCA (off-off-on)	in-ear/TRN ORCA (off-off-on).csv	ToneDeafMonk	711	in-ear	1
TRN ORCA (off-on-on)	in-ear/TRN ORCA (off-on-on).csv	ToneDeafMonk	711	in-ear	1
TRN ORCA (on-off-off)	in-ear/TRN ORCA (on-off-off).csv	ToneDeafMonk	711	in-ear	1
TRN ORCA (on-off-on)	in-ear/TRN ORCA (on-off-on).csv	ToneDeafMonk	711	in-ear	1
TRN ORCA (on-on-off)	in-ear/TRN ORCA (on-on-off).csv	ToneDeafMonk	711	in-ear	1
TRN ORCA (on-on-on)	in-ear/TRN ORCA (on-on-on).csv	ToneDeafMonk	711	in-ear	1
TRN SHELL (black nozzle)	in-ear/TRN SHELL (black nozzle).csv	ToneDeafMonk	711	in-ear	1
TRN SHELL (green nozzle)	in-ear/TRN SHELL (green nozzle).csv	ToneDeafMonk	711	in-ear	1
TRN SHELL (red nozzle)	in-ear/TRN SHELL (red nozzle).csv	ToneDeafMonk	711	in-ear	1
TRN TA3	in-ear/TRN TA3.csv	ToneDeafMonk	711	in-ear	1
TRN TA4	in-ear/TRN TA4.csv	ToneDeafMonk	711	in-ear	1
TRN V10 PRO	in-ear/TRN V10 PRO.csv	ToneDeafMonk	711	in-ear	1
TRN V90 PRO	in-ear/TRN V90 PRO.csv	ToneDeafMonk	711	in-ear	1
TRN VX PRO+	in-ear/TRN VX PRO+.csv	ToneDeafMonk	711	in-ear	1
TRN White Tiger (black nozzle)	in-ear/TRN White Tiger (black nozzle).csv	ToneDeafMonk	711	in-ear	1
TRN White Tiger (green nozzle)	in-ear/TRN White Tiger (green nozzle).csv	ToneDeafMonk	711	in-ear	1
TRN White Tiger (red nozzle)	in-ear/TRN White Tiger (red nozzle).csv	ToneDeafMonk	711	in-ear	1
Truthear Hola	in-ear/Truthear Hola (ToneDeafMonk).csv	ToneDeafMonk	711	in-ear	1
Truthear x Crinacle Zero RED (Bass+)	in-ear/Truthear x Crinacle Zero RED (Bass+) (ToneDeafMonk).csv	ToneDeafMonk	711	in-ear	1
Truthear x Crinacle Zero RED	in-ear/Truthear x Crinacle Zero RED (ToneDeafMonk).csv	ToneDeafMonk	711	in-ear	1
Unique Melody MEST Mk2	in-ear/Unique Melody MEST Mk2 (ToneDeafMonk).csv	ToneDeafMonk	711	in-ear	1
Unique Melody Stardust	in-ear/Unique Melody Stardust (ToneDeafMonk).csv	ToneDeafMonk	711	in-ear	1
Vision Ears EXT MK II	in-ear/Vision Ears EXT MK II (ToneDeafMonk).csv	ToneDeafMonk	711	in-ear	1
Xenns Mangird Top	in-ear/Xenns Mangird Top (ToneDeafMonk).csv	ToneDeafMonk	711	in-ear	1
Xenns Mangrid Tea PRO	in-ear/Xenns Mangrid Tea PRO.csv	ToneDeafMonk	711	in-ear	1
Xenns UP	in-ear/Xenns UP (ToneDeafMonk).csv	ToneDeafMonk	711	in-ear	1
XSL X8	in-ear/XSL X8.csv	ToneDeafMonk	711	in-ear	1
Yanyin Canon (off-off-off)	in-ear/Yanyin Canon (off-off-off).csv	ToneDeafMonk	711	in-ear	1
Yanyin Canon (off-off-on)	in-ear/Yanyin Canon (off-off-on).csv	ToneDeafMonk	711	in-ear	1
Yanyin Canon (off-on-off)	in-ear/Yanyin Canon (off-on-off).csv	ToneDeafMonk	711	in-ear	1
Yanyin Canon (off-on-on)	in-ear/Yanyin Canon (off-on-on).csv	ToneDeafMonk	711	in-ear	1
Yanyin Canon (on-off-off)	in-ear/Yanyin Canon (on-off-off).csv	ToneDeafMonk	711	in-ear	1
Yanyin Canon 2 (off-off)	in-ear/Yanyin Canon 2 (off-off).csv	ToneDeafMonk	711	in-ear	1
Yanyin Canon 2 (off-on)	in-ear/Yanyin Canon 2 (off-on).csv	ToneDeafMonk	711	in-ear	1
Yanyin Canon 2 (on-off)	in-ear/Yanyin Canon 2 (on-off).csv	ToneDeafMonk	711	in-ear	1
Yanyin Canon 2 (on-on)	in-ear/Yanyin Canon 2 (on-on).csv	ToneDeafMonk	711	in-ear	1
ZiiGaat Cinno	in-ear/ZiiGaat Cinno (ToneDeafMonk).csv	ToneDeafMonk	711	in-ear	1
ZiiGaat Estrella	in-ear/ZiiGaat Estrella (ToneDeafMonk).csv	ToneDeafMonk	711	in-ear	1
ZiiGaat Nuo	in-ear/ZiiGaat Nuo (ToneDeafMonk).csv	ToneDeafMonk	711	in-ear	1
ZiiGaat Odyssey	in-ear/ZiiGaat Odyssey (ToneDeafMonk).csv	ToneDeafMonk	711	in-ear	1
ZiiGaat x Fresh Reviews Arete	in-ear/ZiiGaat x Fresh Reviews Arete (ToneDeafMonk).csv	ToneDeafMonk	711	in-ear	1
